review_group_id,decision,group_specific_reason,information_loss,remaining_uncertainty
v2_parent_neutralized:guest:1011276a67e9105f,accepted_as_operational,"IDs 1001 716 and 951 encode the same N-acetylphenylalanine covalent graph; the only structural difference entering this group is carboxylate versus carboxylic acid.","Carboxyl protonation and formal charge are removed by Uncharger.","No stereochemistry is encoded although the names include L D and unspecified forms; this review does not resolve enantiomer identity."
v2_parent_neutralized:guest:10466526f6cb6d15,accepted_as_operational,"Hexanoate ID 1007 and hexanoic acid ID 16 have the same six-carbon carboxyl skeleton and differ only at the carboxyl proton.","Carboxyl protonation and formal charge are removed.","Experimental protonation state remains unspecified."
v2_parent_neutralized:guest:105bf6f152ebd962,accepted_as_operational,"Pentanoate ID 566 and pentanoic acid ID 690 have the same five-carbon carboxyl skeleton and differ only at the carboxyl proton.","Carboxyl protonation and formal charge are removed.","Experimental protonation state remains unspecified."
v2_parent_neutralized:guest:1836fe23e48bc8bd,accepted_as_operational,"ID 1046 is the protonated amine form of the memantine connectivity encoded neutrally in ID 442.","Amine protonation and formal charge are removed.","The structures contain potential unassigned stereochemistry; no stereoisomer identity is confirmed."
v2_parent_neutralized:guest:1977ce822310ed20,accepted_as_operational,"Neutral acridine ID 674 and acridinium ID 722 retain the same fused-ring connectivity after deprotonation of ring nitrogen.","Ring-nitrogen protonation and formal charge are removed.","The measurement-specific protonation state is not established."
v2_parent_neutralized:guest:1b53e3ca6107e76a,uncertain,"IDs 333 and 812 encode 5-aminovaleric acid forms but ID 856 has the same one-amino five-carbon structure while its name says 2,4-diaminobutanoate; the name and structure disagree in amino count and chain assignment.","The operation removes ammonium and carboxylate protonation information and would place the name-conflicted ID in the same key.","The authoritative identity of ID 856 requires source correction or author adjudication."
v2_parent_neutralized:guest:1e0623726ca91eed,accepted_as_operational,"Adamantanamine ID 91; adamantylammonium ID 540; and the chloride salt ID 42 share the same adamantane carbon-nitrogen connectivity.","Amine protonation and the chloride counterion are removed.","Potential unassigned stereochemistry and the experimental salt form remain unresolved."
v2_parent_neutralized:guest:2b33f6c9dcb01790,accepted_as_operational,"Paraquat and methyl viologen entries encode the same permanent bipyridinium dication; IDs 587 and 92 differ only by iodide versus chloride and ID 381 omits counterions.","Chloride or iodide identity and counterion presence are removed.","The dication is retained; no claim is made that different salts are the same experimental species."
v2_parent_neutralized:guest:2cfa481ecc8bcb01,accepted_as_operational,"3-Phenylbutanoate ID 197 and 3-phenylbutyric acid ID 629 have the same carbon skeleton and differ at the carboxyl proton.","Carboxyl protonation and formal charge are removed.","The stereocenter is unspecified in both structures while the names mention R and S forms; enantiomer identity is unresolved."
v2_parent_neutralized:guest:324691540a3b7f01,accepted_as_operational,"IDs 411 and 419 contain the same permanent hexyltrimethylammonium cation with chloride versus bromide.","Halide identity is removed.","Salt-specific behavior is not represented."
v2_parent_neutralized:guest:3ac8e5ce5c21a3f5,accepted_as_operational,"Phenylacetate ID 1032 and phenylacetic acid ID 267 have identical phenylacetyl connectivity and differ only at the carboxyl proton.","Carboxyl protonation and formal charge are removed.","Experimental protonation state remains unspecified."
v2_parent_neutralized:guest:462dee117615c13b,accepted_as_operational,"Methylammonium chloride ID 370 and counterion-free methanaminium ID 87 share the methylammonium parent and both neutralize to methylamine.","Ammonium protonation and chloride presence are removed.","The key is a representation-level parent and does not establish the measured species."
v2_parent_neutralized:guest:61fb94ad96391779,accepted_as_operational,"Acetate ID 1026 and acetic acid ID 1059 differ only by the carboxyl proton.","Carboxyl protonation and formal charge are removed.","Experimental protonation state remains unspecified."
v2_parent_neutralized:guest:6726b17eed4ecb8d,accepted_as_operational,"Acetylcholine ID 301 and acetylcholine chloride ID 427 contain the same permanent quaternary ammonium cation.","Chloride presence is removed while the permanent positive charge is retained.","Salt-specific conditions are not represented."
v2_parent_neutralized:guest:705b62d130d95942,accepted_as_operational,"The two structures encode the same aspartic-acid carbon skeleton; ID 15 is monoanionic and ID 777 is the neutral diacid representation.","One carboxyl protonation state and formal charge are removed.","The names mention D L and 2S forms but neither structure specifies stereo; enantiomer identity is unresolved."
v2_parent_neutralized:guest:7060f436d4ffa289,accepted_as_operational,"Neutral lysine ID 178 and the protonated zwitterionic representation ID 619 have the same lysine connectivity.","Ammonium and carboxylate protonation pattern plus net charge are removed.","The alpha stereocenter is unspecified; L D and protonation-state claims in the names are not independently confirmed."
v2_parent_neutralized:guest:70cf1971b0ce32b4,accepted_as_operational,"Neutral p-xylylenediamine ID 355; the isolated dication ID 723; and its dichloride ID 546 share the same para-bis-methyleneamine connectivity.","Both amine protonation states and chloride counterions are removed.","The measured protonation and salt form remain unresolved."
v2_parent_neutralized:guest:73debee2898e15c6,accepted_as_operational,"4-Aminobutyric acid ID 172 and the zwitterionic gamma-aminobutanoate representation ID 696 have the same GABA connectivity.","Ammonium and carboxylate protonation pattern is removed.","The experimental microspecies is not established."
v2_parent_neutralized:guest:76f4491a73c627da,accepted_as_operational,"Proflavine ID 889 and protonated 3,6-diaminoacridinium ID 1039 retain the same diaminoacridine connectivity.","Ring-nitrogen protonation and formal charge are removed.","The experimental protonation state remains unspecified."
v2_parent_neutralized:guest:78e28ae76d114a6c,accepted_as_operational,"The two entries contain the same permanent 1-hexyl-3-methylimidazolium cation with chloride versus bromide.","Halide identity is removed.","Salt-specific behavior is not represented."
v2_parent_neutralized:guest:7c783625e3780a2f,accepted_as_operational,"Cyclohexanemethylamine ID 341 and cyclohexylmethanaminium ID 9 share the same carbon-nitrogen connectivity.","Amine protonation and formal charge are removed.","The measured protonation state is not established."
v2_parent_neutralized:guest:7e409ad2ec7d7783,accepted_as_operational,"The diazabicyclooctene ID 104 and its N-protonated ID 959 have the same bicyclic azo connectivity.","Azo-nitrogen protonation and formal charge are removed.","Potential unassigned stereochemistry remains a knowledge-state uncertainty."
v2_parent_neutralized:guest:7e894b3aa085139c,accepted_as_operational,"N-Acetylalaninate ID 516 and N-acetylalanine ID 8 have the same N-acetylalanine connectivity and differ at the carboxyl proton.","Carboxyl protonation and formal charge are removed.","The name specifies L for one row but neither structure encodes stereo; enantiomer identity is unresolved."
v2_parent_neutralized:guest:8412d770587e3ff9,accepted_as_operational,"4-Methylbenzylamine ID 564 and p-tolylmethanaminium ID 68 share the same para-methylbenzylamine connectivity.","Amine protonation and formal charge are removed.","The experimental protonation state remains unspecified."
v2_parent_neutralized:guest:8d8b8b1e55ed432d,accepted_as_operational,"Phenyltrimethylammonium ID 96 and its chloride ID 151 contain the same permanent quaternary ammonium cation.","Chloride presence is removed while permanent charge is retained.","Salt-specific conditions are not represented."
v2_parent_neutralized:guest:8f5185c6b8bfe345,accepted_as_operational,"Cholic acid ID 329 and its monosodium carboxylate ID 61 have the same encoded steroid connectivity and differ at the terminal carboxyl group and sodium counterion.","Carboxyl protonation formal charge and sodium are removed.","The structures do not encode the many stereocenters implied by the name cholic acid; stereoisomer identity is unresolved."
v2_parent_neutralized:guest:9ff5d291714e58f0,accepted_as_operational,"Heptanoic acid ID 638 and heptanoate ID 94 have the same seven-carbon carboxyl skeleton.","Carboxyl protonation and formal charge are removed.","Experimental protonation state remains unspecified."
v2_parent_neutralized:guest:abe409c9d952cc1a,accepted_as_operational,"Benzyltrimethylammonium ID 711 and its chloride ID 282 contain the same permanent cation.","Chloride presence is removed while permanent charge is retained.","Salt-specific conditions are not represented."
v2_parent_neutralized:guest:af24c137d03976ad,accepted_as_operational,"ID 866 encodes the same permanent 1-pentyl-3-methylimidazolium cation present with bromide in ID 645.","Bromide presence is removed.","The counterion-free record and bromide salt are not asserted to be the same experimental species."
v2_parent_neutralized:guest:af7d00206a937a73,accepted_as_operational,"The two entries contain the same permanent 1-ethyl-3-methylimidazolium cation with chloride versus bromide.","Halide identity is removed.","Salt-specific behavior is not represented."
v2_parent_neutralized:guest:bbc7120aa0e5e94c,accepted_as_operational,"All four entries contain the same permanent tetramethylammonium cation; the records differ by no counterion or bromide chloride and iodide.","Counterion presence and halide identity are removed.","Salt-specific behavior is not represented."
v2_parent_neutralized:guest:bfbaff7181501190,accepted_as_operational,"2-Phenylethylamine ID 179 and phenethylammonium ID 550 share the same phenethylamine connectivity.","Amine protonation and formal charge are removed.","The measured protonation state remains unspecified."
v2_parent_neutralized:guest:c1c180a4f31f308c,accepted_as_operational,"Neutral cadaverine ID 313; its isolated dication ID 131; and the dichloride ID 833 share the same pentane-1,5-diamine connectivity.","Both amine protonation states and chloride counterions are removed.","The experimental protonation and salt form remain unresolved."
v2_parent_neutralized:guest:c4d39efc605ee544,accepted_as_operational,"Fully protonated spermine ID 804 and neutral spermine ID 861 have the same tetraamine chain connectivity.","Four amine protonation states and net charge are removed.","The experimental distribution of protonation microstates is not represented."
v2_parent_neutralized:guest:d4d2a9a9e9d0bf9c,accepted_as_operational,"The three records contain the same permanent tetrabutylammonium cation with iodide chloride or bromide.","Halide identity is removed.","Salt-specific behavior is not represented."
v2_parent_neutralized:guest:dda637855b6c1a9f,accepted_as_operational,"6-Aminohexanoate ID 1005 and 6-aminohexanoic acid ID 334 have the same aminohexanoic-acid connectivity and differ at the carboxyl proton.","Carboxyl protonation and formal charge are removed.","The experimental protonation state remains unspecified."
v2_parent_neutralized:guest:dddb7c2c597d4659,accepted_as_operational,"The three records contain the same permanent tetraethylammonium cation with bromide iodide or no explicit counterion.","Counterion presence and halide identity are removed.","Salt-specific behavior is not represented."
v2_parent_neutralized:guest:e2ac2cd1fed403e2,accepted_as_operational,"Neutral hexamethylenediamine ID 284; its isolated dication ID 828; and dichloride ID 181 share the same hexane-1,6-diamine connectivity.","Both amine protonation states and chloride counterions are removed.","The experimental protonation and salt form remain unresolved."
v2_parent_neutralized:guest:e611758cf90916f9,accepted_as_operational,"The two records contain the same permanent 1-octyl-3-methylimidazolium cation with chloride versus bromide.","Halide identity is removed.","Salt-specific behavior is not represented."
v2_parent_neutralized:guest:e6f0af6b5f57a26c,accepted_as_operational,"1,4-Diaminobutane ID 1050 and fully protonated butanediammonium ID 170 share the same putrescine connectivity.","Both amine protonation states and net charge are removed.","The experimental protonation state remains unspecified."
v2_parent_neutralized:guest:eb004a9f8aad576e,accepted_as_operational,"Octanoate ID 117 and octanoic acid ID 569 have the same eight-carbon carboxyl skeleton.","Carboxyl protonation and formal charge are removed.","Experimental protonation state remains unspecified."
v2_parent_neutralized:guest:edb294b84d1d2eab,accepted_as_operational,"Benzoate ID 1025; benzoic acid ID 158; and sodium benzoate ID 626 have the same benzoyl carbon skeleton.","Carboxyl protonation formal charge and sodium counterion are removed.","The experimental protonation and salt form remain unresolved."
v2_parent_neutralized:guest:efcbdc7a7afaa073,accepted_as_operational,"The counterion-free PDI dication ID 307 and dibromide ID 609 have the same encoded bis-quaternary-ammonium PDI parent.","Two bromide counterions are removed while the permanent +2 charge is retained.","Salt-specific behavior and the provenance of the counterion-free record remain unresolved."
v2_parent_neutralized:guest:f493454da20a3529,accepted_as_operational,"ID 664 and dodecyltrimethylammonium bromide ID 562 encode the same permanent dodecyltrimethylammonium cation despite the imprecise Dodecane-trimethylamine name for ID 664.","Bromide presence is removed.","The wording of ID 664 should not be treated as independent confirmation of a neutral amine species."
v2_parent_neutralized:host:1b9dec4dfeaaf627,uncertain,"The two host structures reduce to the same aminoethoxy-substituted sulfonatocalix[6]arene connectivity after sulfonate neutralization; however ID 82 is named mono amidomethyl-substituted even though its structure contains an NCCO substituent and no amide.","Six sulfonate protonation states are removed and the operational merge would conceal the name-structure disagreement.","The substituent identity for ID 82 requires source correction or author adjudication."
v2_parent_neutralized:host:60375fd0ab73989e,uncertain,"ID 24 is a hexasodium p-sulfonatocalix[6]arene and its encoded parent matches the unalkylated structure of ID 30; however ID 30 also lists hexakis butanyloxy octyloxy and pentyloxy names that would require distinct alkoxy chains absent from the structure.","Six sodium counterions and sulfonate protonation states are removed; the name list conflates structurally distinct derivatives.","The intended identity or aliases of ID 30 require source correction or author adjudication."
v2_parent_neutralized:host:ace252c6b0ce8434,accepted_as_operational,"p-Sulfonatocalix[4]arene ID 1 and its monosodium form ID 46 have the same encoded calix[4]arene skeleton and differ by one sulfonate deprotonation plus sodium.","One sulfonate protonation state formal charge and sodium counterion are removed.","The exact solution protonation state is not established."
