row_index,host_id,guest_id,host_smiles,guest_smiles,family,y_true,host_canonical_smiles,host_canonical_key_sha256,host_alias_group_id,host_parse_status,guest_canonical_smiles,guest_canonical_key_sha256,guest_alias_group_id,guest_parse_status,y_pred,model,seed,block
106,18,99,CC1=C2C3=CC4=C1OC5C6=CC7=CC(=C6)OC8=CC(=CC(=C8)C(=O)O)OC9=CC1=CC(=C9)C6OC8=C(C=C(C4CCC(=O)O)C(=C8C)O5)C(C4=C(O6)C(=C5C(=C4)C(C4=C6C(=C(C(=C4)C3CCC(=O)O)OC(O2)C2=CC(=CC(=C2)OC2=CC(=CC(=C2)C(=O)O)OC2=CC(=CC(=C2)C(O5)O6)OC2=CC(=CC(=C2)C(=O)O)O1)OC1=CC(=CC(=C1)C(=O)O)O7)C)CCC(=O)O)C)CCC(=O)O,[O-]Cl(=O)(=O)=O.[Na+],cavitand,1.8588000535964966,Cc1c2c3cc4c1OC1Oc5c(cc6c(c5C)OC5Oc7c(cc8c(c7C)OC7Oc9c(cc(c(c9C)OC(O2)c2cc9cc(c2)Oc2cc(cc(C(=O)O)c2)Oc2cc(cc7c2)Oc2cc(cc(C(=O)O)c2)Oc2cc(cc5c2)Oc2cc(cc(C(=O)O)c2)Oc2cc(cc1c2)Oc1cc(cc(C(=O)O)c1)O9)C3CCC(=O)O)C8CCC(=O)O)C6CCC(=O)O)C4CCC(=O)O,326FFD4B5C5565D32207155C0B129AE16AFCA7B3342F0DAD815C24AB8DFA8483,HOST_CAN_0099,PASS,[Na+].[O-][Cl+3]([O-])([O-])[O-],79F198E0F60D33505BEB2FD5A228F5DD74E58A284D9D51E59696EF81616913EE,GUEST_CAN_1100,PASS,3.0595286,XGB_pair,1,7
163,66,141,O=C1N(C2)[C@@](N3CN4[C@]5([H])N2C(N(CN6C(N(C7)[C@@](N8CN9[C@]%10(C)N7C(N(CC%11=C%12C(OCCCS(=O)(O[Na])=O)=CC=C%11OCCCS(=O)(O[Na])=O)[C@]%10(C)N(C%12)C9=O)=O)([H])[C@]6([H])N%13C8=O)=O)[C@]5([H])N(C%13)C4=O)=O)(C)[C@@]%14(C)N1CC%15=C(OCCCS(=O)(O[Na])=O)C=CC(OCCCS(=O)(O[Na])=O)=C%15CN%14C3=O,CC(=O)OC1CC2CCC3C(C2(CC1[N+]4(CCCCC4)C)C)CCC5(C3CC(C5OC(=O)C)[N+]6(CCCCC6)C)C,cucurbituril,5.653200149536133,C[C@]12N3Cc4c(OCCCS(=O)(=O)[O][Na])ccc(OCCCS(=O)(=O)[O][Na])c4CN1C(=O)N1CN4C(=O)N5CN6C(=O)N7CN8C(=O)N9Cc%10c(OCCCS(=O)(=O)[O][Na])ccc(OCCCS(=O)(=O)[O][Na])c%10CN%10C(=O)N(CN%11C(=O)N(CN%12C(=O)N(CN(C3=O)[C@]12C)[C@@H]4[C@H]%125)[C@@H]6[C@H]%117)[C@]8(C)[C@@]9%10C,B0B6F4791435866F75671253874506D0002CE2D2DEBD31C6E0C5946D874F1D29,HOST_CAN_0085,PASS,CC(=O)OC1CC2CCC3C(CCC4(C)C3CC([N+]3(C)CCCCC3)C4OC(C)=O)C2(C)CC1[N+]1(C)CCCCC1,50E66CAB2E161F82F8A9960C08321F089FBABF411901A83069135F691E598254,GUEST_CAN_0098,PASS,7.5308847,XGB_pair,1,7
311,13,252,O=C1N2CN3C(=O)N4C5C3N3CN6C2C2N1CN1C(=O)N7[C@H]8[C@@H]1N(CN2C6=O)C(=O)N8CN1C2(N(C7)C(=O)N6[C@@H]2N(C1=O)CN1[C@H]2N(C6)C(=O)N6[C@H]2N(C1=O)CN1C(=O)N2CN7C8C(N(C4)C(=O)N8CN4C2C1N(C4=O)C6)N(CN5C3=O)C7=O)O,C(CCN)CN.Cl.Cl,cucurbituril,5.778200149536133,O=C1N2CN3C(=O)N4CN5C(=O)N6CN7C(=O)N8CN9C(=O)N%10CN%11C(=O)N%12CN%13C(=O)N%14CN1C1C2N2CN%15C(=O)N(CN%16C(=O)N(CN%17C(=O)N(CN%18C(=O)N(CN%19C(=O)N(CN%20C(=O)N(CN1C2=O)C%14C%13%20)[C@H]%12[C@@H]%19%11)C%10(O)[C@@H]%189)[C@@H]8[C@@H]7%17)C6C5%16)C4C3%15,834B504E9B204C59F3298F5D5A67B7E1A7ED973D91F3A1C9659C2402EB422334,HOST_CAN_0147,PASS,Cl.Cl.NCCCCN,8C3E952621E4F710CCED8847EFABFB7A42A004E4A0C4FCE29DF061DBB8B1C01A,GUEST_CAN_0678,PASS,6.3405113,XGB_pair,1,7
324,85,262,OC[C@H]1O[C@@H]2O[C@@H]3[C@@H](CO)O[C@H](O[C@@H]4[C@@H](CO)O[C@H](O[C@@H]5[C@@H](CO)O[C@H](O[C@@H]6[C@@H](CO)O[C@H](O[C@@H]7[C@@H](CO)O[C@H](O[C@@H]8[C@@H](CO)O[C@H](O[C@@H]9[C@@H](CO)O[C@H](O[C@H]1[C@H](O)[C@H]2O)[C@H](O)[C@H]9O)[C@H](O)[C@H]8O)[C@H](O)[C@H]7O)[C@H](O)[C@H]6O)[C@H](O)[C@H]5O)[C@H](O)[C@H]4O)[C@H](O)[C@H]3O,CCN(CC)CCOC(=O)C1=CC=C(C=C1)N.Cl,cyclodextrin,1.4598000049591064,OC[C@H]1O[C@@H]2O[C@H]3[C@H](O)[C@@H](O)[C@@H](O[C@H]4[C@H](O)[C@@H](O)[C@@H](O[C@H]5[C@H](O)[C@@H](O)[C@@H](O[C@H]6[C@H](O)[C@@H](O)[C@@H](O[C@H]7[C@H](O)[C@@H](O)[C@@H](O[C@H]8[C@H](O)[C@@H](O)[C@@H](O[C@H]9[C@H](O)[C@@H](O)[C@@H](O[C@H]1[C@H](O)[C@H]2O)O[C@@H]9CO)O[C@@H]8CO)O[C@@H]7CO)O[C@@H]6CO)O[C@@H]5CO)O[C@@H]4CO)O[C@@H]3CO,4E4982FCAA8A96CE9D40EDC97C9574B542F86F2BEB463ECAA6DCE3670D2F9B83,HOST_CAN_0177,PASS,CCN(CC)CCOC(=O)c1ccc(N)cc1.Cl,B6592951C8A510E3B4F06E47C61517E830D4419A9C487D8E3D4F7EA1AAA33F0C,GUEST_CAN_0342,PASS,4.085505,XGB_pair,1,7
349,85,280,OC[C@H]1O[C@@H]2O[C@@H]3[C@@H](CO)O[C@H](O[C@@H]4[C@@H](CO)O[C@H](O[C@@H]5[C@@H](CO)O[C@H](O[C@@H]6[C@@H](CO)O[C@H](O[C@@H]7[C@@H](CO)O[C@H](O[C@@H]8[C@@H](CO)O[C@H](O[C@@H]9[C@@H](CO)O[C@H](O[C@H]1[C@H](O)[C@H]2O)[C@H](O)[C@H]9O)[C@H](O)[C@H]8O)[C@H](O)[C@H]7O)[C@H](O)[C@H]6O)[C@H](O)[C@H]5O)[C@H](O)[C@H]4O)[C@H](O)[C@H]3O,C1C2CC3C4C1C5CC(C4)(CC3C5C2)C(=O)O,cyclodextrin,4.153200149536133,OC[C@H]1O[C@@H]2O[C@H]3[C@H](O)[C@@H](O)[C@@H](O[C@H]4[C@H](O)[C@@H](O)[C@@H](O[C@H]5[C@H](O)[C@@H](O)[C@@H](O[C@H]6[C@H](O)[C@@H](O)[C@@H](O[C@H]7[C@H](O)[C@@H](O)[C@@H](O[C@H]8[C@H](O)[C@@H](O)[C@@H](O[C@H]9[C@H](O)[C@@H](O)[C@@H](O[C@H]1[C@H](O)[C@H]2O)O[C@@H]9CO)O[C@@H]8CO)O[C@@H]7CO)O[C@@H]6CO)O[C@@H]5CO)O[C@@H]4CO)O[C@@H]3CO,4E4982FCAA8A96CE9D40EDC97C9574B542F86F2BEB463ECAA6DCE3670D2F9B83,HOST_CAN_0177,PASS,O=C(O)C12CC3C4CC5CC3C(C1)C(C5)C4C2,055DC1581A98876E408765E767980C5ED52322C3EC6C4303C087815DCFDFA331,GUEST_CAN_0861,PASS,6.090201,XGB_pair,1,7
358,96,284,CN(c1ccc2c(c1)oc1-c(c2c2cc(ccc2C(=O)[O-])C(=O)NCCC(=O)N2Cc3ccccc3-c3c(-c4c2cccc4)nnn3CCCCC23N4CN5C(=O)N6C7C5N5CN2C(=O)N2C3(C)N(C4=O)CN3C4N(C2)C(=O)N2C4N(C3=O)CN3C4N(C2)C(=O)N2C4N(C3=O)CN3C4N(C2)C(=O)N2CN8C(=O)N9CN%10C(=O)N(CN7C5=O)C5N(C6)C(=O)N(C%105)CN5C(=O)N(C8C95)CN(C3=O)C42)ccc(=[N+](C)C)c1)C,C(CCCN)CCN,cucurbituril,7.33650016784668,CN(C)c1ccc2c(-c3cc(C(=O)NCCC(=O)N4Cc5ccccc5-c5c(nnn5CCCCC56N7CN8C(=O)N9CN%10C(=O)N%11CN%12C(=O)N%13CN%14C(=O)N%15CN%16C(=O)N%17CN%18C(=O)N%19CN(C7=O)C5(C)N5CN7C(=O)N(CN%20C(=O)N(CN%21C(=O)N(CN%22C(=O)N(CN%23C(=O)N(CN%24C(=O)N(CN6C5=O)C8C9%24)C%10C%11%23)C%12C%13%22)C%14C%15%21)C%16C%17%20)C%18C%197)-c5ccccc54)ccc3C(=O)[O-])c3ccc(=[N+](C)C)cc-3oc2c1,BA91DFE914ACDAC9272FC53EE8A84DDD3481F62605296600026C4AF71543DB34,HOST_CAN_0050,PASS,NCCCCCCN,AECE2E97A54D8057B5ECFD13B5243E8B29CA3505CD8D5E083DD6AB3B16814C76,GUEST_CAN_0792,PASS,4.375204,XGB_pair,1,7
364,24,288,OC1=C2C=C(S(=O)([O-])=O)C=C1CC3=C(O)C(CC4=CC(S(=O)([O-])=O)=CC(CC5=CC(S(=O)([O-])=O)=CC(CC6=CC(S(=O)([O-])=O)=CC(CC(C=C(S(=O)([O-])=O)C=C7C2)=C7O)=C6O)=C5O)=C4O)=CC(S(=O)([O-])=O)=C3.[Na+].[Na+].[Na+].[Na+].[Na+].[Na+],CC(C)C(C(=O)O)NC(=O)CN,calixarene,3.2100000381469727,O=S(=O)([O-])c1cc2c(O)c(c1)Cc1cc(S(=O)(=O)[O-])cc(c1O)Cc1cc(S(=O)(=O)[O-])cc(c1O)Cc1cc(S(=O)(=O)[O-])cc(c1O)Cc1cc(S(=O)(=O)[O-])cc(c1O)Cc1cc(S(=O)(=O)[O-])cc(c1O)C2.[Na+].[Na+].[Na+].[Na+].[Na+].[Na+],2C1F820212E47C3BD5C15E73832EDE6A35C8C7920DDCE445D20F661D969CA26F,HOST_CAN_0165,PASS,CC(C)C(NC(=O)CN)C(=O)O,C7C4F9D491E695E32FCA9610C29E6F26B277BB7597A85B98A5CB97B4FB2C694B,GUEST_CAN_0128,PASS,2.9189196,XGB_pair,1,7
365,24,289,OC1=C2C=C(S(=O)([O-])=O)C=C1CC3=C(O)C(CC4=CC(S(=O)([O-])=O)=CC(CC5=CC(S(=O)([O-])=O)=CC(CC6=CC(S(=O)([O-])=O)=CC(CC(C=C(S(=O)([O-])=O)C=C7C2)=C7O)=C6O)=C5O)=C4O)=CC(S(=O)([O-])=O)=C3.[Na+].[Na+].[Na+].[Na+].[Na+].[Na+],CC(C)CC(C(=O)NCC(=O)NCC(=O)O)N,calixarene,3.2200000286102295,O=S(=O)([O-])c1cc2c(O)c(c1)Cc1cc(S(=O)(=O)[O-])cc(c1O)Cc1cc(S(=O)(=O)[O-])cc(c1O)Cc1cc(S(=O)(=O)[O-])cc(c1O)Cc1cc(S(=O)(=O)[O-])cc(c1O)Cc1cc(S(=O)(=O)[O-])cc(c1O)C2.[Na+].[Na+].[Na+].[Na+].[Na+].[Na+],2C1F820212E47C3BD5C15E73832EDE6A35C8C7920DDCE445D20F661D969CA26F,HOST_CAN_0165,PASS,CC(C)CC(N)C(=O)NCC(=O)NCC(=O)O,D4CB6B17B725C35FD8BE8C81DB4944143150FA553B932E6B087A9D4D4C5F6D75,GUEST_CAN_0137,PASS,4.051726,XGB_pair,1,7
389,65,305,O=C(COC1=C(CC2=CC(OCC(O)=O)=C(C3)C=C2OCC(O)=O)C=C(OCC(O)=O)C(CC4=C(OCC(O)=O)C=C(CC5=CC(OCC(O)=O)=C(CC6=C(OCC(O)=O)C=C3C(OCC(O)=O)=C6)C=C5OCC(O)=O)C(OCC(O)=O)=C4)=C1)O,C[N+](CCCCCC[N+](C)(C)C)(C)C.[Cl-].[Cl-],pillararene,7.053100109100342,O=C(O)COc1cc2c(OCC(=O)O)cc1Cc1cc(OCC(=O)O)c(cc1OCC(=O)O)Cc1cc(OCC(=O)O)c(cc1OCC(=O)O)Cc1cc(OCC(=O)O)c(cc1OCC(=O)O)Cc1cc(OCC(=O)O)c(cc1OCC(=O)O)C2,D554EF58E2285AB1E087AF8FFC6B903FE8A63389351C9D80310C0632D55CFBCA,HOST_CAN_0132,PASS,C[N+](C)(C)CCCCCC[N+](C)(C)C.[Cl-].[Cl-],64E63B4AAB1DD8ACF26323DDFCB5C764115FF628538D34A06DF96CDD8D66FD68,GUEST_CAN_0564,PASS,6.4473557,XGB_pair,1,7
457,78,347,COC[C@@H]1O[C@H]2O[C@@H]3[C@@H](COC)O[C@@H]([C@@H]([C@H]3OC)OC)O[C@@H]3[C@@H](COC)O[C@@H]([C@@H]([C@H]3OC)OC)O[C@@H]3[C@@H](COC)O[C@@H]([C@@H]([C@H]3OC)OC)O[C@H]3[C@@H](O[C@@H](O[C@H]4[C@@H](O[C@@H](O[C@H]5[C@@H](O[C@@H](O[C@@H]1[C@H]([C@@H]2OC)OC)[C@@H](OC)[C@@H]5OC)COC)[C@@H](OC)[C@@H]4OC)COC)[C@@H](OC)[C@@H]3OC)COC,[Na]OC(=O)CNOC(=O)CCC([C@H]1CC[C@@H]2[C@]1(C)[C@@H](O)C[C@H]1[C@H]2[C@H](O)C[C@H]2[C@]1(C)CC[C@H](C2)O)C,cyclodextrin,2.3578999042510986,COC[C@@H]1O[C@H]2O[C@@H]3[C@@H](OC)[C@H](OC)[C@H](O[C@H]4[C@H](OC)[C@@H](OC)[C@@H](O[C@H]5[C@H](OC)[C@@H](OC)[C@@H](O[C@H]6[C@H](OC)[C@@H](OC)[C@@H](O[C@@H]7[C@@H](OC)[C@H](OC)[C@H](O[C@@H]8[C@@H](OC)[C@H](OC)[C@H](O[C@@H]1[C@@H](OC)[C@@H]2OC)O[C@H]8COC)O[C@H]7COC)O[C@@H]6COC)O[C@@H]5COC)O[C@@H]4COC)O[C@H]3COC,4DBC704653D506001F39C2066C78337580D179894FB25234B01BA86A08D866EF,HOST_CAN_0061,PASS,CC(CCC(=O)ONCC(=O)[O][Na])[C@H]1CC[C@H]2[C@@H]3[C@H](O)C[C@@H]4C[C@H](O)CC[C@]4(C)[C@H]3C[C@H](O)[C@]12C,51B5AC142E25B7D44702DD7E725372C2BF956D4EDF34BE5A2E7E9ED74F257862,GUEST_CAN_0171,PASS,4.194832,XGB_pair,1,7
532,108,397,O=C1N2CN3C(=O)N4C5C3N3CN6C2C2N1CN1C(=O)N7C8C1N(CN2C6=O)C(=O)N8CN1[C@H]2N(C7)C(=O)N6C2N(C1=O)CN1[C@@H]2N(C6)C(=O)N6[C@@H]2N(C1=O)CN1[C@H]2[C@@H]7N(CN8C(=O)N(C4)C4N(CN5C3=O)C(=O)N(C84)CN7C1=O)C(=O)N2C6,C1=CC=C2C(=C1)C(=CN2)CC(C(=O)O)N,cucurbituril,4.41510009765625,O=C1N2CN3C(=O)N4CN5C(=O)N6CN7C(=O)N8CN9C(=O)N%10CN%11C(=O)N%12CN%13C(=O)N%14CN1C1C2N2CN%15C(=O)N(CN%16C(=O)N(CN%17C(=O)N(CN%18C(=O)N(CN%19C(=O)N(CN%20C(=O)N(CN1C2=O)C%14C%13%20)[C@H]%12C%11%19)[C@@H]%10[C@@H]9%18)[C@@H]8[C@@H]7%17)C6C5%16)C4C3%15,BD6B34731933265D03CE9AFCE130892456A328BC5C42751231203ABC90CAB3FC,HOST_CAN_0146,PASS,NC(Cc1c[nH]c2ccccc12)C(=O)O,640E1867764F94CAFE2D991B23E1B000681C8619E07309C47EB26888B7938B6E,GUEST_CAN_0740,PASS,5.513212,XGB_pair,1,7
543,111,96,O=C(N(C)C)COC1=C(CC(C=C2S(=O)([O-])=O)=C3OCC(N(C)C)=O)C=C(S(=O)([O-])=O)C=C1CC4=C(OCC(N(C)C)=O)C(CC5=CC(S(=O)([O-])=O)=CC(CC3=C2)=C5OCC(N(C)C)=O)=CC(S(=O)([O-])=O)=C4,C[N+](C)(C)C1=CC=CC=C1,calixarene,3.299999952316284,CN(C)C(=O)COc1c2cc(S(=O)(=O)[O-])cc1Cc1cc(S(=O)(=O)[O-])cc(c1OCC(=O)N(C)C)Cc1cc(S(=O)(=O)[O-])cc(c1OCC(=O)N(C)C)Cc1cc(S(=O)(=O)[O-])cc(c1OCC(=O)N(C)C)C2,EBFB7187E80F60EC1E9F724BF308534B41B4C33313C0B0BC1E59E4B1EEA6DE11,HOST_CAN_0049,PASS,C[N+](C)(C)c1ccccc1,BE2E413C8306C73C28B2EF0E9ABBED86E0E5AEBC3F7D99A31A8C230156F8C865,GUEST_CAN_0585,PASS,1.6544502,XGB_pair,1,7
554,85,54,OC[C@H]1O[C@@H]2O[C@@H]3[C@@H](CO)O[C@H](O[C@@H]4[C@@H](CO)O[C@H](O[C@@H]5[C@@H](CO)O[C@H](O[C@@H]6[C@@H](CO)O[C@H](O[C@@H]7[C@@H](CO)O[C@H](O[C@@H]8[C@@H](CO)O[C@H](O[C@@H]9[C@@H](CO)O[C@H](O[C@H]1[C@H](O)[C@H]2O)[C@H](O)[C@H]9O)[C@H](O)[C@H]8O)[C@H](O)[C@H]7O)[C@H](O)[C@H]6O)[C@H](O)[C@H]5O)[C@H](O)[C@H]4O)[C@H](O)[C@H]3O,C1C2CC3CC1CC(C2)(C3)C(=O)O,cyclodextrin,2.283400058746338,OC[C@H]1O[C@@H]2O[C@H]3[C@H](O)[C@@H](O)[C@@H](O[C@H]4[C@H](O)[C@@H](O)[C@@H](O[C@H]5[C@H](O)[C@@H](O)[C@@H](O[C@H]6[C@H](O)[C@@H](O)[C@@H](O[C@H]7[C@H](O)[C@@H](O)[C@@H](O[C@H]8[C@H](O)[C@@H](O)[C@@H](O[C@H]9[C@H](O)[C@@H](O)[C@@H](O[C@H]1[C@H](O)[C@H]2O)O[C@@H]9CO)O[C@@H]8CO)O[C@@H]7CO)O[C@@H]6CO)O[C@@H]5CO)O[C@@H]4CO)O[C@@H]3CO,4E4982FCAA8A96CE9D40EDC97C9574B542F86F2BEB463ECAA6DCE3670D2F9B83,HOST_CAN_0177,PASS,O=C(O)C12CC3CC(CC(C3)C1)C2,BDD5C5A261E793089EEA24870ABE3EB6AAE16382F79784242493A375DCA0EDE8,GUEST_CAN_0863,PASS,5.6611047,XGB_pair,1,7
576,117,175,CC(C)(C)C1=CC(=C(C=C1)NC(=O)NC2=CC=C(C=C2)OC)C#CC3=CC(=CC=C3)C#CC4=C(C=CC(=C4)C(C)(C)C)NC(=O)NC5=CC=C(C=C5)OC,CCCC[N+](CCCC)(CCCC)CCCC.[I-],other,2.176100015640259,COc1ccc(NC(=O)Nc2ccc(C(C)(C)C)cc2C#Cc2cccc(C#Cc3cc(C(C)(C)C)ccc3NC(=O)Nc3ccc(OC)cc3)c2)cc1,494C057AF3883280A50FECE7741A3608EDE28ABABC7B8B78AEB79306A119556D,HOST_CAN_0078,PASS,CCCC[N+](CCCC)(CCCC)CCCC.[I-],AEB60E90607A4F8C1F949B3EACD125A2B91E0A4DEAD7B24D9097176DB9E506E4,GUEST_CAN_0318,PASS,3.3508532,XGB_pair,1,7
596,63,108,Oc1c2Cc3cc(cc(c3O)Cc3cc(cc(c3O)Cc3cc(cc(c3O)Cc3cc(cc(Cc4c(c(Cc5c(c(Cc6c(c(Cc1cc(c2)S(=O)(=O)[O-])cc(c6)S(=O)(=O)[O-])O)cc(c5)S(=O)(=O)[O-])O)cc(c4)S(=O)(=O)[O-])O)c3O)S(=O)(=O)[O-])S(=O)(=O)[O-])S(=O)(=O)[O-])S(=O)(=O)[O-],OC(=O)C(CCCNC(=[NH2+])N)N,calixarene,4.004300117492676,O=S(=O)([O-])c1cc2c(O)c(c1)Cc1cc(S(=O)(=O)[O-])cc(c1O)Cc1cc(S(=O)(=O)[O-])cc(c1O)Cc1cc(S(=O)(=O)[O-])cc(c1O)Cc1cc(S(=O)(=O)[O-])cc(c1O)Cc1cc(S(=O)(=O)[O-])cc(c1O)Cc1cc(S(=O)(=O)[O-])cc(c1O)Cc1cc(S(=O)(=O)[O-])cc(c1O)C2,3C24C9B25872FE0768A640DF44D242D9AEC5F3FA9C167A457997BAE8D628FFF1,HOST_CAN_0166,PASS,NC(=[NH2+])NCCCC(N)C(=O)O,3A95B838A3F3E4B9211C1F9CE461FB93EA851D8F0AA68498288217A21AD77FAC,GUEST_CAN_0726,PASS,3.4326024,XGB_pair,1,7
650,18,237,CC1=C2C3=CC4=C1OC5C6=CC7=CC(=C6)OC8=CC(=CC(=C8)C(=O)O)OC9=CC1=CC(=C9)C6OC8=C(C=C(C4CCC(=O)O)C(=C8C)O5)C(C4=C(O6)C(=C5C(=C4)C(C4=C6C(=C(C(=C4)C3CCC(=O)O)OC(O2)C2=CC(=CC(=C2)OC2=CC(=CC(=C2)C(=O)O)OC2=CC(=CC(=C2)C(O5)O6)OC2=CC(=CC(=C2)C(=O)O)O1)OC1=CC(=CC(=C1)C(=O)O)O7)C)CCC(=O)O)C)CCC(=O)O,C#CCCCC(=O)O,cavitand,3.924999952316284,Cc1c2c3cc4c1OC1Oc5c(cc6c(c5C)OC5Oc7c(cc8c(c7C)OC7Oc9c(cc(c(c9C)OC(O2)c2cc9cc(c2)Oc2cc(cc(C(=O)O)c2)Oc2cc(cc7c2)Oc2cc(cc(C(=O)O)c2)Oc2cc(cc5c2)Oc2cc(cc(C(=O)O)c2)Oc2cc(cc1c2)Oc1cc(cc(C(=O)O)c1)O9)C3CCC(=O)O)C8CCC(=O)O)C6CCC(=O)O)C4CCC(=O)O,326FFD4B5C5565D32207155C0B129AE16AFCA7B3342F0DAD815C24AB8DFA8483,HOST_CAN_0099,PASS,C#CCCCC(=O)O,44098F444A383255C50ABD8A5620E03A2E79ECC4071BA0A80188DEB1DF0F35FF,GUEST_CAN_0006,PASS,2.6590424,XGB_pair,1,7
696,85,493,OC[C@H]1O[C@@H]2O[C@@H]3[C@@H](CO)O[C@H](O[C@@H]4[C@@H](CO)O[C@H](O[C@@H]5[C@@H](CO)O[C@H](O[C@@H]6[C@@H](CO)O[C@H](O[C@@H]7[C@@H](CO)O[C@H](O[C@@H]8[C@@H](CO)O[C@H](O[C@@H]9[C@@H](CO)O[C@H](O[C@H]1[C@H](O)[C@H]2O)[C@H](O)[C@H]9O)[C@H](O)[C@H]8O)[C@H](O)[C@H]7O)[C@H](O)[C@H]6O)[C@H](O)[C@H]5O)[C@H](O)[C@H]4O)[C@H](O)[C@H]3O,CN(C)C1=CC2=C(C=C1)C=C3C=CC(=[N+](C)C)C=C3O2.[Cl-],cyclodextrin,1.6021000146865845,OC[C@H]1O[C@@H]2O[C@H]3[C@H](O)[C@@H](O)[C@@H](O[C@H]4[C@H](O)[C@@H](O)[C@@H](O[C@H]5[C@H](O)[C@@H](O)[C@@H](O[C@H]6[C@H](O)[C@@H](O)[C@@H](O[C@H]7[C@H](O)[C@@H](O)[C@@H](O[C@H]8[C@H](O)[C@@H](O)[C@@H](O[C@H]9[C@H](O)[C@@H](O)[C@@H](O[C@H]1[C@H](O)[C@H]2O)O[C@@H]9CO)O[C@@H]8CO)O[C@@H]7CO)O[C@@H]6CO)O[C@@H]5CO)O[C@@H]4CO)O[C@@H]3CO,4E4982FCAA8A96CE9D40EDC97C9574B542F86F2BEB463ECAA6DCE3670D2F9B83,HOST_CAN_0177,PASS,CN(C)c1ccc2cc3ccc(=[N+](C)C)cc-3oc2c1.[Cl-],09C33AD7D97BCD0CF7E33A68D5F01BA82738CB4449F7F2B099A7A5ED61D70654,GUEST_CAN_0408,PASS,4.5823402,XGB_pair,1,7
713,46,262,C1C2=CC(=CC(=C2O)CC3=CC(=CC(=C3O)CC4=C(C(=CC(=C4)S(=O)(=O)O)CC5=C(C1=CC(=C5)S(=O)(=O)[O-])O)O)S(=O)(=O)O)S(=O)(=O)O.[Na+],CCN(CC)CCOC(=O)C1=CC=C(C=C1)N.Cl,calixarene,3.706700086593628,O=S(=O)([O-])c1cc2c(O)c(c1)Cc1cc(S(=O)(=O)O)cc(c1O)Cc1cc(S(=O)(=O)O)cc(c1O)Cc1cc(S(=O)(=O)O)cc(c1O)C2.[Na+],CA94CECC10EDB9167B38E05C5D125873C9C1506ED227A3D9C6CBBCD696828A96,HOST_CAN_0163,PASS,CCN(CC)CCOC(=O)c1ccc(N)cc1.Cl,B6592951C8A510E3B4F06E47C61517E830D4419A9C487D8E3D4F7EA1AAA33F0C,GUEST_CAN_0342,PASS,3.8189447,XGB_pair,1,7
722,57,189,O=S(OC1=C2C(C3C4=CC5=C(C=C4C2C3)C6C7=C(C5C6)C=CC=C7)=C(OS(=O)([O-])=O)C8=C1C9C%10=CC(C%11C(C=CC=C%12)=C%12C%13C%11)=C%13C=C%10C8C9)([O-])=O.[Na+].[Na+],CC(=O)NC(CCCN=C(N)N)C(=O)OC.Cl,other,4.061299800872803,O=S(=O)([O-])Oc1c2c(c(OS(=O)(=O)[O-])c3c1C1CC3c3cc4c(cc31)C1CC4c3ccccc31)C1CC2c2cc3c(cc21)C1CC3c2ccccc21.[Na+].[Na+],5412FB52C8CBD58449E920A6B0055A7974AA5ED214A245A72F491F8E36BD048F,HOST_CAN_0161,PASS,COC(=O)C(CCCN=C(N)N)NC(C)=O.Cl,E4655E8C60F01DAE0B94DB1C29D0E2D7F20D360ECF2AC968F56DB5F12FAE5898,GUEST_CAN_0437,PASS,3.2255833,XGB_pair,1,7
744,51,517,C1N2C3C4N(C2=O)CN5C6C7N(C5=O)CN8C9C2N(C8=O)CN5C8C%10N(C5=O)CN5C%11C%12N(C5=O)CN5C%13C%14N(C5=O)CN5C%15C%16N(C5=O)CN5C%17C%18N(C5=O)CN5C%19C%20N(C5=O)CN5C%21C(N1C5=O)N1CN3C(=O)N4CN6C(=O)N7CN9C(=O)N2CN8C(=O)N%10CN%11C(=O)N%12CN%13C(=O)N%14CN%15C(=O)N%16CN%17C(=O)N%18CN%19C(=O)N%20CN%21C1=O,c1ccc(nc1)c1ccccn1.c1ccc(nc1)c1ccccn1.c1ccc(nc1)c1ccccn1.[Ir+3],cucurbituril,7.0,O=C1N2CN3C(=O)N4CN5C(=O)N6CN7C(=O)N8CN9C(=O)N%10CN%11C(=O)N%12CN%13C(=O)N%14CN%15C(=O)N%16CN%17C(=O)N%18CN%19C(=O)N%20CN1C1C2N2CN%21C(=O)N(CN%22C(=O)N(CN%23C(=O)N(CN%24C(=O)N(CN%25C(=O)N(CN%26C(=O)N(CN%27C(=O)N(CN%28C(=O)N(CN%29C(=O)N(CN1C2=O)C%20C%19%29)C%18C%17%28)C%16C%15%27)C%14C%13%26)C%12C%11%25)C%10C9%24)C8C7%23)C6C5%22)C4C3%21,E6025A48DEEE6C9E6878EC627A6CB37BA95516523DC76F4BD8E7A3BC0D967C68,HOST_CAN_0142,PASS,[Ir+3].c1ccc(-c2ccccn2)nc1.c1ccc(-c2ccccn2)nc1.c1ccc(-c2ccccn2)nc1,6C788CB6290904146CFE86D072D92562813FB2C06FC290F39F043DF81C8DBA13,GUEST_CAN_1065,PASS,7.6738596,XGB_pair,1,7
776,46,533,C1C2=CC(=CC(=C2O)CC3=CC(=CC(=C3O)CC4=C(C(=CC(=C4)S(=O)(=O)O)CC5=C(C1=CC(=C5)S(=O)(=O)[O-])O)O)S(=O)(=O)O)S(=O)(=O)O.[Na+],C[n+]1ccccc1,calixarene,5.80620002746582,O=S(=O)([O-])c1cc2c(O)c(c1)Cc1cc(S(=O)(=O)O)cc(c1O)Cc1cc(S(=O)(=O)O)cc(c1O)Cc1cc(S(=O)(=O)O)cc(c1O)C2.[Na+],CA94CECC10EDB9167B38E05C5D125873C9C1506ED227A3D9C6CBBCD696828A96,HOST_CAN_0163,PASS,C[n+]1ccccc1,234AC0F3CD6F47CC7896BDA3EA945CA07EBAE235392EDCB2A08B4D796C9B49D7,GUEST_CAN_0641,PASS,3.5590065,XGB_pair,1,7
844,141,372,CC(C)(C)C1=CC2=C(C(=C1)CC3=CC(=CC(=C3OCC(=O)OC)CC4=CC(=CC(=C4OCC(=O)OC)CC5=C(C(=CC(=C5)C(C)(C)C)C2)OCC(=O)OC)C(C)(C)C)C(C)(C)C)OCC(=O)OC,CCC(C)C1C(=O)NC2CSSCC(C(=O)NC(CSSCC(C(=O)NCC(=O)NC(C(=O)NC(C(=O)NC(C(=O)NC(C(=O)NC(C(=O)NC(C(=O)NC(C(=O)NC(C(=O)NC(C(=O)NC(C(=O)NC(CSSCC(NC(=O)C(NC(=O)C(NC(=O)C(NC(=O)C(NC(=O)C(NC(=O)C(NC(=O)C(NC(=O)C(NC2=O)CO)CC(C)C)CC3=CC=C(C=C3)O)CCC(=O)N)CC(C)C)CCC(=O)O)CC(=O)N)CC4=CC=C(C=C4)O)C(=O)NC(CC(=O)N)C(=O)O)C(=O)NCC(=O)NC(CCC(=O)O)C(=O)NC(CCCNC(=N)N)C(=O)NCC(=O)NC(CC5=CC=CC=C5)C(=O)NC(CC6=CC=CC=C6)C(=O)NC(CC7=CC=C(C=C7)O)C(=O)NC(C(C)O)C(=O)N8CCCC8C(=O)NC(CCCCN)C(=O)NC(C(C)O)C(=O)O)C(C)C)CC(C)C)CC9=CC=C(C=C9)O)CC(C)C)C)CCC(=O)O)C(C)C)CC(C)C)CC2=CNC=N2)CO)NC(=O)C(CC(C)C)NC(=O)C(CC2=CNC=N2)NC(=O)C(CCC(=O)N)NC(=O)C(CC(=O)N)NC(=O)C(C(C)C)NC(=O)C(CC2=CC=CC=C2)N)C(=O)NC(C(=O)NC(C(=O)N1)CO)C(C)O)NC(=O)C(CCC(=O)N)NC(=O)C(CCC(=O)O)NC(=O)C(C(C)C)NC(=O)C(C(C)CC)NC(=O)CN,calixarene,7.301000118255615,COC(=O)COc1c2cc(C(C)(C)C)cc1Cc1cc(C(C)(C)C)cc(c1OCC(=O)OC)Cc1cc(C(C)(C)C)cc(c1OCC(=O)OC)Cc1cc(C(C)(C)C)cc(c1OCC(=O)OC)C2,73B080974E03CCE5E7AF3A160529C27640F25944AB15DBB90917A7E7BD8278A2,HOST_CAN_0054,PASS,CCC(C)C(NC(=O)CN)C(=O)NC(C(=O)NC(CCC(=O)O)C(=O)NC(CCC(N)=O)C(=O)NC1CSSCC2NC(=O)C(C(C)CC)NC(=O)C(CO)NC(=O)C(C(C)O)NC(=O)C(CSSCC(NC(=O)C(CC(C)C)NC(=O)C(Cc3c[nH]cn3)NC(=O)C(CCC(N)=O)NC(=O)C(CC(N)=O)NC(=O)C(NC(=O)C(N)Cc3ccccc3)C(C)C)C(=O)NCC(=O)NC(CO)C(=O)NC(Cc3c[nH]cn3)C(=O)NC(CC(C)C)C(=O)NC(C(C)C)C(=O)NC(CCC(=O)O)C(=O)NC(C)C(=O)NC(CC(C)C)C(=O)NC(Cc3ccc(O)cc3)C(=O)NC(CC(C)C)C(=O)NC(C(C)C)C(=O)NC(C(=O)NCC(=O)NC(CCC(=O)O)C(=O)NC(CCCNC(=N)N)C(=O)NCC(=O)NC(Cc3ccccc3)C(=O)NC(Cc3ccccc3)C(=O)NC(Cc3ccc(O)cc3)C(=O)NC(C(=O)N3CCCC3C(=O)NC(CCCCN)C(=O)NC(C(=O)O)C(C)O)C(C)O)CSSCC(C(=O)NC(CC(N)=O)C(=O)O)NC(=O)C(Cc3ccc(O)cc3)NC(=O)C(CC(N)=O)NC(=O)C(CCC(=O)O)NC(=O)C(CC(C)C)NC(=O)C(CCC(N)=O)NC(=O)C(Cc3ccc(O)cc3)NC(=O)C(CC(C)C)NC(=O)C(CO)NC2=O)NC1=O)C(C)C,885EAF67B2FF10FCDED0B7729B3F203587A7D98B555D9C25FAC0D39560C307EF,GUEST_CAN_0259,PASS,4.3438387,XGB_pair,1,7
846,65,571,O=C(COC1=C(CC2=CC(OCC(O)=O)=C(C3)C=C2OCC(O)=O)C=C(OCC(O)=O)C(CC4=C(OCC(O)=O)C=C(CC5=CC(OCC(O)=O)=C(CC6=C(OCC(O)=O)C=C3C(OCC(O)=O)=C6)C=C5OCC(O)=O)C(OCC(O)=O)=C4)=C1)O,C[NH+](CCCCCC[NH+](C)C)C.[Cl-].[Cl-],pillararene,7.651299953460693,O=C(O)COc1cc2c(OCC(=O)O)cc1Cc1cc(OCC(=O)O)c(cc1OCC(=O)O)Cc1cc(OCC(=O)O)c(cc1OCC(=O)O)Cc1cc(OCC(=O)O)c(cc1OCC(=O)O)Cc1cc(OCC(=O)O)c(cc1OCC(=O)O)C2,D554EF58E2285AB1E087AF8FFC6B903FE8A63389351C9D80310C0632D55CFBCA,HOST_CAN_0132,PASS,C[NH+](C)CCCCCC[NH+](C)C.[Cl-].[Cl-],8B4BEF0E87E1F79B18593BF90F228DDB9EB4503C316DD07AD9C891FE7C4EC5FA,GUEST_CAN_0606,PASS,6.367051,XGB_pair,1,7
911,147,609,c1cc2ccc1C[n+]1ccc(-c3ccc(-c4cc[n+](cc4)Cc4ccc(C[n+]5ccc(-c6ccc(-c7cc[n+](C2)cc7)cc6)cc5)cc4)cc3)cc1.[Cl-].[Cl-].[Cl-].[Cl-],OCC[N+](CCN1C(=O)c2ccc3c4c2c(C1=O)ccc4c1c2c3ccc3c2c(cc1)C(=O)N(C3=O)CC[N+](CCO)(C)C)(C)C.[Br-].[Br-],other,4.770899772644043,[Cl-].[Cl-].[Cl-].[Cl-].c1cc2ccc1C[n+]1ccc(cc1)-c1ccc(cc1)-c1cc[n+](cc1)Cc1ccc(cc1)C[n+]1ccc(cc1)-c1ccc(cc1)-c1cc[n+](cc1)C2,8838F5DB3CA725944E62DBB950261A7EF8FD82FF096002A58FF5E9CD907B8660,HOST_CAN_0178,PASS,C[N+](C)(CCO)CCN1C(=O)c2ccc3c4ccc5c6c(ccc(c7ccc(c2c37)C1=O)c64)C(=O)N(CC[N+](C)(C)CCO)C5=O.[Br-].[Br-],32F909A2ACFD727431D99B720424B910C2A868645ACE9FB4F64A4F453C71206B,GUEST_CAN_0590,PASS,5.25775,XGB_pair,1,7
925,63,15,Oc1c2Cc3cc(cc(c3O)Cc3cc(cc(c3O)Cc3cc(cc(c3O)Cc3cc(cc(Cc4c(c(Cc5c(c(Cc6c(c(Cc1cc(c2)S(=O)(=O)[O-])cc(c6)S(=O)(=O)[O-])O)cc(c5)S(=O)(=O)[O-])O)cc(c4)S(=O)(=O)[O-])O)c3O)S(=O)(=O)[O-])S(=O)(=O)[O-])S(=O)(=O)[O-])S(=O)(=O)[O-],[O-]C(=O)CC(C(=O)O)N,calixarene,2.7881999015808105,O=S(=O)([O-])c1cc2c(O)c(c1)Cc1cc(S(=O)(=O)[O-])cc(c1O)Cc1cc(S(=O)(=O)[O-])cc(c1O)Cc1cc(S(=O)(=O)[O-])cc(c1O)Cc1cc(S(=O)(=O)[O-])cc(c1O)Cc1cc(S(=O)(=O)[O-])cc(c1O)Cc1cc(S(=O)(=O)[O-])cc(c1O)Cc1cc(S(=O)(=O)[O-])cc(c1O)C2,3C24C9B25872FE0768A640DF44D242D9AEC5F3FA9C167A457997BAE8D628FFF1,HOST_CAN_0166,PASS,NC(CC(=O)[O-])C(=O)O,BB5F75F5A9C5B3B73A0A3B7339C8AC7150359761D5C24F8C1D742AB3AA3BCA26,GUEST_CAN_0731,PASS,3.138148,XGB_pair,1,7
960,88,575,OCCNC(=O)CCCCCN1C2C(N(C1=O)CCCCCC(=O)NCCO)N1C(=O)N2CN2C(=O)N(C3C2N(CCCCCC(=O)NCCO)C(=O)N3CCCCCC(=O)NCCO)CN2C(=O)N(C3C2N(CCCCCC(=O)NCCO)C(=O)N3CCCCCC(=O)NCCO)CN2C(=O)N(CN3C(=O)N(CN4C(=O)N(C1)C1C4N(C(=O)N1CCCCCC(=O)NCCO)CCCCCC(=O)NCCO)C1C3N(C(=O)N1CCCCCC(=O)NCCO)CCCCCC(=O)NCCO)[C@H]1[C@@H]2N(CCCCCC(=O)NCCO)C(=O)N1CCCCCC(=O)NCCO,[O-]S(=O)(=O)OOS(=O)(=O)[O-],other,6.919099807739258,O=C(CCCCCN1C(=O)N(CCCCCC(=O)NCCO)C2C1N1CN3C(=O)N(CN4C(=O)N(CN5C(=O)N(CN6C(=O)N(CN7C(=O)N(CN2C1=O)C1C7N(CCCCCC(=O)NCCO)C(=O)N1CCCCCC(=O)NCCO)C1C6N(CCCCCC(=O)NCCO)C(=O)N1CCCCCC(=O)NCCO)[C@H]1[C@@H]5N(CCCCCC(=O)NCCO)C(=O)N1CCCCCC(=O)NCCO)C1C4N(CCCCCC(=O)NCCO)C(=O)N1CCCCCC(=O)NCCO)C1C3N(CCCCCC(=O)NCCO)C(=O)N1CCCCCC(=O)NCCO)NCCO,65359C3904626CF699505BCBFBC7F41BCE668DDDD74C9E170F9BA10094BB9AD9,HOST_CAN_0116,PASS,O=S(=O)([O-])OOS(=O)(=O)[O-],69639F73723260BADEF0F9C5FDB5B068F85A0E9E19DED1EDCC9999F30B56FBC7,GUEST_CAN_0934,PASS,4.893132,XGB_pair,1,7
983,96,355,CN(c1ccc2c(c1)oc1-c(c2c2cc(ccc2C(=O)[O-])C(=O)NCCC(=O)N2Cc3ccccc3-c3c(-c4c2cccc4)nnn3CCCCC23N4CN5C(=O)N6C7C5N5CN2C(=O)N2C3(C)N(C4=O)CN3C4N(C2)C(=O)N2C4N(C3=O)CN3C4N(C2)C(=O)N2C4N(C3=O)CN3C4N(C2)C(=O)N2CN8C(=O)N9CN%10C(=O)N(CN7C5=O)C5N(C6)C(=O)N(C%105)CN5C(=O)N(C8C95)CN(C3=O)C42)ccc(=[N+](C)C)c1)C,C1=CC(=CC=C1CN)CN,cucurbituril,9.1875,CN(C)c1ccc2c(-c3cc(C(=O)NCCC(=O)N4Cc5ccccc5-c5c(nnn5CCCCC56N7CN8C(=O)N9CN%10C(=O)N%11CN%12C(=O)N%13CN%14C(=O)N%15CN%16C(=O)N%17CN%18C(=O)N%19CN(C7=O)C5(C)N5CN7C(=O)N(CN%20C(=O)N(CN%21C(=O)N(CN%22C(=O)N(CN%23C(=O)N(CN%24C(=O)N(CN6C5=O)C8C9%24)C%10C%11%23)C%12C%13%22)C%14C%15%21)C%16C%17%20)C%18C%197)-c5ccccc54)ccc3C(=O)[O-])c3ccc(=[N+](C)C)cc-3oc2c1,BA91DFE914ACDAC9272FC53EE8A84DDD3481F62605296600026C4AF71543DB34,HOST_CAN_0050,PASS,NCc1ccc(CN)cc1,3F30878E4213484D728F1066ED839CC95365FF1547F675ABA32D3249E5811CA9,GUEST_CAN_0813,PASS,3.788967,XGB_pair,1,7
1058,2,361,C1N2C3C4N(C2=O)CN5C6C7N(C5=O)CN8C9C2N(C8=O)CN5C8C%10N(C5=O)CN5C%11C(N1C5=O)N1CN3C(=O)N4CN6C(=O)N7CN9C(=O)N2CN8C(=O)N%10CN%11C1=O,CC,cucurbituril,1.385599970817566,O=C1N2CN3C(=O)N4CN5C(=O)N6CN7C(=O)N8CN9C(=O)N%10CN1C1C2N2CN%11C(=O)N(CN%12C(=O)N(CN%13C(=O)N(CN%14C(=O)N(CN1C2=O)C%10C9%14)C8C7%13)C6C5%12)C4C3%11,EE085DEDB538468744A3EBDAC86A0BF01B424E1C1BBF9C3E804B43220B2C1DDA,HOST_CAN_0150,PASS,CC,A56362A10C816ABF206D72CB914E2D5CA454EB9C7E744F88B1A1422C379E9942,GUEST_CAN_0060,PASS,3.1391802,XGB_pair,1,7
1059,122,175,CC(C)(C)C1=CC(=C(C=C1)NC(=O)NC2=CC=C(C=C2)OC)C#CC3=CC(=CC(=C3)OC)C#CC4=C(C=CC(=C4)C(C)(C)C)NC(=O)NC5=CC=C(C=C5)OC,CCCC[N+](CCCC)(CCCC)CCCC.[I-],other,2.2304000854492188,COc1ccc(NC(=O)Nc2ccc(C(C)(C)C)cc2C#Cc2cc(C#Cc3cc(C(C)(C)C)ccc3NC(=O)Nc3ccc(OC)cc3)cc(OC)c2)cc1,D21F40FE6961DC5FE75A1A0699511BDB052F920FB1661CF34BFCAD5E05B4B593,HOST_CAN_0073,PASS,CCCC[N+](CCCC)(CCCC)CCCC.[I-],AEB60E90607A4F8C1F949B3EACD125A2B91E0A4DEAD7B24D9097176DB9E506E4,GUEST_CAN_0318,PASS,3.371227,XGB_pair,1,7
1060,153,680,O=C(CCC(C(=O)NCCCCNCc1c2ccccc2cc2c1cccc2)N)NCCCCNCc1c2ccccc2cc2c1cccc2,[Cu+2],other,3.9590001106262207,NC(CCC(=O)NCCCCNCc1c2ccccc2cc2ccccc12)C(=O)NCCCCNCc1c2ccccc2cc2ccccc12,B151E089FD025EAC2005F770E06A1AA7F66DDF1A8A1FD20D7B74EEF27D6E9CEA,HOST_CAN_0107,PASS,[Cu+2],ED0C6E693A7A5884686AB150159BE52926B09D0031C28F8313DEEC34DE61C27E,GUEST_CAN_1053,PASS,2.424559,XGB_pair,1,7
1061,32,681,OC(=O)c1ccc(cc1)N=Nc1cc2Cc3cc(N=Nc4ccc(cc4)C(=O)O)cc(c3O)Cc3cc(cc(Cc4c(c(Cc(c1)c2O)cc(N=Nc1ccc(cc1)C(=O)O)c4)O)c3O)/N=N/c1ccc(cc1)C(=O)O,CC1=C2C(C(=O)C3(C(CC4C(C3C(C(C2(C)C)(CC1OC(=O)C(C(C5=CC=CC=C5)NC(=O)C6=CC=CC=C6)O)O)OC(=O)C7=CC=CC=C7)(CO4)OC(=O)C)O)C)OC(=O)C,calixarene,6.204100131988525,O=C(O)c1ccc(N=Nc2cc3c(O)c(c2)Cc2cc(N=Nc4ccc(C(=O)O)cc4)cc(c2O)Cc2cc(/N=N/c4ccc(C(=O)O)cc4)cc(c2O)Cc2cc(N=Nc4ccc(C(=O)O)cc4)cc(c2O)C3)cc1,5B585DBFF951CBB98E465DBECF308ACBE2EAF8773CE9C58156BE700CBB287248,HOST_CAN_0134,PASS,CC(=O)OC1C(=O)C2(C)C(O)CC3OCC3(OC(C)=O)C2C(OC(=O)c2ccccc2)C2(O)CC(OC(=O)C(O)C(NC(=O)c3ccccc3)c3ccccc3)C(C)=C1C2(C)C,D6D8CF365D23EF6F5E00709EBFEB1A2EA3025005681355C70A993E44F2BBEFF7,GUEST_CAN_0096,PASS,5.3768506,XGB_pair,1,7
1068,65,546,O=C(COC1=C(CC2=CC(OCC(O)=O)=C(C3)C=C2OCC(O)=O)C=C(OCC(O)=O)C(CC4=C(OCC(O)=O)C=C(CC5=CC(OCC(O)=O)=C(CC6=C(OCC(O)=O)C=C3C(OCC(O)=O)=C6)C=C5OCC(O)=O)C(OCC(O)=O)=C4)=C1)O,[NH3+]Cc1ccc(cc1)C[NH3+].[Cl-].[Cl-],pillararene,6.8155999183654785,O=C(O)COc1cc2c(OCC(=O)O)cc1Cc1cc(OCC(=O)O)c(cc1OCC(=O)O)Cc1cc(OCC(=O)O)c(cc1OCC(=O)O)Cc1cc(OCC(=O)O)c(cc1OCC(=O)O)Cc1cc(OCC(=O)O)c(cc1OCC(=O)O)C2,D554EF58E2285AB1E087AF8FFC6B903FE8A63389351C9D80310C0632D55CFBCA,HOST_CAN_0132,PASS,[Cl-].[Cl-].[NH3+]Cc1ccc(C[NH3+])cc1,CE7F999399CD142893A4CC3D40A478F75FDB5344DBEECB9E212BA32295D1B8C5,GUEST_CAN_1031,PASS,5.1725736,XGB_pair,1,7
1077,115,687,C(CCC)C1=C(C(OC2=CC(=CC=C12)N(CC)CC)=O)C=O,NCCC(=O)O,other,0.3978999853134155,CCCCc1c(C=O)c(=O)oc2cc(N(CC)CC)ccc12,50E4CC3B42DB2A1D81BA2FCB02D3EA8F0BF1EB0B92ACDAB1C80BFBFCC39A06BB,HOST_CAN_0035,PASS,NCCC(=O)O,EBFC15AA53F03823F579A69DF53E93F7360864D03CD8771DB2628AC4F982B3B4,GUEST_CAN_0778,PASS,2.0311966,XGB_pair,1,7
1085,141,109,CC(C)(C)C1=CC2=C(C(=C1)CC3=CC(=CC(=C3OCC(=O)OC)CC4=CC(=CC(=C4OCC(=O)OC)CC5=C(C(=CC(=C5)C(C)(C)C)C2)OCC(=O)OC)C(C)(C)C)C(C)(C)C)OCC(=O)OC,C(CC(C(=O)O)N)CN=C(N)N,calixarene,2.544100046157837,COC(=O)COc1c2cc(C(C)(C)C)cc1Cc1cc(C(C)(C)C)cc(c1OCC(=O)OC)Cc1cc(C(C)(C)C)cc(c1OCC(=O)OC)Cc1cc(C(C)(C)C)cc(c1OCC(=O)OC)C2,73B080974E03CCE5E7AF3A160529C27640F25944AB15DBB90917A7E7BD8278A2,HOST_CAN_0054,PASS,NC(N)=NCCCC(N)C(=O)O,0E8C75093E2FC997DA04592D0B5BF85F1497CF3AA52A61C1DE57D4718119AA31,GUEST_CAN_0751,PASS,2.0642824,XGB_pair,1,7
1098,129,691,COc1ccc2c(c1OCCOCCOCCOCCn1nnc(c1)COC13N4CN5[C@@H]6N7CN1C(=O)N1C3N(C4=O)CN3C4N(C1)C(=O)N1C4N(C3=O)CN3C4N(C1)C(=O)N1C4N(C3=O)CN3C(=O)N4CN8C(=O)N9CN(C5=O)[C@H]6N(C7=O)CN5[C@@H]9C8N(C5=O)CN5C4C3N(C1)C5=O)c[n+]1c(-c3cc4OCOc4cc3CC1)c2.[Br-],CC12CCC3C(C1CCC2O)CCC4=CC(=O)CCC34,cucurbituril,4.41349983215332,COc1ccc2cc3[n+](cc2c1OCCOCCOCCOCCn1cc(COC24C5N6CN7C(=O)N8CN9C(=O)N%10CN%11C(=O)N%12CN%13C(=O)N%14CN%15C(=O)N(CN2C6=O)[C@H]2[C@@H]%15N6CN%15C(=O)N(CN%16C(=O)N(CN%17C(=O)N(CN%18C(=O)N(CN5C(=O)N4CN2C6=O)C7C8%18)C9C%17%10)C%11C%16%12)C%13[C@@H]%15%14)nn1)CCc1cc2c(cc1-3)OCO2.[Br-],C6028DF2BF6BC14E931358CC886F67DB5852B3C2DAB9FCC4554578A323F6EEF9,HOST_CAN_0081,PASS,CC12CCC3C4CCC(=O)C=C4CCC3C1CCC2O,2B678EE256FDAB3D9570258A6D97B2570421F4F1BEA42377DF7C9D63A33B5947,GUEST_CAN_0231,PASS,6.5439568,XGB_pair,1,7
1100,22,325,Oc1c2Sc3cc(cc(c3O)Sc3cc(cc(Sc4c(c(Sc1cc(c2)S(=O)(=O)O)cc(c4)S(=O)(=O)O)O)c3O)S(=O)(=O)O)S(=O)(=O)O,C1CNCCNC1,calixarene,2.469099998474121,O=S(=O)(O)c1cc2c(O)c(c1)Sc1cc(S(=O)(=O)O)cc(c1O)Sc1cc(S(=O)(=O)O)cc(c1O)Sc1cc(S(=O)(=O)O)cc(c1O)S2,5FE888C1FB51BDA35D21231A31EDB8203ACD56DD9744D0C6B83351EC668D4256,HOST_CAN_0156,PASS,C1CNCCNC1,7DF4AF0EAB88491897F1D6D84D44C1178746E05B04100C7295B937559AD91EE9,GUEST_CAN_0035,PASS,3.0324924,XGB_pair,1,7
1121,60,706,CCCCOc1ccc2c3c1COCc1c(OCCCC)ccc4c1ccc1c4C4CC(O1)Oc1c4c4ccc(c(COCc5c6c(c7C8c2c(cc3)OC(C8)Oc7cc6)ccc5OCCCC)c4cc1)OCCCC,CCCCC[N+]12CCN(CC1)CC2,other,3.973099946975708,CCCCOc1ccc2c3c4ccc2c1COCc1c(OCCCC)ccc2c5c(ccc12)OC1CC5c2c(ccc5c(c(OCCCC)ccc25)COCc2c(OCCCC)ccc5c6c(ccc25)OC(CC36)O4)O1,88DCF2D39B7DF2B43B3F0E5C1B57BDEDED9EEF541105412EB4DABE8747E45264,HOST_CAN_0034,PASS,CCCCC[N+]12CCN(CC1)CC2,AB878C5BB92673BED6DD9B3AE084D3E092100760FED770D1CAF1C61813E904E2,GUEST_CAN_0306,PASS,4.5505676,XGB_pair,1,7
1185,46,735,C1C2=CC(=CC(=C2O)CC3=CC(=CC(=C3O)CC4=C(C(=CC(=C4)S(=O)(=O)O)CC5=C(C1=CC(=C5)S(=O)(=O)[O-])O)O)S(=O)(=O)O)S(=O)(=O)O.[Na+],CC(CC(C(=O)NCC(=O)O)NC(=O)C(NC(=O)C(Cc1c[nH]c2c1cccc2)NC(=O)C(NC(=O)C(NC(=O)C(CC(C)C)N)CCCNC(=N)N)CCCNC(=N)N)COP(=O)(O)O)C,calixarene,3.6989998817443848,O=S(=O)([O-])c1cc2c(O)c(c1)Cc1cc(S(=O)(=O)O)cc(c1O)Cc1cc(S(=O)(=O)O)cc(c1O)Cc1cc(S(=O)(=O)O)cc(c1O)C2.[Na+],CA94CECC10EDB9167B38E05C5D125873C9C1506ED227A3D9C6CBBCD696828A96,HOST_CAN_0163,PASS,CC(C)CC(N)C(=O)NC(CCCNC(=N)N)C(=O)NC(CCCNC(=N)N)C(=O)NC(Cc1c[nH]c2ccccc12)C(=O)NC(COP(=O)(O)O)C(=O)NC(CC(C)C)C(=O)NCC(=O)O,ABBF60D61CE1AD685370E43DE1B4C731A2D91B4A3016BAA0E4C81D1C9B015A86,GUEST_CAN_0134,PASS,4.0265546,XGB_pair,1,7
1206,2,745,C1N2C3C4N(C2=O)CN5C6C7N(C5=O)CN8C9C2N(C8=O)CN5C8C%10N(C5=O)CN5C%11C(N1C5=O)N1CN3C(=O)N4CN6C(=O)N7CN9C(=O)N2CN8C(=O)N%10CN%11C1=O,[Kr],cucurbituril,3.3784000873565674,O=C1N2CN3C(=O)N4CN5C(=O)N6CN7C(=O)N8CN9C(=O)N%10CN1C1C2N2CN%11C(=O)N(CN%12C(=O)N(CN%13C(=O)N(CN%14C(=O)N(CN1C2=O)C%10C9%14)C8C7%13)C6C5%12)C4C3%11,EE085DEDB538468744A3EBDAC86A0BF01B424E1C1BBF9C3E804B43220B2C1DDA,HOST_CAN_0150,PASS,[Kr],589AB91FDB32F94C0BD51A55BEBB49BE145A4FBF1C38BEEC4CF11D3D97DA7CA5,GUEST_CAN_1069,PASS,2.5829794,XGB_pair,1,7
1216,104,115,C1COCCOCCN2CCOCCOCCN1CCOCCOCCOCC2,[K+],other,2.200000047683716,C1COCCN2CCOCCOCCN(CCOCCO1)CCOCCOCC2,FC2FBDD1CDCC0BE65573222C4E8FD2959C4D898D99922B825F4B9F435E9AD133,HOST_CAN_0005,PASS,[K+],E83A78F45A613BB8008932667E03FF097984CF2701657EB6EA0AB517A34DEC0B,GUEST_CAN_1068,PASS,3.68946,XGB_pair,1,7
1231,46,760,C1C2=CC(=CC(=C2O)CC3=CC(=CC(=C3O)CC4=C(C(=CC(=C4)S(=O)(=O)O)CC5=C(C1=CC(=C5)S(=O)(=O)[O-])O)O)S(=O)(=O)O)S(=O)(=O)O.[Na+],O(CC[n+]1ccccc1)CC[n+]1ccccc1.[Br-].[Br-],calixarene,6.968500137329102,O=S(=O)([O-])c1cc2c(O)c(c1)Cc1cc(S(=O)(=O)O)cc(c1O)Cc1cc(S(=O)(=O)O)cc(c1O)Cc1cc(S(=O)(=O)O)cc(c1O)C2.[Na+],CA94CECC10EDB9167B38E05C5D125873C9C1506ED227A3D9C6CBBCD696828A96,HOST_CAN_0163,PASS,[Br-].[Br-].c1cc[n+](CCOCC[n+]2ccccc2)cc1,FCCC85C7A819BE8C060104EB1DE606858B68A72974429620A79DA1DD1203FD8D,GUEST_CAN_1015,PASS,5.363552,XGB_pair,1,7
1260,115,773,C(CCC)C1=C(C(OC2=CC(=CC=C12)N(CC)CC)=O)C=O,C(O)CN,other,0.8260999917984009,CCCCc1c(C=O)c(=O)oc2cc(N(CC)CC)ccc12,50E4CC3B42DB2A1D81BA2FCB02D3EA8F0BF1EB0B92ACDAB1C80BFBFCC39A06BB,HOST_CAN_0035,PASS,NCCO,4976275C1BA8E4AC07B8B07E746A7BCEFAAB5F668FF027903A2869511480E972,GUEST_CAN_0805,PASS,2.6581645,XGB_pair,1,7
1367,18,393,CC1=C2C3=CC4=C1OC5C6=CC7=CC(=C6)OC8=CC(=CC(=C8)C(=O)O)OC9=CC1=CC(=C9)C6OC8=C(C=C(C4CCC(=O)O)C(=C8C)O5)C(C4=C(O6)C(=C5C(=C4)C(C4=C6C(=C(C(=C4)C3CCC(=O)O)OC(O2)C2=CC(=CC(=C2)OC2=CC(=CC(=C2)C(=O)O)OC2=CC(=CC(=C2)C(O5)O6)OC2=CC(=CC(=C2)C(=O)O)O1)OC1=CC(=CC(=C1)C(=O)O)O7)C)CCC(=O)O)C)CCC(=O)O,CC(C(=O)O)(CC=C)C,cavitand,3.029400110244751,Cc1c2c3cc4c1OC1Oc5c(cc6c(c5C)OC5Oc7c(cc8c(c7C)OC7Oc9c(cc(c(c9C)OC(O2)c2cc9cc(c2)Oc2cc(cc(C(=O)O)c2)Oc2cc(cc7c2)Oc2cc(cc(C(=O)O)c2)Oc2cc(cc5c2)Oc2cc(cc(C(=O)O)c2)Oc2cc(cc1c2)Oc1cc(cc(C(=O)O)c1)O9)C3CCC(=O)O)C8CCC(=O)O)C6CCC(=O)O)C4CCC(=O)O,326FFD4B5C5565D32207155C0B129AE16AFCA7B3342F0DAD815C24AB8DFA8483,HOST_CAN_0099,PASS,C=CCC(C)(C)C(=O)O,7A277F8950B7F161775E624E31A7234B87C9D24EC354999D20B7511D018BA08A,GUEST_CAN_0044,PASS,3.133668,XGB_pair,1,7
1382,2,816,C1N2C3C4N(C2=O)CN5C6C7N(C5=O)CN8C9C2N(C8=O)CN5C8C%10N(C5=O)CN5C%11C(N1C5=O)N1CN3C(=O)N4CN6C(=O)N7CN9C(=O)N2CN8C(=O)N%10CN%11C1=O,[N+](=O)([O-])[O-].[Li+],cucurbituril,2.021199941635132,O=C1N2CN3C(=O)N4CN5C(=O)N6CN7C(=O)N8CN9C(=O)N%10CN1C1C2N2CN%11C(=O)N(CN%12C(=O)N(CN%13C(=O)N(CN%14C(=O)N(CN1C2=O)C%10C9%14)C8C7%13)C6C5%12)C4C3%11,EE085DEDB538468744A3EBDAC86A0BF01B424E1C1BBF9C3E804B43220B2C1DDA,HOST_CAN_0150,PASS,O=[N+]([O-])[O-].[Li+],2997C9ACA5F890A358C9434541A04140E5856390778573452028F86074BFD716,GUEST_CAN_0949,PASS,2.7807493,XGB_pair,1,7
1385,148,347,COC[C@H]1O[C@@H]2O[C@H]3[C@H](COC)O[C@H]([C@H]([C@@H]3OC)OC)O[C@H]3[C@H](COC)O[C@H]([C@H]([C@@H]3OC)OC)O[C@H]3[C@H](COC)O[C@H]([C@H]([C@@H]3OC)OC)O[C@H]3[C@@H](O[C@@H](O[C@@H]4[C@H](O[C@H](O[C@@H]5[C@H](O[C@H](O[C@H]1[C@@H]([C@H]2OC)OC)[C@H](OC)[C@H]5OC)COc1cccc2c1nccc2)[C@H](OC)[C@H]4OC)COC)[C@@H](OC)[C@@H]3OC)COC,[Na]OC(=O)CNOC(=O)CCC([C@H]1CC[C@@H]2[C@]1(C)[C@@H](O)C[C@H]1[C@H]2[C@H](O)C[C@H]2[C@]1(C)CC[C@H](C2)O)C,cyclodextrin,4.029399871826172,COC[C@@H]1O[C@H]2O[C@@H]3[C@@H](OC)[C@H](OC)[C@H](O[C@H]4[C@H](OC)[C@@H](OC)[C@@H](O[C@H]5[C@H](OC)[C@@H](OC)[C@@H](O[C@H]6[C@H](OC)[C@@H](OC)[C@@H](O[C@@H]7[C@@H](OC)[C@H](OC)[C@H](O[C@@H]8[C@@H](OC)[C@H](OC)[C@H](O[C@@H]1[C@@H](OC)[C@@H]2OC)O[C@H]8COC)O[C@H]7COC)O[C@@H]6COC)O[C@@H]5COc1cccc2cccnc12)O[C@@H]4COC)O[C@H]3COC,BE6818D0F7F39A9C8E583555E0CBF232C6316093EE196DB44DE66AC74E86FDDD,HOST_CAN_0063,PASS,CC(CCC(=O)ONCC(=O)[O][Na])[C@H]1CC[C@H]2[C@@H]3[C@H](O)C[C@@H]4C[C@H](O)CC[C@]4(C)[C@H]3C[C@H](O)[C@]12C,51B5AC142E25B7D44702DD7E725372C2BF956D4EDF34BE5A2E7E9ED74F257862,GUEST_CAN_0171,PASS,5.2572584,XGB_pair,1,7
1423,46,837,C1C2=CC(=CC(=C2O)CC3=CC(=CC(=C3O)CC4=C(C(=CC(=C4)S(=O)(=O)O)CC5=C(C1=CC(=C5)S(=O)(=O)[O-])O)O)S(=O)(=O)O)S(=O)(=O)O.[Na+],N1=CC=C(C=C1)C1=CC=NC=C1,calixarene,1.6434999704360962,O=S(=O)([O-])c1cc2c(O)c(c1)Cc1cc(S(=O)(=O)O)cc(c1O)Cc1cc(S(=O)(=O)O)cc(c1O)Cc1cc(S(=O)(=O)O)cc(c1O)C2.[Na+],CA94CECC10EDB9167B38E05C5D125873C9C1506ED227A3D9C6CBBCD696828A96,HOST_CAN_0163,PASS,c1cc(-c2ccncc2)ccn1,DEE9BD7AA80FD759D9512F899E5B26B6D8953648388A070F9641BC1DACF28421,GUEST_CAN_1121,PASS,3.1828356,XGB_pair,1,7
1450,18,257,CC1=C2C3=CC4=C1OC5C6=CC7=CC(=C6)OC8=CC(=CC(=C8)C(=O)O)OC9=CC1=CC(=C9)C6OC8=C(C=C(C4CCC(=O)O)C(=C8C)O5)C(C4=C(O6)C(=C5C(=C4)C(C4=C6C(=C(C(=C4)C3CCC(=O)O)OC(O2)C2=CC(=CC(=C2)OC2=CC(=CC(=C2)C(=O)O)OC2=CC(=CC(=C2)C(O5)O6)OC2=CC(=CC(=C2)C(=O)O)O1)OC1=CC(=CC(=C1)C(=O)O)O7)C)CCC(=O)O)C)CCC(=O)O,[B-]C#N.[Na+],cavitand,2.014899969100952,Cc1c2c3cc4c1OC1Oc5c(cc6c(c5C)OC5Oc7c(cc8c(c7C)OC7Oc9c(cc(c(c9C)OC(O2)c2cc9cc(c2)Oc2cc(cc(C(=O)O)c2)Oc2cc(cc7c2)Oc2cc(cc(C(=O)O)c2)Oc2cc(cc5c2)Oc2cc(cc(C(=O)O)c2)Oc2cc(cc1c2)Oc1cc(cc(C(=O)O)c1)O9)C3CCC(=O)O)C8CCC(=O)O)C6CCC(=O)O)C4CCC(=O)O,326FFD4B5C5565D32207155C0B129AE16AFCA7B3342F0DAD815C24AB8DFA8483,HOST_CAN_0099,PASS,[B-]C#N.[Na+],6E772614713BBC86FC89ED5E24C8307A59F018048CC86C967F9B9862D42B8DE7,GUEST_CAN_1011,PASS,1.8686912,XGB_pair,1,7
1487,57,128,O=S(OC1=C2C(C3C4=CC5=C(C=C4C2C3)C6C7=C(C5C6)C=CC=C7)=C(OS(=O)([O-])=O)C8=C1C9C%10=CC(C%11C(C=CC=C%12)=C%12C%13C%11)=C%13C=C%10C8C9)([O-])=O.[Na+].[Na+],CC(C(=O)NC(C)C(=O)O)NC(=O)C(CCCCN)N,other,3.5185000896453857,O=S(=O)([O-])Oc1c2c(c(OS(=O)(=O)[O-])c3c1C1CC3c3cc4c(cc31)C1CC4c3ccccc31)C1CC2c2cc3c(cc21)C1CC3c2ccccc21.[Na+].[Na+],5412FB52C8CBD58449E920A6B0055A7974AA5ED214A245A72F491F8E36BD048F,HOST_CAN_0161,PASS,CC(NC(=O)C(C)NC(=O)C(N)CCCCN)C(=O)O,6B60BD9D877B495644FFD1994D39DBA22E57ACB5DF9DF710853F9E07FADFADC2,GUEST_CAN_0185,PASS,3.3046424,XGB_pair,1,7
1493,82,108,OC1=C2C=C(S(=O)([O-])=O)C=C1CC3=C(O)C(CC4=CC(S(=O)([O-])=O)=CC(CC5=CC(S(=O)([O-])=O)=CC(CC6=CC(S(=O)([O-])=O)=CC(CC(C=C(S(=O)([O-])=O)C=C7C2)=C7O)=C6O)=C5OCCN)=C4O)=CC(S(=O)([O-])=O)=C3,OC(=O)C(CCCNC(=[NH2+])N)N,calixarene,3.3048999309539795,NCCOc1c2cc(S(=O)(=O)[O-])cc1Cc1cc(S(=O)(=O)[O-])cc(c1O)Cc1cc(S(=O)(=O)[O-])cc(c1O)Cc1cc(S(=O)(=O)[O-])cc(c1O)Cc1cc(S(=O)(=O)[O-])cc(c1O)Cc1cc(S(=O)(=O)[O-])cc(c1O)C2,943BCEA8586BE526CE8501B61202A05D77257BC2BB9DA3A3C52BD077795B3D50,HOST_CAN_0111,PASS,NC(=[NH2+])NCCCC(N)C(=O)O,3A95B838A3F3E4B9211C1F9CE461FB93EA851D8F0AA68498288217A21AD77FAC,GUEST_CAN_0726,PASS,2.8501592,XGB_pair,1,7
1502,78,660,COC[C@@H]1O[C@H]2O[C@@H]3[C@@H](COC)O[C@@H]([C@@H]([C@H]3OC)OC)O[C@@H]3[C@@H](COC)O[C@@H]([C@@H]([C@H]3OC)OC)O[C@@H]3[C@@H](COC)O[C@@H]([C@@H]([C@H]3OC)OC)O[C@H]3[C@@H](O[C@@H](O[C@H]4[C@@H](O[C@@H](O[C@H]5[C@@H](O[C@@H](O[C@@H]1[C@H]([C@@H]2OC)OC)[C@@H](OC)[C@@H]5OC)COC)[C@@H](OC)[C@@H]4OC)COC)[C@@H](OC)[C@@H]3OC)COC,Nc1ccc(cc1)N=Nc1ccccc1,cyclodextrin,3.2002999782562256,COC[C@@H]1O[C@H]2O[C@@H]3[C@@H](OC)[C@H](OC)[C@H](O[C@H]4[C@H](OC)[C@@H](OC)[C@@H](O[C@H]5[C@H](OC)[C@@H](OC)[C@@H](O[C@H]6[C@H](OC)[C@@H](OC)[C@@H](O[C@@H]7[C@@H](OC)[C@H](OC)[C@H](O[C@@H]8[C@@H](OC)[C@H](OC)[C@H](O[C@@H]1[C@@H](OC)[C@@H]2OC)O[C@H]8COC)O[C@H]7COC)O[C@@H]6COC)O[C@@H]5COC)O[C@@H]4COC)O[C@H]3COC,4DBC704653D506001F39C2066C78337580D179894FB25234B01BA86A08D866EF,HOST_CAN_0061,PASS,Nc1ccc(N=Nc2ccccc2)cc1,758B8F886695362E3148DEDEC0BB55611DB0A0A2A53DAD1F9F03B40EC6809100,GUEST_CAN_0829,PASS,4.423485,XGB_pair,1,7
1513,104,13,C1COCCOCCN2CCOCCOCCN1CCOCCOCCOCC2,[Cs+],other,2.0,C1COCCN2CCOCCOCCN(CCOCCO1)CCOCCOCC2,FC2FBDD1CDCC0BE65573222C4E8FD2959C4D898D99922B825F4B9F435E9AD133,HOST_CAN_0005,PASS,[Cs+],2007C7CB8E9E407AF1FE3CC70080E500F82FCC5BB652DA30AE9309E09D1E52EF,GUEST_CAN_1052,PASS,5.1363935,XGB_pair,1,7
1517,32,867,OC(=O)c1ccc(cc1)N=Nc1cc2Cc3cc(N=Nc4ccc(cc4)C(=O)O)cc(c3O)Cc3cc(cc(Cc4c(c(Cc(c1)c2O)cc(N=Nc1ccc(cc1)C(=O)O)c4)O)c3O)/N=N/c1ccc(cc1)C(=O)O,C(C1=CC=CC=C1)(=O)O[C@@H]1[C@@]2(C[C@@H](C(=C([C@H](C([C@@]3([C@H](C[C@H]4OC[C@]4([C@@H]13)OC(C)=O)O)C)=O)O)C2(C)C)C)OC([C@@H]([C@H](C2=CC=CC=C2)NC(=O)OC(C)(C)C)O)=O)O,calixarene,5.662799835205078,O=C(O)c1ccc(N=Nc2cc3c(O)c(c2)Cc2cc(N=Nc4ccc(C(=O)O)cc4)cc(c2O)Cc2cc(/N=N/c4ccc(C(=O)O)cc4)cc(c2O)Cc2cc(N=Nc4ccc(C(=O)O)cc4)cc(c2O)C3)cc1,5B585DBFF951CBB98E465DBECF308ACBE2EAF8773CE9C58156BE700CBB287248,HOST_CAN_0134,PASS,CC(=O)O[C@@]12CO[C@@H]1C[C@H](O)[C@@]1(C)C(=O)[C@H](O)C3=C(C)[C@@H](OC(=O)[C@H](O)[C@@H](NC(=O)OC(C)(C)C)c4ccccc4)C[C@@](O)([C@@H](OC(=O)c4ccccc4)[C@H]21)C3(C)C,FD8F8CCFA1C7F8132165FA1A12A866BA5F737274C5CD78290F236E0B5638E342,GUEST_CAN_0102,PASS,5.000817,XGB_pair,1,7
1541,63,768,Oc1c2Cc3cc(cc(c3O)Cc3cc(cc(c3O)Cc3cc(cc(c3O)Cc3cc(cc(Cc4c(c(Cc5c(c(Cc6c(c(Cc1cc(c2)S(=O)(=O)[O-])cc(c6)S(=O)(=O)[O-])O)cc(c5)S(=O)(=O)[O-])O)cc(c4)S(=O)(=O)[O-])O)c3O)S(=O)(=O)[O-])S(=O)(=O)[O-])S(=O)(=O)[O-])S(=O)(=O)[O-],CCNC1=C(C=C2C(=C1)OC3=CC(=[NH+]CC)C(=CC3=C2C4=CC=CC=C4C(=O)OCC)C)C.[Cl-],calixarene,6.278800010681152,O=S(=O)([O-])c1cc2c(O)c(c1)Cc1cc(S(=O)(=O)[O-])cc(c1O)Cc1cc(S(=O)(=O)[O-])cc(c1O)Cc1cc(S(=O)(=O)[O-])cc(c1O)Cc1cc(S(=O)(=O)[O-])cc(c1O)Cc1cc(S(=O)(=O)[O-])cc(c1O)Cc1cc(S(=O)(=O)[O-])cc(c1O)Cc1cc(S(=O)(=O)[O-])cc(c1O)C2,3C24C9B25872FE0768A640DF44D242D9AEC5F3FA9C167A457997BAE8D628FFF1,HOST_CAN_0166,PASS,CCNc1cc2oc3cc(=[NH+]CC)c(C)cc-3c(-c3ccccc3C(=O)OCC)c2cc1C.[Cl-],7747AE094C60B01CC68A562B284C6966F13F3487956DAAB5A7B13BEFB4A724EF,GUEST_CAN_0359,PASS,4.422981,XGB_pair,1,7
1543,104,63,C1COCCOCCN2CCOCCOCCN1CCOCCOCCOCC2,[Rb+],other,2.049999952316284,C1COCCN2CCOCCOCCN(CCOCCO1)CCOCCOCC2,FC2FBDD1CDCC0BE65573222C4E8FD2959C4D898D99922B825F4B9F435E9AD133,HOST_CAN_0005,PASS,[Rb+],A81E1030429F736D8E35EA84C21CDFC8BA21CABFAB462465BE82BDA25EAD58DF,GUEST_CAN_1109,PASS,4.345072,XGB_pair,1,7
1599,85,534,OC[C@H]1O[C@@H]2O[C@@H]3[C@@H](CO)O[C@H](O[C@@H]4[C@@H](CO)O[C@H](O[C@@H]5[C@@H](CO)O[C@H](O[C@@H]6[C@@H](CO)O[C@H](O[C@@H]7[C@@H](CO)O[C@H](O[C@@H]8[C@@H](CO)O[C@H](O[C@@H]9[C@@H](CO)O[C@H](O[C@H]1[C@H](O)[C@H]2O)[C@H](O)[C@H]9O)[C@H](O)[C@H]8O)[C@H](O)[C@H]7O)[C@H](O)[C@H]6O)[C@H](O)[C@H]5O)[C@H](O)[C@H]4O)[C@H](O)[C@H]3O,COC1=CC=C2C=CC(OC2=C1)=O,cyclodextrin,1.6128000020980835,OC[C@H]1O[C@@H]2O[C@H]3[C@H](O)[C@@H](O)[C@@H](O[C@H]4[C@H](O)[C@@H](O)[C@@H](O[C@H]5[C@H](O)[C@@H](O)[C@@H](O[C@H]6[C@H](O)[C@@H](O)[C@@H](O[C@H]7[C@H](O)[C@@H](O)[C@@H](O[C@H]8[C@H](O)[C@@H](O)[C@@H](O[C@H]9[C@H](O)[C@@H](O)[C@@H](O[C@H]1[C@H](O)[C@H]2O)O[C@@H]9CO)O[C@@H]8CO)O[C@@H]7CO)O[C@@H]6CO)O[C@@H]5CO)O[C@@H]4CO)O[C@@H]3CO,4E4982FCAA8A96CE9D40EDC97C9574B542F86F2BEB463ECAA6DCE3670D2F9B83,HOST_CAN_0177,PASS,COc1ccc2ccc(=O)oc2c1,BBFF65292696BF603D542E884ED889303907761B22AFB5023666365137454B7D,GUEST_CAN_0501,PASS,3.8283558,XGB_pair,1,7
1627,113,175,CC(C)(C)C1=CC(=C(C=C1)NC(=O)NC2=CC=C(C=C2)OC)C#CC3=CC(=CC(=C3)F)C#CC4=C(C=CC(=C4)C(C)(C)C)NC(=O)NC5=CC=C(C=C5)OC,CCCC[N+](CCCC)(CCCC)CCCC.[I-],other,2.380199909210205,COc1ccc(NC(=O)Nc2ccc(C(C)(C)C)cc2C#Cc2cc(F)cc(C#Cc3cc(C(C)(C)C)ccc3NC(=O)Nc3ccc(OC)cc3)c2)cc1,CC14C98694D7DB72052C5901A8B30B3BF101C436F16C1C7E4CC798C85C914ABF,HOST_CAN_0076,PASS,CCCC[N+](CCCC)(CCCC)CCCC.[I-],AEB60E90607A4F8C1F949B3EACD125A2B91E0A4DEAD7B24D9097176DB9E506E4,GUEST_CAN_0318,PASS,3.5786202,XGB_pair,1,7
1648,2,915,C1N2C3C4N(C2=O)CN5C6C7N(C5=O)CN8C9C2N(C8=O)CN5C8C%10N(C5=O)CN5C%11C(N1C5=O)N1CN3C(=O)N4CN6C(=O)N7CN9C(=O)N2CN8C(=O)N%10CN%11C1=O,[N+](=O)([O-])[O-].[N+](=O)([O-])[O-].[Ca+2],cucurbituril,2.454400062561035,O=C1N2CN3C(=O)N4CN5C(=O)N6CN7C(=O)N8CN9C(=O)N%10CN1C1C2N2CN%11C(=O)N(CN%12C(=O)N(CN%13C(=O)N(CN%14C(=O)N(CN1C2=O)C%10C9%14)C8C7%13)C6C5%12)C4C3%11,EE085DEDB538468744A3EBDAC86A0BF01B424E1C1BBF9C3E804B43220B2C1DDA,HOST_CAN_0150,PASS,O=[N+]([O-])[O-].O=[N+]([O-])[O-].[Ca+2],60651CFE56939A450FE549AE7D0F59C38F3C74DD2348316FB46CE2A60BB08538,GUEST_CAN_0943,PASS,2.658639,XGB_pair,1,7
1682,51,925,C1N2C3C4N(C2=O)CN5C6C7N(C5=O)CN8C9C2N(C8=O)CN5C8C%10N(C5=O)CN5C%11C%12N(C5=O)CN5C%13C%14N(C5=O)CN5C%15C%16N(C5=O)CN5C%17C%18N(C5=O)CN5C%19C%20N(C5=O)CN5C%21C(N1C5=O)N1CN3C(=O)N4CN6C(=O)N7CN9C(=O)N2CN8C(=O)N%10CN%11C(=O)N%12CN%13C(=O)N%14CN%15C(=O)N%16CN%17C(=O)N%18CN%19C(=O)N%20CN%21C1=O,c1ccc2c(n1)c1ncccc1cc2.c1ccc2c(n1)c1ncccc1cc2.c1ccc2c(n1)c1ncccc1cc2.[Ir+3],cucurbituril,7.0,O=C1N2CN3C(=O)N4CN5C(=O)N6CN7C(=O)N8CN9C(=O)N%10CN%11C(=O)N%12CN%13C(=O)N%14CN%15C(=O)N%16CN%17C(=O)N%18CN%19C(=O)N%20CN1C1C2N2CN%21C(=O)N(CN%22C(=O)N(CN%23C(=O)N(CN%24C(=O)N(CN%25C(=O)N(CN%26C(=O)N(CN%27C(=O)N(CN%28C(=O)N(CN%29C(=O)N(CN1C2=O)C%20C%19%29)C%18C%17%28)C%16C%15%27)C%14C%13%26)C%12C%11%25)C%10C9%24)C8C7%23)C6C5%22)C4C3%21,E6025A48DEEE6C9E6878EC627A6CB37BA95516523DC76F4BD8E7A3BC0D967C68,HOST_CAN_0142,PASS,[Ir+3].c1cnc2c(c1)ccc1cccnc12.c1cnc2c(c1)ccc1cccnc12.c1cnc2c(c1)ccc1cccnc12,1B782584E4FDDB9DDEF7F5F5CEE10371FBA62BF5316F56E291FB7B4B074F243F,GUEST_CAN_1066,PASS,7.0196176,XGB_pair,1,7
1691,18,146,CC1=C2C3=CC4=C1OC5C6=CC7=CC(=C6)OC8=CC(=CC(=C8)C(=O)O)OC9=CC1=CC(=C9)C6OC8=C(C=C(C4CCC(=O)O)C(=C8C)O5)C(C4=C(O6)C(=C5C(=C4)C(C4=C6C(=C(C(=C4)C3CCC(=O)O)OC(O2)C2=CC(=CC(=C2)OC2=CC(=CC(=C2)C(=O)O)OC2=CC(=CC(=C2)C(O5)O6)OC2=CC(=CC(=C2)C(=O)O)O1)OC1=CC(=CC(=C1)C(=O)O)O7)C)CCC(=O)O)C)CCC(=O)O,CC(CC=C)C(=O)O,cavitand,3.053100109100342,Cc1c2c3cc4c1OC1Oc5c(cc6c(c5C)OC5Oc7c(cc8c(c7C)OC7Oc9c(cc(c(c9C)OC(O2)c2cc9cc(c2)Oc2cc(cc(C(=O)O)c2)Oc2cc(cc7c2)Oc2cc(cc(C(=O)O)c2)Oc2cc(cc5c2)Oc2cc(cc(C(=O)O)c2)Oc2cc(cc1c2)Oc1cc(cc(C(=O)O)c1)O9)C3CCC(=O)O)C8CCC(=O)O)C6CCC(=O)O)C4CCC(=O)O,326FFD4B5C5565D32207155C0B129AE16AFCA7B3342F0DAD815C24AB8DFA8483,HOST_CAN_0099,PASS,C=CCC(C)C(=O)O,51184B5BD1B19DE00A6B65CD75F4785FC00327935394FF712350D4BB68B7BAF7,GUEST_CAN_0045,PASS,2.6652484,XGB_pair,1,7
1711,85,900,OC[C@H]1O[C@@H]2O[C@@H]3[C@@H](CO)O[C@H](O[C@@H]4[C@@H](CO)O[C@H](O[C@@H]5[C@@H](CO)O[C@H](O[C@@H]6[C@@H](CO)O[C@H](O[C@@H]7[C@@H](CO)O[C@H](O[C@@H]8[C@@H](CO)O[C@H](O[C@@H]9[C@@H](CO)O[C@H](O[C@H]1[C@H](O)[C@H]2O)[C@H](O)[C@H]9O)[C@H](O)[C@H]8O)[C@H](O)[C@H]7O)[C@H](O)[C@H]6O)[C@H](O)[C@H]5O)[C@H](O)[C@H]4O)[C@H](O)[C@H]3O,C1C2C3CC4(CC2C5CC1(CC3C5C4)N)N,cyclodextrin,1.0,OC[C@H]1O[C@@H]2O[C@H]3[C@H](O)[C@@H](O)[C@@H](O[C@H]4[C@H](O)[C@@H](O)[C@@H](O[C@H]5[C@H](O)[C@@H](O)[C@@H](O[C@H]6[C@H](O)[C@@H](O)[C@@H](O[C@H]7[C@H](O)[C@@H](O)[C@@H](O[C@H]8[C@H](O)[C@@H](O)[C@@H](O[C@H]9[C@H](O)[C@@H](O)[C@@H](O[C@H]1[C@H](O)[C@H]2O)O[C@@H]9CO)O[C@@H]8CO)O[C@@H]7CO)O[C@@H]6CO)O[C@@H]5CO)O[C@@H]4CO)O[C@@H]3CO,4E4982FCAA8A96CE9D40EDC97C9574B542F86F2BEB463ECAA6DCE3670D2F9B83,HOST_CAN_0177,PASS,NC12CC3C4CC5(N)CC3C(C1)C(C5)C4C2,178967A82FE4D5006A72A7B63F3D2FF615745F7AA6CFA32B24B2EAA0234DB994,GUEST_CAN_0756,PASS,5.738693,XGB_pair,1,7
1739,108,109,O=C1N2CN3C(=O)N4C5C3N3CN6C2C2N1CN1C(=O)N7C8C1N(CN2C6=O)C(=O)N8CN1[C@H]2N(C7)C(=O)N6C2N(C1=O)CN1[C@@H]2N(C6)C(=O)N6[C@@H]2N(C1=O)CN1[C@H]2[C@@H]7N(CN8C(=O)N(C4)C4N(CN5C3=O)C(=O)N(C84)CN7C1=O)C(=O)N2C6,C(CC(C(=O)O)N)CN=C(N)N,cucurbituril,4.204100131988525,O=C1N2CN3C(=O)N4CN5C(=O)N6CN7C(=O)N8CN9C(=O)N%10CN%11C(=O)N%12CN%13C(=O)N%14CN1C1C2N2CN%15C(=O)N(CN%16C(=O)N(CN%17C(=O)N(CN%18C(=O)N(CN%19C(=O)N(CN%20C(=O)N(CN1C2=O)C%14C%13%20)[C@H]%12C%11%19)[C@@H]%10[C@@H]9%18)[C@@H]8[C@@H]7%17)C6C5%16)C4C3%15,BD6B34731933265D03CE9AFCE130892456A328BC5C42751231203ABC90CAB3FC,HOST_CAN_0146,PASS,NC(N)=NCCCC(N)C(=O)O,0E8C75093E2FC997DA04592D0B5BF85F1497CF3AA52A61C1DE57D4718119AA31,GUEST_CAN_0751,PASS,5.0593696,XGB_pair,1,7
1751,124,175,CC(C)(C)C1=CC(=C(C=C1)NC(=O)NC2=CC=C(C=C2)OC)C#CC3=CC(=CC(=C3)[N+](=O)[O-])C#CC4=C(C=CC(=C4)C(C)(C)C)NC(=O)NC5=CC=C(C=C5)OC,CCCC[N+](CCCC)(CCCC)CCCC.[I-],other,2.763400077819824,COc1ccc(NC(=O)Nc2ccc(C(C)(C)C)cc2C#Cc2cc(C#Cc3cc(C(C)(C)C)ccc3NC(=O)Nc3ccc(OC)cc3)cc([N+](=O)[O-])c2)cc1,8DCC7464D23383F1AE40036D7D458C209BF9C2BB013AE26B6E3A977C1D16796E,HOST_CAN_0074,PASS,CCCC[N+](CCCC)(CCCC)CCCC.[I-],AEB60E90607A4F8C1F949B3EACD125A2B91E0A4DEAD7B24D9097176DB9E506E4,GUEST_CAN_0318,PASS,3.7128332,XGB_pair,1,7
1819,18,795,CC1=C2C3=CC4=C1OC5C6=CC7=CC(=C6)OC8=CC(=CC(=C8)C(=O)O)OC9=CC1=CC(=C9)C6OC8=C(C=C(C4CCC(=O)O)C(=C8C)O5)C(C4=C(O6)C(=C5C(=C4)C(C4=C6C(=C(C(=C4)C3CCC(=O)O)OC(O2)C2=CC(=CC(=C2)OC2=CC(=CC(=C2)C(=O)O)OC2=CC(=CC(=C2)C(O5)O6)OC2=CC(=CC(=C2)C(=O)O)O1)OC1=CC(=CC(=C1)C(=O)O)O7)C)CCC(=O)O)C)CCC(=O)O,C1=CC=C2C=C(C(=CC2=C1)C(=O)O)O,cavitand,5.100399971008301,Cc1c2c3cc4c1OC1Oc5c(cc6c(c5C)OC5Oc7c(cc8c(c7C)OC7Oc9c(cc(c(c9C)OC(O2)c2cc9cc(c2)Oc2cc(cc(C(=O)O)c2)Oc2cc(cc7c2)Oc2cc(cc(C(=O)O)c2)Oc2cc(cc5c2)Oc2cc(cc(C(=O)O)c2)Oc2cc(cc1c2)Oc1cc(cc(C(=O)O)c1)O9)C3CCC(=O)O)C8CCC(=O)O)C6CCC(=O)O)C4CCC(=O)O,326FFD4B5C5565D32207155C0B129AE16AFCA7B3342F0DAD815C24AB8DFA8483,HOST_CAN_0099,PASS,O=C(O)c1cc2ccccc2cc1O,ED2AA3550EE4BA5A4099B17620624445CE39708FAA976730AB51482D40F5320B,GUEST_CAN_0882,PASS,5.0438957,XGB_pair,1,7
1878,85,204,OC[C@H]1O[C@@H]2O[C@@H]3[C@@H](CO)O[C@H](O[C@@H]4[C@@H](CO)O[C@H](O[C@@H]5[C@@H](CO)O[C@H](O[C@@H]6[C@@H](CO)O[C@H](O[C@@H]7[C@@H](CO)O[C@H](O[C@@H]8[C@@H](CO)O[C@H](O[C@@H]9[C@@H](CO)O[C@H](O[C@H]1[C@H](O)[C@H]2O)[C@H](O)[C@H]9O)[C@H](O)[C@H]8O)[C@H](O)[C@H]7O)[C@H](O)[C@H]6O)[C@H](O)[C@H]5O)[C@H](O)[C@H]4O)[C@H](O)[C@H]3O,OCC[n+]1ccc(cc1/C=C(/C=C/C=C(/C=C/C1=C(C)CCCC1(C)C)\C)\C)/C=C/C=C(/C=C/C1=C(C)CCCC1(C)C)\C,cyclodextrin,0.43779999017715454,OC[C@H]1O[C@@H]2O[C@H]3[C@H](O)[C@@H](O)[C@@H](O[C@H]4[C@H](O)[C@@H](O)[C@@H](O[C@H]5[C@H](O)[C@@H](O)[C@@H](O[C@H]6[C@H](O)[C@@H](O)[C@@H](O[C@H]7[C@H](O)[C@@H](O)[C@@H](O[C@H]8[C@H](O)[C@@H](O)[C@@H](O[C@H]9[C@H](O)[C@@H](O)[C@@H](O[C@H]1[C@H](O)[C@H]2O)O[C@@H]9CO)O[C@@H]8CO)O[C@@H]7CO)O[C@@H]6CO)O[C@@H]5CO)O[C@@H]4CO)O[C@@H]3CO,4E4982FCAA8A96CE9D40EDC97C9574B542F86F2BEB463ECAA6DCE3670D2F9B83,HOST_CAN_0177,PASS,CC1=C(/C=C/C(C)=C/C=C/C(C)=C/c2cc(/C=C/C=C(C)/C=C/C3=C(C)CCCC3(C)C)cc[n+]2CCO)C(C)(C)CCC1,AF14544FD45BF36DD2281117A67D98511285A66EC9BB7F5547CB09A7BFEAD670,GUEST_CAN_0236,PASS,4.9162993,XGB_pair,1,7
1914,177,1013,OC1=C(C(CCCCCCCCCCC)C2=C(O)C=C(O)C(C(CCCCCCCCCCC)C3=CC(C(CCCCCCCCCCC)C4=C(O)C=C(O)C5=C4)=C(O)C=C3O)=C2)C=C(C5CCCCCCCCCCC)C(O)=C1,CC[N+](=C1C=CC2=NC3=C(C=C(C4=CC=CC=C43)N)OC2=C1)CC.[Cl-],calixarene,5.875100135803223,CCCCCCCCCCCC1c2cc(c(O)cc2O)C(CCCCCCCCCCC)c2cc(c(O)cc2O)C(CCCCCCCCCCC)c2cc(c(O)cc2O)C(CCCCCCCCCCC)c2cc1c(O)cc2O,22B236C675D1E6ACA5D27CF000205297A050D8E36D91827080FD40037A1854F8,HOST_CAN_0023,PASS,CC[N+](CC)=c1ccc2nc3c(cc(N)c4ccccc43)oc-2c1.[Cl-],35A92B9A491388E4BBC4AA3C56C4DE0FA661F3C94ED7E74EF52E6DB038474113,GUEST_CAN_0379,PASS,5.103007,XGB_pair,1,7
1919,85,111,OC[C@H]1O[C@@H]2O[C@@H]3[C@@H](CO)O[C@H](O[C@@H]4[C@@H](CO)O[C@H](O[C@@H]5[C@@H](CO)O[C@H](O[C@@H]6[C@@H](CO)O[C@H](O[C@@H]7[C@@H](CO)O[C@H](O[C@@H]8[C@@H](CO)O[C@H](O[C@@H]9[C@@H](CO)O[C@H](O[C@H]1[C@H](O)[C@H]2O)[C@H](O)[C@H]9O)[C@H](O)[C@H]8O)[C@H](O)[C@H]7O)[C@H](O)[C@H]6O)[C@H](O)[C@H]5O)[C@H](O)[C@H]4O)[C@H](O)[C@H]3O,[O-]C(=O)CC12C[C@@H]3C[C@H](C2)C[C@H](C1)C3.[K+],cyclodextrin,3.0127999782562256,OC[C@H]1O[C@@H]2O[C@H]3[C@H](O)[C@@H](O)[C@@H](O[C@H]4[C@H](O)[C@@H](O)[C@@H](O[C@H]5[C@H](O)[C@@H](O)[C@@H](O[C@H]6[C@H](O)[C@@H](O)[C@@H](O[C@H]7[C@H](O)[C@@H](O)[C@@H](O[C@H]8[C@H](O)[C@@H](O)[C@@H](O[C@H]9[C@H](O)[C@@H](O)[C@@H](O[C@H]1[C@H](O)[C@H]2O)O[C@@H]9CO)O[C@@H]8CO)O[C@@H]7CO)O[C@@H]6CO)O[C@@H]5CO)O[C@@H]4CO)O[C@@H]3CO,4E4982FCAA8A96CE9D40EDC97C9574B542F86F2BEB463ECAA6DCE3670D2F9B83,HOST_CAN_0177,PASS,O=C([O-])CC12C[C@H]3C[C@@H](C1)C[C@@H](C2)C3.[K+],C5C5053DBF412D69C278883C5CA9706808D4A8C715517C37F2A6A2FC40562891,GUEST_CAN_0899,PASS,5.2514777,XGB_pair,1,7
1926,22,837,Oc1c2Sc3cc(cc(c3O)Sc3cc(cc(Sc4c(c(Sc1cc(c2)S(=O)(=O)O)cc(c4)S(=O)(=O)O)O)c3O)S(=O)(=O)O)S(=O)(=O)O,N1=CC=C(C=C1)C1=CC=NC=C1,calixarene,1.6901999711990356,O=S(=O)(O)c1cc2c(O)c(c1)Sc1cc(S(=O)(=O)O)cc(c1O)Sc1cc(S(=O)(=O)O)cc(c1O)Sc1cc(S(=O)(=O)O)cc(c1O)S2,5FE888C1FB51BDA35D21231A31EDB8203ACD56DD9744D0C6B83351EC668D4256,HOST_CAN_0156,PASS,c1cc(-c2ccncc2)ccn1,DEE9BD7AA80FD759D9512F899E5B26B6D8953648388A070F9641BC1DACF28421,GUEST_CAN_1121,PASS,3.141544,XGB_pair,1,7
1937,108,828,O=C1N2CN3C(=O)N4C5C3N3CN6C2C2N1CN1C(=O)N7C8C1N(CN2C6=O)C(=O)N8CN1[C@H]2N(C7)C(=O)N6C2N(C1=O)CN1[C@@H]2N(C6)C(=O)N6[C@@H]2N(C1=O)CN1[C@H]2[C@@H]7N(CN8C(=O)N(C4)C4N(CN5C3=O)C(=O)N(C84)CN7C1=O)C(=O)N2C6,C(CCC[NH3+])CC[NH3+],cucurbituril,5.944499969482422,O=C1N2CN3C(=O)N4CN5C(=O)N6CN7C(=O)N8CN9C(=O)N%10CN%11C(=O)N%12CN%13C(=O)N%14CN1C1C2N2CN%15C(=O)N(CN%16C(=O)N(CN%17C(=O)N(CN%18C(=O)N(CN%19C(=O)N(CN%20C(=O)N(CN1C2=O)C%14C%13%20)[C@H]%12C%11%19)[C@@H]%10[C@@H]9%18)[C@@H]8[C@@H]7%17)C6C5%16)C4C3%15,BD6B34731933265D03CE9AFCE130892456A328BC5C42751231203ABC90CAB3FC,HOST_CAN_0146,PASS,[NH3+]CCCCCC[NH3+],F8B64A9C0C6C3056EB057C2D05280D91AB693D755C321785452FCBD6116BF573,GUEST_CAN_1085,PASS,6.922322,XGB_pair,1,7
1942,66,768,O=C1N(C2)[C@@](N3CN4[C@]5([H])N2C(N(CN6C(N(C7)[C@@](N8CN9[C@]%10(C)N7C(N(CC%11=C%12C(OCCCS(=O)(O[Na])=O)=CC=C%11OCCCS(=O)(O[Na])=O)[C@]%10(C)N(C%12)C9=O)=O)([H])[C@]6([H])N%13C8=O)=O)[C@]5([H])N(C%13)C4=O)=O)(C)[C@@]%14(C)N1CC%15=C(OCCCS(=O)(O[Na])=O)C=CC(OCCCS(=O)(O[Na])=O)=C%15CN%14C3=O,CCNC1=C(C=C2C(=C1)OC3=CC(=[NH+]CC)C(=CC3=C2C4=CC=CC=C4C(=O)OCC)C)C.[Cl-],cucurbituril,5.68120002746582,C[C@]12N3Cc4c(OCCCS(=O)(=O)[O][Na])ccc(OCCCS(=O)(=O)[O][Na])c4CN1C(=O)N1CN4C(=O)N5CN6C(=O)N7CN8C(=O)N9Cc%10c(OCCCS(=O)(=O)[O][Na])ccc(OCCCS(=O)(=O)[O][Na])c%10CN%10C(=O)N(CN%11C(=O)N(CN%12C(=O)N(CN(C3=O)[C@]12C)[C@@H]4[C@H]%125)[C@@H]6[C@H]%117)[C@]8(C)[C@@]9%10C,B0B6F4791435866F75671253874506D0002CE2D2DEBD31C6E0C5946D874F1D29,HOST_CAN_0085,PASS,CCNc1cc2oc3cc(=[NH+]CC)c(C)cc-3c(-c3ccccc3C(=O)OCC)c2cc1C.[Cl-],7747AE094C60B01CC68A562B284C6966F13F3487956DAAB5A7B13BEFB4A724EF,GUEST_CAN_0359,PASS,5.9180255,XGB_pair,1,7
2041,184,53,C1COCCOCCOCCOCCOCCO1,[Na+].[Cl-],crown_ether,1.7999999523162842,C1COCCOCCOCCOCCOCCO1,AB2B68B16BC108ACBF4592C1902236C76AD72DB44D639D9AC3EE0A9ED5F433F6,HOST_CAN_0008,PASS,[Cl-].[Na+],75BE434EC1982F4169BCC68DFF522D1CE80C4ED9F32BD5BD82D1768FC8A5ED44,GUEST_CAN_1040,PASS,4.44118,XGB_pair,1,7
2057,114,347,COC[C@H]1O[C@@H]2O[C@H]3[C@H](COC)O[C@H]([C@H]([C@@H]3OC)OC)O[C@H]3[C@H](COC)O[C@H]([C@H]([C@@H]3OC)OC)O[C@H]3[C@H](COC)O[C@H]([C@H]([C@@H]3OC)OC)O[C@H]3[C@@H](O[C@@H](O[C@@H]4[C@H](O[C@H](O[C@@H]5[C@H](O[C@H](O[C@H]1[C@@H]([C@H]2OC)OC)[C@H](OC)[C@H]5OC)COc1cccc2c1cccc2)[C@H](OC)[C@H]4OC)COC)[C@@H](OC)[C@@H]3OC)COC,[Na]OC(=O)CNOC(=O)CCC([C@H]1CC[C@@H]2[C@]1(C)[C@@H](O)C[C@H]1[C@H]2[C@H](O)C[C@H]2[C@]1(C)CC[C@H](C2)O)C,cyclodextrin,3.637500047683716,COC[C@@H]1O[C@H]2O[C@@H]3[C@@H](OC)[C@H](OC)[C@H](O[C@H]4[C@H](OC)[C@@H](OC)[C@@H](O[C@H]5[C@H](OC)[C@@H](OC)[C@@H](O[C@H]6[C@H](OC)[C@@H](OC)[C@@H](O[C@@H]7[C@@H](OC)[C@H](OC)[C@H](O[C@@H]8[C@@H](OC)[C@H](OC)[C@H](O[C@@H]1[C@@H](OC)[C@@H]2OC)O[C@H]8COC)O[C@H]7COC)O[C@@H]6COC)O[C@@H]5COc1cccc2ccccc12)O[C@@H]4COC)O[C@H]3COC,7AE19FA8EF87D27413EA05F1D5DD130463E6A866CDA3A89A21EED2C3F3D61191,HOST_CAN_0062,PASS,CC(CCC(=O)ONCC(=O)[O][Na])[C@H]1CC[C@H]2[C@@H]3[C@H](O)C[C@@H]4C[C@H](O)CC[C@]4(C)[C@H]3C[C@H](O)[C@]12C,51B5AC142E25B7D44702DD7E725372C2BF956D4EDF34BE5A2E7E9ED74F257862,GUEST_CAN_0171,PASS,4.5893416,XGB_pair,1,7
2066,2,1048,C1N2C3C4N(C2=O)CN5C6C7N(C5=O)CN8C9C2N(C8=O)CN5C8C%10N(C5=O)CN5C%11C(N1C5=O)N1CN3C(=O)N4CN6C(=O)N7CN9C(=O)N2CN8C(=O)N%10CN%11C1=O,[N+](=O)([O-])[O-].[Mg+2].[N+](=O)([O-])[O-],cucurbituril,2.5,O=C1N2CN3C(=O)N4CN5C(=O)N6CN7C(=O)N8CN9C(=O)N%10CN1C1C2N2CN%11C(=O)N(CN%12C(=O)N(CN%13C(=O)N(CN%14C(=O)N(CN1C2=O)C%10C9%14)C8C7%13)C6C5%12)C4C3%11,EE085DEDB538468744A3EBDAC86A0BF01B424E1C1BBF9C3E804B43220B2C1DDA,HOST_CAN_0150,PASS,O=[N+]([O-])[O-].O=[N+]([O-])[O-].[Mg+2],6DEB00A87B566973F6D5308C69D8A88D1E0F9376E66D77A9055A02AA3112E879,GUEST_CAN_0944,PASS,2.7564602,XGB_pair,1,7
2125,85,41,OC[C@H]1O[C@@H]2O[C@@H]3[C@@H](CO)O[C@H](O[C@@H]4[C@@H](CO)O[C@H](O[C@@H]5[C@@H](CO)O[C@H](O[C@@H]6[C@@H](CO)O[C@H](O[C@@H]7[C@@H](CO)O[C@H](O[C@@H]8[C@@H](CO)O[C@H](O[C@@H]9[C@@H](CO)O[C@H](O[C@H]1[C@H](O)[C@H]2O)[C@H](O)[C@H]9O)[C@H](O)[C@H]8O)[C@H](O)[C@H]7O)[C@H](O)[C@H]6O)[C@H](O)[C@H]5O)[C@H](O)[C@H]4O)[C@H](O)[C@H]3O,CN(C)CCCN1C2=CC=CC=C2SC3=C1C=C(C=C3)Cl.Cl,cyclodextrin,2.5262999534606934,OC[C@H]1O[C@@H]2O[C@H]3[C@H](O)[C@@H](O)[C@@H](O[C@H]4[C@H](O)[C@@H](O)[C@@H](O[C@H]5[C@H](O)[C@@H](O)[C@@H](O[C@H]6[C@H](O)[C@@H](O)[C@@H](O[C@H]7[C@H](O)[C@@H](O)[C@@H](O[C@H]8[C@H](O)[C@@H](O)[C@@H](O[C@H]9[C@H](O)[C@@H](O)[C@@H](O[C@H]1[C@H](O)[C@H]2O)O[C@@H]9CO)O[C@@H]8CO)O[C@@H]7CO)O[C@@H]6CO)O[C@@H]5CO)O[C@@H]4CO)O[C@@H]3CO,4E4982FCAA8A96CE9D40EDC97C9574B542F86F2BEB463ECAA6DCE3670D2F9B83,HOST_CAN_0177,PASS,CN(C)CCCN1c2ccccc2Sc2ccc(Cl)cc21.Cl,466A3D6B822D7F79D66131DFC64FF94C31CFB6206848BB51233FE4F97133C881,GUEST_CAN_0396,PASS,5.5323467,XGB_pair,1,7
2128,2,1061,C1N2C3C4N(C2=O)CN5C6C7N(C5=O)CN8C9C2N(C8=O)CN5C8C%10N(C5=O)CN5C%11C(N1C5=O)N1CN3C(=O)N4CN6C(=O)N7CN9C(=O)N2CN8C(=O)N%10CN%11C1=O,[N+](=O)([O-])[O-].[N+](=O)([O-])[O-].[Sr+2],cucurbituril,4.969699859619141,O=C1N2CN3C(=O)N4CN5C(=O)N6CN7C(=O)N8CN9C(=O)N%10CN1C1C2N2CN%11C(=O)N(CN%12C(=O)N(CN%13C(=O)N(CN%14C(=O)N(CN1C2=O)C%10C9%14)C8C7%13)C6C5%12)C4C3%11,EE085DEDB538468744A3EBDAC86A0BF01B424E1C1BBF9C3E804B43220B2C1DDA,HOST_CAN_0150,PASS,O=[N+]([O-])[O-].O=[N+]([O-])[O-].[Sr+2],6355C49DAB4BA9B348AD0FD18846586D23C6A4ACAFAA8E9805922A51CC362F9C,GUEST_CAN_0946,PASS,3.2677062,XGB_pair,1,7
2161,82,15,OC1=C2C=C(S(=O)([O-])=O)C=C1CC3=C(O)C(CC4=CC(S(=O)([O-])=O)=CC(CC5=CC(S(=O)([O-])=O)=CC(CC6=CC(S(=O)([O-])=O)=CC(CC(C=C(S(=O)([O-])=O)C=C7C2)=C7O)=C6O)=C5OCCN)=C4O)=CC(S(=O)([O-])=O)=C3,[O-]C(=O)CC(C(=O)O)N,calixarene,3.400700092315674,NCCOc1c2cc(S(=O)(=O)[O-])cc1Cc1cc(S(=O)(=O)[O-])cc(c1O)Cc1cc(S(=O)(=O)[O-])cc(c1O)Cc1cc(S(=O)(=O)[O-])cc(c1O)Cc1cc(S(=O)(=O)[O-])cc(c1O)Cc1cc(S(=O)(=O)[O-])cc(c1O)C2,943BCEA8586BE526CE8501B61202A05D77257BC2BB9DA3A3C52BD077795B3D50,HOST_CAN_0111,PASS,NC(CC(=O)[O-])C(=O)O,BB5F75F5A9C5B3B73A0A3B7339C8AC7150359761D5C24F8C1D742AB3AA3BCA26,GUEST_CAN_0731,PASS,2.9700525,XGB_pair,1,7
2166,184,507,C1COCCOCCOCCOCCOCCO1,[Cl-].[K+],crown_ether,2.060699939727783,C1COCCOCCOCCOCCOCCO1,AB2B68B16BC108ACBF4592C1902236C76AD72DB44D639D9AC3EE0A9ED5F433F6,HOST_CAN_0008,PASS,[Cl-].[K+],1338FF7B2AAC524F6134D0DF3DF30AC1B29A3AA3B9A82125E0E692BDFF664CC8,GUEST_CAN_1035,PASS,3.7575061,XGB_pair,1,7
