branch	split	unit	model	check	actual	rounded_actual	reference	pass	exact_float_reference_available	absolute_difference
released	host_cold	POOLED_OOF	PAIR_RF	producer_rounded_3dp_only	0.44796686965524346	0.448	0.448	True	False	UNDEFINED
released	host_cold	POOLED_OOF	additive	producer_rounded_3dp_only	0.22983523286725438	0.23	0.23	True	False	UNDEFINED
released	host_cold	POOLED_OOF	host_only_RF	producer_rounded_3dp_only	0.19437073568902896	0.194	0.194	True	False	UNDEFINED
released	host_cold	POOLED_OOF	guest_only_RF	producer_rounded_3dp_only	0.2267428000869377	0.227	0.227	True	False	UNDEFINED
released	host_cold	POOLED_OOF	cond_only_RF	producer_rounded_3dp_only	-0.10509597432521933	-0.105	-0.105	True	False	UNDEFINED
released	host_cold	POOLED_OOF	source_only_RF	producer_rounded_3dp_only	-0.07306015817090405	-0.073	-0.073	True	False	UNDEFINED
released	host_cold	POOLED_OOF	sim_knn_k5	producer_rounded_3dp_only	0.2180699185521361	0.218	0.218	True	False	UNDEFINED
canonical	host_cold	host_cold/fold_0	PAIR_RF	exact_float_8ulp	0.46953850325753954	UNDEFINED	0.46953850870514335	False	UNDEFINED	5.447603812491764e-09
canonical	host_cold	host_cold/fold_0	additive	exact_float_8ulp	0.3370590341588101	UNDEFINED	0.3370590428984481	False	UNDEFINED	8.739638013288697e-09
canonical	host_cold	host_cold/fold_0	host_only_RF	exact_float_8ulp	0.18396876366861825	UNDEFINED	0.1839687649331413	False	UNDEFINED	1.2645230418328879e-09
canonical	host_cold	host_cold/fold_0	guest_only_RF	exact_float_8ulp	0.3549951270492526	UNDEFINED	0.35499513440628705	False	UNDEFINED	7.3570344261142395e-09
canonical	host_cold	host_cold/fold_0	cond_only_RF	exact_float_8ulp	-0.16608128548144374	UNDEFINED	-0.166081288388098	False	UNDEFINED	2.9066542506228643e-09
canonical	host_cold	host_cold/fold_0	source_only_RF	exact_float_8ulp	UNDEFINED	UNDEFINED	UNDEFINED	True	UNDEFINED	UNDEFINED
canonical	host_cold	host_cold/fold_0	sim_knn_k5	exact_float_8ulp	0.46535367005318995	UNDEFINED	0.46535366984891124	False	UNDEFINED	2.042787050626771e-10
canonical	host_cold	host_cold/fold_1	PAIR_RF	exact_float_8ulp	0.23809523923223386	UNDEFINED	0.23809523359490126	False	UNDEFINED	5.637332600727518e-09
canonical	host_cold	host_cold/fold_1	additive	exact_float_8ulp	0.06085795942181249	UNDEFINED	0.06085795294920249	False	UNDEFINED	6.472610003527279e-09
canonical	host_cold	host_cold/fold_1	host_only_RF	exact_float_8ulp	0.10001306655564146	UNDEFINED	0.10001306306021673	False	UNDEFINED	3.495424727439911e-09
canonical	host_cold	host_cold/fold_1	guest_only_RF	exact_float_8ulp	0.041234379947619915	UNDEFINED	0.04123437043823486	False	UNDEFINED	9.509385057171471e-09
canonical	host_cold	host_cold/fold_1	cond_only_RF	exact_float_8ulp	-0.3808584772713066	UNDEFINED	-0.38085848391287436	False	UNDEFINED	6.641567740217624e-09
canonical	host_cold	host_cold/fold_1	source_only_RF	exact_float_8ulp	UNDEFINED	UNDEFINED	UNDEFINED	True	UNDEFINED	UNDEFINED
canonical	host_cold	host_cold/fold_1	sim_knn_k5	exact_float_8ulp	0.11538689162840365	UNDEFINED	0.11538688725691992	False	UNDEFINED	4.371483730558623e-09
canonical	host_cold	host_cold/fold_2	PAIR_RF	exact_float_8ulp	0.2694596840258354	UNDEFINED	0.2694596825801092	False	UNDEFINED	1.445726205417941e-09
canonical	host_cold	host_cold/fold_2	additive	exact_float_8ulp	-0.07752612990014929	UNDEFINED	-0.07752612975633033	False	UNDEFINED	1.4381895674375755e-10
canonical	host_cold	host_cold/fold_2	host_only_RF	exact_float_8ulp	-0.05427822594613341	UNDEFINED	-0.05427822720798314	False	UNDEFINED	1.261849735811893e-09
canonical	host_cold	host_cold/fold_2	guest_only_RF	exact_float_8ulp	-0.29517977837717657	UNDEFINED	-0.29517978050176685	False	UNDEFINED	2.1245902814825968e-09
canonical	host_cold	host_cold/fold_2	cond_only_RF	exact_float_8ulp	-0.5461628257755202	UNDEFINED	-0.5461628283053779	False	UNDEFINED	2.5298576566967768e-09
canonical	host_cold	host_cold/fold_2	source_only_RF	exact_float_8ulp	UNDEFINED	UNDEFINED	UNDEFINED	True	UNDEFINED	UNDEFINED
canonical	host_cold	host_cold/fold_2	sim_knn_k5	exact_float_8ulp	0.393292781761168	UNDEFINED	0.3932927822600527	False	UNDEFINED	4.988847113196471e-10
canonical	host_cold	host_cold/fold_3	PAIR_RF	exact_float_8ulp	0.3800931133457518	UNDEFINED	0.3800931106327734	False	UNDEFINED	2.7129783974899624e-09
canonical	host_cold	host_cold/fold_3	additive	exact_float_8ulp	-0.06278473733965417	UNDEFINED	-0.06278474173724091	False	UNDEFINED	4.397586739202097e-09
canonical	host_cold	host_cold/fold_3	host_only_RF	exact_float_8ulp	0.09959975268149435	UNDEFINED	0.0995997534403612	False	UNDEFINED	7.588668582414471e-10
canonical	host_cold	host_cold/fold_3	guest_only_RF	exact_float_8ulp	0.0949838241299068	UNDEFINED	0.09498382036057107	False	UNDEFINED	3.769335732428658e-09
canonical	host_cold	host_cold/fold_3	cond_only_RF	exact_float_8ulp	0.0526576687855741	UNDEFINED	0.05265766985308307	False	UNDEFINED	1.067508970109543e-09
canonical	host_cold	host_cold/fold_3	source_only_RF	exact_float_8ulp	UNDEFINED	UNDEFINED	UNDEFINED	True	UNDEFINED	UNDEFINED
canonical	host_cold	host_cold/fold_3	sim_knn_k5	exact_float_8ulp	0.10389859202101581	UNDEFINED	0.1038985898314485	False	UNDEFINED	2.189567305244111e-09
canonical	host_cold	host_cold/fold_4	PAIR_RF	exact_float_8ulp	0.331868919329105	UNDEFINED	0.3318689157017961	False	UNDEFINED	3.6273088976912504e-09
canonical	host_cold	host_cold/fold_4	additive	exact_float_8ulp	0.024391492735597486	UNDEFINED	0.02439148408181102	False	UNDEFINED	8.653786465195878e-09
canonical	host_cold	host_cold/fold_4	host_only_RF	exact_float_8ulp	-0.1712087778757898	UNDEFINED	-0.17120878819039076	False	UNDEFINED	1.0314600951133457e-08
canonical	host_cold	host_cold/fold_4	guest_only_RF	exact_float_8ulp	0.03447613794336801	UNDEFINED	0.0344761327908375	False	UNDEFINED	5.152530513363729e-09
canonical	host_cold	host_cold/fold_4	cond_only_RF	exact_float_8ulp	-0.34681288936548227	UNDEFINED	-0.3468128976467433	False	UNDEFINED	8.281261010267826e-09
canonical	host_cold	host_cold/fold_4	source_only_RF	exact_float_8ulp	UNDEFINED	UNDEFINED	UNDEFINED	True	UNDEFINED	UNDEFINED
canonical	host_cold	host_cold/fold_4	sim_knn_k5	exact_float_8ulp	-1.0395695015249085	UNDEFINED	-1.0395695215052418	False	UNDEFINED	1.998033338779237e-08
canonical	host_cold	POOLED_OOF	PAIR_RF	exact_float_8ulp	0.4418831625028987	UNDEFINED	0.44188316279851125	False	UNDEFINED	2.9561253445109514e-10
canonical	host_cold	POOLED_OOF	additive	exact_float_8ulp	0.23608089626960616	UNDEFINED	0.23608089717112357	False	UNDEFINED	9.015174162740891e-10
canonical	host_cold	POOLED_OOF	host_only_RF	exact_float_8ulp	0.20593826703439344	UNDEFINED	0.20593826758652578	False	UNDEFINED	5.521323398482991e-10
canonical	host_cold	POOLED_OOF	guest_only_RF	exact_float_8ulp	0.22686164046332224	UNDEFINED	0.22686164039829926	False	UNDEFINED	6.502298699473386e-11
canonical	host_cold	POOLED_OOF	cond_only_RF	exact_float_8ulp	-0.08394358827880666	UNDEFINED	-0.08394358891791676	False	UNDEFINED	6.391100981772979e-10
canonical	host_cold	POOLED_OOF	source_only_RF	exact_float_8ulp	-0.0716555882908394	UNDEFINED	-0.07165558881537737	False	UNDEFINED	5.245379686158458e-10
canonical	host_cold	POOLED_OOF	sim_knn_k5	exact_float_8ulp	0.21411231576508494	UNDEFINED	0.21411231520507124	False	UNDEFINED	5.600137020778106e-10
released	guest_cold	POOLED_OOF	PAIR_RF	producer_rounded_3dp_only	0.6411579900105651	0.641	0.641	True	False	UNDEFINED
released	guest_cold	POOLED_OOF	additive	producer_rounded_3dp_only	0.3397801801669358	0.34	0.34	True	False	UNDEFINED
released	guest_cold	POOLED_OOF	host_only_RF	producer_rounded_3dp_only	0.40718130237478667	0.407	0.407	True	False	UNDEFINED
released	guest_cold	POOLED_OOF	guest_only_RF	producer_rounded_3dp_only	0.30930621180961615	0.309	0.309	True	False	UNDEFINED
released	guest_cold	POOLED_OOF	cond_only_RF	producer_rounded_3dp_only	0.1344733287486436	0.134	0.134	True	False	UNDEFINED
released	guest_cold	POOLED_OOF	source_only_RF	producer_rounded_3dp_only	0.07918996650043186	0.079	0.079	True	False	UNDEFINED
released	guest_cold	POOLED_OOF	sim_knn_k5	producer_rounded_3dp_only	0.537606274581957	0.538	0.538	True	False	UNDEFINED
canonical	guest_cold	guest_cold/fold_0	PAIR_RF	exact_float_8ulp	0.6227388646392942	UNDEFINED	0.6227388641150263	False	UNDEFINED	5.242678513539545e-10
canonical	guest_cold	guest_cold/fold_0	additive	exact_float_8ulp	0.34310562481521156	UNDEFINED	0.3431056324171593	False	UNDEFINED	7.601947737967407e-09
canonical	guest_cold	guest_cold/fold_0	host_only_RF	exact_float_8ulp	0.4128686352493032	UNDEFINED	0.41286863714434363	False	UNDEFINED	1.895040457888797e-09
canonical	guest_cold	guest_cold/fold_0	guest_only_RF	exact_float_8ulp	0.34836627993726366	UNDEFINED	0.34836628218994214	False	UNDEFINED	2.2526784881904405e-09
canonical	guest_cold	guest_cold/fold_0	cond_only_RF	exact_float_8ulp	0.15921064556213504	UNDEFINED	0.15921064435204113	False	UNDEFINED	1.2100939139614297e-09
canonical	guest_cold	guest_cold/fold_0	source_only_RF	exact_float_8ulp	0.11525808143826333	UNDEFINED	0.11525807824338874	False	UNDEFINED	3.1948745871090978e-09
canonical	guest_cold	guest_cold/fold_0	sim_knn_k5	exact_float_8ulp	0.5275833411919673	UNDEFINED	0.5275833401469234	False	UNDEFINED	1.045043829250858e-09
canonical	guest_cold	guest_cold/fold_1	PAIR_RF	exact_float_8ulp	0.6633598659746223	UNDEFINED	0.6633598668185241	False	UNDEFINED	8.439018372996543e-10
canonical	guest_cold	guest_cold/fold_1	additive	exact_float_8ulp	0.3655841671363296	UNDEFINED	0.36558416661819204	False	UNDEFINED	5.181375328788818e-10
canonical	guest_cold	guest_cold/fold_1	host_only_RF	exact_float_8ulp	0.4160781253075083	UNDEFINED	0.416078126267579	False	UNDEFINED	9.600706896151223e-10
canonical	guest_cold	guest_cold/fold_1	guest_only_RF	exact_float_8ulp	0.3498545708126567	UNDEFINED	0.3498545685399581	False	UNDEFINED	2.2726985848819936e-09
canonical	guest_cold	guest_cold/fold_1	cond_only_RF	exact_float_8ulp	0.15034949630696792	UNDEFINED	0.1503494982786493	False	UNDEFINED	1.9716813737247207e-09
canonical	guest_cold	guest_cold/fold_1	source_only_RF	exact_float_8ulp	0.08141547235021018	UNDEFINED	0.08141547405918936	False	UNDEFINED	1.7089791803925891e-09
canonical	guest_cold	guest_cold/fold_1	sim_knn_k5	exact_float_8ulp	0.5563769301775499	UNDEFINED	0.556376928383897	False	UNDEFINED	1.7936528928785833e-09
canonical	guest_cold	guest_cold/fold_2	PAIR_RF	exact_float_8ulp	0.6397023116709393	UNDEFINED	0.6397023129857995	False	UNDEFINED	1.314860220702485e-09
canonical	guest_cold	guest_cold/fold_2	additive	exact_float_8ulp	0.2596510610836583	UNDEFINED	0.2596510683521098	False	UNDEFINED	7.268451507336238e-09
canonical	guest_cold	guest_cold/fold_2	host_only_RF	exact_float_8ulp	0.487378832909261	UNDEFINED	0.48737883640383184	False	UNDEFINED	3.4945708549116716e-09
canonical	guest_cold	guest_cold/fold_2	guest_only_RF	exact_float_8ulp	0.17682602568310068	UNDEFINED	0.17682602774308742	False	UNDEFINED	2.0599867367465663e-09
canonical	guest_cold	guest_cold/fold_2	cond_only_RF	exact_float_8ulp	0.1695125667683559	UNDEFINED	0.16951256704760076	False	UNDEFINED	2.7924484946595385e-10
canonical	guest_cold	guest_cold/fold_2	source_only_RF	exact_float_8ulp	0.10544447822782133	UNDEFINED	0.10544447943830826	False	UNDEFINED	1.210486932912147e-09
canonical	guest_cold	guest_cold/fold_2	sim_knn_k5	exact_float_8ulp	0.4990305766077443	UNDEFINED	0.49903057586848865	False	UNDEFINED	7.392556566898634e-10
canonical	guest_cold	guest_cold/fold_3	PAIR_RF	exact_float_8ulp	0.6820670896690171	UNDEFINED	0.6820670917800464	False	UNDEFINED	2.1110293513260103e-09
canonical	guest_cold	guest_cold/fold_3	additive	exact_float_8ulp	0.4179571292569707	UNDEFINED	0.4179571322904785	False	UNDEFINED	3.0335077783050224e-09
canonical	guest_cold	guest_cold/fold_3	host_only_RF	exact_float_8ulp	0.38794783678886147	UNDEFINED	0.3879478417807485	False	UNDEFINED	4.991887014860197e-09
canonical	guest_cold	guest_cold/fold_3	guest_only_RF	exact_float_8ulp	0.39150267166900776	UNDEFINED	0.39150266950154033	False	UNDEFINED	2.1674674277605277e-09
canonical	guest_cold	guest_cold/fold_3	cond_only_RF	exact_float_8ulp	0.08914325435053394	UNDEFINED	0.08914325704901627	False	UNDEFINED	2.698482326479734e-09
canonical	guest_cold	guest_cold/fold_3	source_only_RF	exact_float_8ulp	0.04189076525948254	UNDEFINED	0.04189076712963702	False	UNDEFINED	1.8701544757249167e-09
canonical	guest_cold	guest_cold/fold_3	sim_knn_k5	exact_float_8ulp	0.5599860033871368	UNDEFINED	0.5599860089174096	False	UNDEFINED	5.530272795262192e-09
canonical	guest_cold	guest_cold/fold_4	PAIR_RF	exact_float_8ulp	0.6100011821889975	UNDEFINED	0.6100011834092539	False	UNDEFINED	1.2202564514396386e-09
canonical	guest_cold	guest_cold/fold_4	additive	exact_float_8ulp	0.25994252448722	UNDEFINED	0.25994251179383	False	UNDEFINED	1.2693390005757976e-08
canonical	guest_cold	guest_cold/fold_4	host_only_RF	exact_float_8ulp	0.3821366252390205	UNDEFINED	0.3821366216768348	False	UNDEFINED	3.562185657557393e-09
canonical	guest_cold	guest_cold/fold_4	guest_only_RF	exact_float_8ulp	0.28457588130600175	UNDEFINED	0.2845758817580325	False	UNDEFINED	4.520307461675088e-10
canonical	guest_cold	guest_cold/fold_4	cond_only_RF	exact_float_8ulp	0.07306004952088718	UNDEFINED	0.07306004936951482	False	UNDEFINED	1.513723590917948e-10
canonical	guest_cold	guest_cold/fold_4	source_only_RF	exact_float_8ulp	0.05548520201072693	UNDEFINED	0.055485202689748325	False	UNDEFINED	6.790213946672452e-10
canonical	guest_cold	guest_cold/fold_4	sim_knn_k5	exact_float_8ulp	0.5286821431883635	UNDEFINED	0.5286821339413955	False	UNDEFINED	9.246967969112063e-09
canonical	guest_cold	POOLED_OOF	PAIR_RF	exact_float_8ulp	0.6460302161991758	UNDEFINED	0.6460302172706822	False	UNDEFINED	1.0715064391320084e-09
canonical	guest_cold	POOLED_OOF	additive	exact_float_8ulp	0.33463370291065175	UNDEFINED	0.33463370423433814	False	UNDEFINED	1.3236863827259526e-09
canonical	guest_cold	POOLED_OOF	host_only_RF	exact_float_8ulp	0.417816691902401	UNDEFINED	0.4178166937064878	False	UNDEFINED	1.8040867688640105e-09
canonical	guest_cold	POOLED_OOF	guest_only_RF	exact_float_8ulp	0.31521909411645443	UNDEFINED	0.31521909405403037	False	UNDEFINED	6.242406591638883e-11
canonical	guest_cold	POOLED_OOF	cond_only_RF	exact_float_8ulp	0.130247781741742	UNDEFINED	0.13024778276314797	False	UNDEFINED	1.0214059598112613e-09
canonical	guest_cold	POOLED_OOF	source_only_RF	exact_float_8ulp	0.08096787934897309	UNDEFINED	0.08096787992979826	False	UNDEFINED	5.808251657413166e-10
canonical	guest_cold	POOLED_OOF	sim_knn_k5	exact_float_8ulp	0.5364885668806335	UNDEFINED	0.536488565619055	False	UNDEFINED	1.261578508326977e-09
released	double_cold	0	best_null_R2	exact_float_8ulp	0.1026759126875656	UNDEFINED	0.1026759126875656	True	UNDEFINED	0.0
released	double_cold	0	delta_PAIR_RF	exact_float_8ulp	0.1689792198015525	UNDEFINED	0.1689792198015525	True	UNDEFINED	0.0
released	double_cold	1	best_null_R2	exact_float_8ulp	0.3027033950729492	UNDEFINED	0.3027033950729492	True	UNDEFINED	0.0
released	double_cold	1	delta_PAIR_RF	exact_float_8ulp	0.21379959623841183	UNDEFINED	0.21379959623841183	True	UNDEFINED	0.0
released	double_cold	10	best_null_R2	exact_float_8ulp	0.3272728170124667	UNDEFINED	0.3272728170124667	True	UNDEFINED	0.0
released	double_cold	10	delta_PAIR_RF	exact_float_8ulp	0.05900813082874423	UNDEFINED	0.05900813082874423	True	UNDEFINED	0.0
released	double_cold	11	best_null_R2	exact_float_8ulp	0.36063355831149924	UNDEFINED	0.36063355831149924	True	UNDEFINED	0.0
released	double_cold	11	delta_PAIR_RF	exact_float_8ulp	0.10412350289913708	UNDEFINED	0.10412350289913708	True	UNDEFINED	0.0
released	double_cold	2	best_null_R2	exact_float_8ulp	0.29903135567343786	UNDEFINED	0.29903135567343786	True	UNDEFINED	0.0
released	double_cold	2	delta_PAIR_RF	exact_float_8ulp	0.058879231322996106	UNDEFINED	0.058879231322996106	True	UNDEFINED	0.0
released	double_cold	3	best_null_R2	exact_float_8ulp	0.06255374201827146	UNDEFINED	0.06255374201827146	True	UNDEFINED	0.0
released	double_cold	3	delta_PAIR_RF	exact_float_8ulp	0.15838374517846232	UNDEFINED	0.15838374517846232	True	UNDEFINED	0.0
released	double_cold	4	best_null_R2	exact_float_8ulp	0.2559367409168446	UNDEFINED	0.2559367409168446	True	UNDEFINED	0.0
released	double_cold	4	delta_PAIR_RF	exact_float_8ulp	0.1483079492159065	UNDEFINED	0.1483079492159065	True	UNDEFINED	0.0
released	double_cold	5	best_null_R2	exact_float_8ulp	0.323456530578793	UNDEFINED	0.323456530578793	True	UNDEFINED	0.0
released	double_cold	5	delta_PAIR_RF	exact_float_8ulp	0.17539105086638274	UNDEFINED	0.17539105086638274	True	UNDEFINED	0.0
released	double_cold	6	best_null_R2	exact_float_8ulp	0.447440726857964	UNDEFINED	0.447440726857964	True	UNDEFINED	0.0
released	double_cold	6	delta_PAIR_RF	exact_float_8ulp	0.031686788431339874	UNDEFINED	0.031686788431339874	True	UNDEFINED	0.0
released	double_cold	7	best_null_R2	exact_float_8ulp	0.2681589951258996	UNDEFINED	0.2681589951258996	True	UNDEFINED	0.0
released	double_cold	7	delta_PAIR_RF	exact_float_8ulp	0.022660016926363213	UNDEFINED	0.022660016926363213	True	UNDEFINED	0.0
released	double_cold	8	best_null_R2	exact_float_8ulp	0.48412480326185636	UNDEFINED	0.48412480326185636	True	UNDEFINED	0.0
released	double_cold	8	delta_PAIR_RF	exact_float_8ulp	-0.009892561658919719	UNDEFINED	-0.009892561658919719	True	UNDEFINED	0.0
released	double_cold	9	best_null_R2	exact_float_8ulp	0.26224904274342764	UNDEFINED	0.26224904274342764	True	UNDEFINED	0.0
released	double_cold	9	delta_PAIR_RF	exact_float_8ulp	0.009152263769711788	UNDEFINED	0.009152263769711788	True	UNDEFINED	0.0
canonical	double_cold	double_cold/seed_0	PAIR_RF	exact_float_8ulp	0.3697075808202488	UNDEFINED	0.3697075816550607	False	UNDEFINED	8.348118862855358e-10
canonical	double_cold	double_cold/seed_0	additive	exact_float_8ulp	0.055724133278880594	UNDEFINED	0.05572412723779241	False	UNDEFINED	6.041088185249066e-09
canonical	double_cold	double_cold/seed_0	host_only_RF	exact_float_8ulp	0.07862913944789052	UNDEFINED	0.07862913815220096	False	UNDEFINED	1.2956895556470727e-09
canonical	double_cold	double_cold/seed_0	guest_only_RF	exact_float_8ulp	-0.062235299312545234	UNDEFINED	-0.0622353051127158	False	UNDEFINED	5.800170566061524e-09
canonical	double_cold	double_cold/seed_0	cond_only_RF	exact_float_8ulp	-0.0016633205200486945	UNDEFINED	-0.001663321890004843	False	UNDEFINED	1.3699561485225331e-09
canonical	double_cold	double_cold/seed_0	source_only_RF	exact_float_8ulp	UNDEFINED	UNDEFINED	UNDEFINED	True	UNDEFINED	UNDEFINED
canonical	double_cold	double_cold/seed_0	sim_knn_k5	exact_float_8ulp	-0.036662656589938836	UNDEFINED	-0.03666267342839924	False	UNDEFINED	1.6838460403789668e-08
canonical	double_cold	double_cold/seed_1	PAIR_RF	exact_float_8ulp	0.18667405158656758	UNDEFINED	0.18667404984226688	False	UNDEFINED	1.7443007038764335e-09
canonical	double_cold	double_cold/seed_1	additive	exact_float_8ulp	-0.03985844312229747	UNDEFINED	-0.03985844902887825	False	UNDEFINED	5.906580780035142e-09
canonical	double_cold	double_cold/seed_1	host_only_RF	exact_float_8ulp	0.07935422484066701	UNDEFINED	0.07935422211527943	False	UNDEFINED	2.7253875822808027e-09
canonical	double_cold	double_cold/seed_1	guest_only_RF	exact_float_8ulp	-0.06694189248243565	UNDEFINED	-0.06694189419112129	False	UNDEFINED	1.7086856374248782e-09
canonical	double_cold	double_cold/seed_1	cond_only_RF	exact_float_8ulp	0.002906397987922693	UNDEFINED	0.0029063967294288284	False	UNDEFINED	1.2584938646753585e-09
canonical	double_cold	double_cold/seed_1	source_only_RF	exact_float_8ulp	UNDEFINED	UNDEFINED	UNDEFINED	True	UNDEFINED	UNDEFINED
canonical	double_cold	double_cold/seed_1	sim_knn_k5	exact_float_8ulp	-0.149356109814756	UNDEFINED	-0.14935611915168168	False	UNDEFINED	9.336925677061458e-09
canonical	double_cold	double_cold/seed_10	PAIR_RF	exact_float_8ulp	0.4337598286021953	UNDEFINED	0.43375981832663313	False	UNDEFINED	1.0275562178918562e-08
canonical	double_cold	double_cold/seed_10	additive	exact_float_8ulp	0.44902881380918036	UNDEFINED	0.44902879825206765	False	UNDEFINED	1.5557112709174703e-08
canonical	double_cold	double_cold/seed_10	host_only_RF	exact_float_8ulp	0.2600719301800296	UNDEFINED	0.2600719261961312	False	UNDEFINED	3.983898433368438e-09
canonical	double_cold	double_cold/seed_10	guest_only_RF	exact_float_8ulp	0.3778426608504739	UNDEFINED	0.3778426495922318	False	UNDEFINED	1.1258242116340966e-08
canonical	double_cold	double_cold/seed_10	cond_only_RF	exact_float_8ulp	0.02565266073422423	UNDEFINED	0.025652661187277603	False	UNDEFINED	4.5305337259549106e-10
canonical	double_cold	double_cold/seed_10	source_only_RF	exact_float_8ulp	UNDEFINED	UNDEFINED	UNDEFINED	True	UNDEFINED	UNDEFINED
canonical	double_cold	double_cold/seed_10	sim_knn_k5	exact_float_8ulp	-0.03393620166992628	UNDEFINED	-0.033936200361206925	False	UNDEFINED	1.3087193551086784e-09
canonical	double_cold	double_cold/seed_11	PAIR_RF	exact_float_8ulp	0.44732630073615764	UNDEFINED	0.4473262992669761	False	UNDEFINED	1.4691815541922892e-09
canonical	double_cold	double_cold/seed_11	additive	exact_float_8ulp	0.35168356396508627	UNDEFINED	0.3516835596394948	False	UNDEFINED	4.325591440590415e-09
canonical	double_cold	double_cold/seed_11	host_only_RF	exact_float_8ulp	0.25026384758163245	UNDEFINED	0.2502638453220736	False	UNDEFINED	2.25955887334095e-09
canonical	double_cold	double_cold/seed_11	guest_only_RF	exact_float_8ulp	0.21307417329325518	UNDEFINED	0.2130741738210391	False	UNDEFINED	5.277839276729424e-10
canonical	double_cold	double_cold/seed_11	cond_only_RF	exact_float_8ulp	-0.11027497753134474	UNDEFINED	-0.11027497532224162	False	UNDEFINED	2.2091031226523228e-09
canonical	double_cold	double_cold/seed_11	source_only_RF	exact_float_8ulp	UNDEFINED	UNDEFINED	UNDEFINED	True	UNDEFINED	UNDEFINED
canonical	double_cold	double_cold/seed_11	sim_knn_k5	exact_float_8ulp	0.2684692081068861	UNDEFINED	0.2684692074084972	False	UNDEFINED	6.983889022649237e-10
canonical	double_cold	double_cold/seed_2	PAIR_RF	exact_float_8ulp	0.37254182641652644	UNDEFINED	0.3725418198556463	False	UNDEFINED	6.560880172479244e-09
canonical	double_cold	double_cold/seed_2	additive	exact_float_8ulp	0.16491336403980494	UNDEFINED	0.16491336567009873	False	UNDEFINED	1.630293788856818e-09
canonical	double_cold	double_cold/seed_2	host_only_RF	exact_float_8ulp	0.22741775184874213	UNDEFINED	0.2274177490748066	False	UNDEFINED	2.773935525723914e-09
canonical	double_cold	double_cold/seed_2	guest_only_RF	exact_float_8ulp	-0.015766489575157694	UNDEFINED	-0.015766490609746775	False	UNDEFINED	1.0345890810725678e-09
canonical	double_cold	double_cold/seed_2	cond_only_RF	exact_float_8ulp	-0.2242552061719223	UNDEFINED	-0.22425520461882487	False	UNDEFINED	1.5530974284416743e-09
canonical	double_cold	double_cold/seed_2	source_only_RF	exact_float_8ulp	UNDEFINED	UNDEFINED	UNDEFINED	True	UNDEFINED	UNDEFINED
canonical	double_cold	double_cold/seed_2	sim_knn_k5	exact_float_8ulp	0.2586777239455189	UNDEFINED	0.2586777183608948	False	UNDEFINED	5.584624096499624e-09
canonical	double_cold	double_cold/seed_3	PAIR_RF	exact_float_8ulp	0.6647860843391832	UNDEFINED	0.6647860796020222	False	UNDEFINED	4.73716099680388e-09
canonical	double_cold	double_cold/seed_3	additive	exact_float_8ulp	0.3696882436760415	UNDEFINED	0.3696882402497028	False	UNDEFINED	3.4263386572419563e-09
canonical	double_cold	double_cold/seed_3	host_only_RF	exact_float_8ulp	0.29714707811651553	UNDEFINED	0.29714707482790725	False	UNDEFINED	3.2886082745875456e-09
canonical	double_cold	double_cold/seed_3	guest_only_RF	exact_float_8ulp	0.34220445879449135	UNDEFINED	0.3422044553780399	False	UNDEFINED	3.4164514550738545e-09
canonical	double_cold	double_cold/seed_3	cond_only_RF	exact_float_8ulp	0.18643905809736372	UNDEFINED	0.18643905599816502	False	UNDEFINED	2.099198703753302e-09
canonical	double_cold	double_cold/seed_3	source_only_RF	exact_float_8ulp	UNDEFINED	UNDEFINED	UNDEFINED	True	UNDEFINED	UNDEFINED
canonical	double_cold	double_cold/seed_3	sim_knn_k5	exact_float_8ulp	0.27757558463732734	UNDEFINED	0.27757558883730593	False	UNDEFINED	4.1999785871382755e-09
canonical	double_cold	double_cold/seed_4	PAIR_RF	exact_float_8ulp	0.312603027115847	UNDEFINED	0.31260302702356435	False	UNDEFINED	9.228262598526271e-11
canonical	double_cold	double_cold/seed_4	additive	exact_float_8ulp	0.14828280377736347	UNDEFINED	0.14828281634107943	False	UNDEFINED	1.2563715956481758e-08
canonical	double_cold	double_cold/seed_4	host_only_RF	exact_float_8ulp	0.17540666776016778	UNDEFINED	0.17540666848992825	False	UNDEFINED	7.297604742717567e-10
canonical	double_cold	double_cold/seed_4	guest_only_RF	exact_float_8ulp	0.2484480788878004	UNDEFINED	0.24844808208835134	False	UNDEFINED	3.2005509353894013e-09
canonical	double_cold	double_cold/seed_4	cond_only_RF	exact_float_8ulp	0.031909502727331174	UNDEFINED	0.031909502615317886	False	UNDEFINED	1.1201328753429607e-10
canonical	double_cold	double_cold/seed_4	source_only_RF	exact_float_8ulp	UNDEFINED	UNDEFINED	UNDEFINED	True	UNDEFINED	UNDEFINED
canonical	double_cold	double_cold/seed_4	sim_knn_k5	exact_float_8ulp	-0.3595542451538276	UNDEFINED	-0.35955422745483934	False	UNDEFINED	1.7698988274972294e-08
canonical	double_cold	double_cold/seed_5	PAIR_RF	exact_float_8ulp	0.3767309197317299	UNDEFINED	0.37673092642800354	False	UNDEFINED	6.6962736466891215e-09
canonical	double_cold	double_cold/seed_5	additive	exact_float_8ulp	-0.06500985801188786	UNDEFINED	-0.06500984761916717	False	UNDEFINED	1.0392720684038181e-08
canonical	double_cold	double_cold/seed_5	host_only_RF	exact_float_8ulp	0.03963497660600479	UNDEFINED	0.03963497983230013	False	UNDEFINED	3.2262953419959217e-09
canonical	double_cold	double_cold/seed_5	guest_only_RF	exact_float_8ulp	0.21503684638864284	UNDEFINED	0.21503685349929513	False	UNDEFINED	7.110652289199493e-09
canonical	double_cold	double_cold/seed_5	cond_only_RF	exact_float_8ulp	0.08700624129301826	UNDEFINED	0.0870062396979604	False	UNDEFINED	1.5950578635681723e-09
canonical	double_cold	double_cold/seed_5	source_only_RF	exact_float_8ulp	UNDEFINED	UNDEFINED	UNDEFINED	True	UNDEFINED	UNDEFINED
canonical	double_cold	double_cold/seed_5	sim_knn_k5	exact_float_8ulp	-0.27065334446326217	UNDEFINED	-0.270653347619644	False	UNDEFINED	3.156381822577714e-09
canonical	double_cold	double_cold/seed_6	PAIR_RF	exact_float_8ulp	0.13212768749603832	UNDEFINED	0.13212769273173852	False	UNDEFINED	5.2357002067182634e-09
canonical	double_cold	double_cold/seed_6	additive	exact_float_8ulp	-0.1677481426309384	UNDEFINED	-0.16774812779433024	False	UNDEFINED	1.4836608164259246e-08
canonical	double_cold	double_cold/seed_6	host_only_RF	exact_float_8ulp	0.0824954437929396	UNDEFINED	0.08249545223385668	False	UNDEFINED	8.440917076413257e-09
canonical	double_cold	double_cold/seed_6	guest_only_RF	exact_float_8ulp	-0.31695097466338296	UNDEFINED	-0.3169509640910477	False	UNDEFINED	1.0572335229497298e-08
canonical	double_cold	double_cold/seed_6	cond_only_RF	exact_float_8ulp	-0.038836190145548066	UNDEFINED	-0.038836191678701004	False	UNDEFINED	1.5331529379380981e-09
canonical	double_cold	double_cold/seed_6	source_only_RF	exact_float_8ulp	UNDEFINED	UNDEFINED	UNDEFINED	True	UNDEFINED	UNDEFINED
canonical	double_cold	double_cold/seed_6	sim_knn_k5	exact_float_8ulp	0.13726239418121167	UNDEFINED	0.13726240660809108	False	UNDEFINED	1.2426879414384473e-08
canonical	double_cold	double_cold/seed_7	PAIR_RF	exact_float_8ulp	0.39983254118593714	UNDEFINED	0.39983254143786384	False	UNDEFINED	2.5192670172202725e-10
canonical	double_cold	double_cold/seed_7	additive	exact_float_8ulp	0.1519064871057788	UNDEFINED	0.1519064799107669	False	UNDEFINED	7.1950119195918205e-09
canonical	double_cold	double_cold/seed_7	host_only_RF	exact_float_8ulp	0.04759580288332255	UNDEFINED	0.04759580180736378	False	UNDEFINED	1.0759587665276626e-09
canonical	double_cold	double_cold/seed_7	guest_only_RF	exact_float_8ulp	0.27308468596770274	UNDEFINED	0.27308468191254964	False	UNDEFINED	4.055153102200393e-09
canonical	double_cold	double_cold/seed_7	cond_only_RF	exact_float_8ulp	-0.07608145442195435	UNDEFINED	-0.07608145671301902	False	UNDEFINED	2.29106467131146e-09
canonical	double_cold	double_cold/seed_7	source_only_RF	exact_float_8ulp	UNDEFINED	UNDEFINED	UNDEFINED	True	UNDEFINED	UNDEFINED
canonical	double_cold	double_cold/seed_7	sim_knn_k5	exact_float_8ulp	0.352786940996198	UNDEFINED	0.3527869414925162	False	UNDEFINED	4.963182087536211e-10
canonical	double_cold	double_cold/seed_8	PAIR_RF	exact_float_8ulp	0.24901783971644398	UNDEFINED	0.24901783519483833	False	UNDEFINED	4.5216056454577824e-09
canonical	double_cold	double_cold/seed_8	additive	exact_float_8ulp	0.03667345712502934	UNDEFINED	0.0366734545111137	False	UNDEFINED	2.613915639493314e-09
canonical	double_cold	double_cold/seed_8	host_only_RF	exact_float_8ulp	-0.1813831799226655	UNDEFINED	-0.18138318552855326	False	UNDEFINED	5.60588775400106e-09
canonical	double_cold	double_cold/seed_8	guest_only_RF	exact_float_8ulp	-0.06946073069488246	UNDEFINED	-0.06946073030425604	False	UNDEFINED	3.906264200992382e-10
canonical	double_cold	double_cold/seed_8	cond_only_RF	exact_float_8ulp	-0.3841420382537106	UNDEFINED	-0.38414203937677693	False	UNDEFINED	1.1230663066186253e-09
canonical	double_cold	double_cold/seed_8	source_only_RF	exact_float_8ulp	UNDEFINED	UNDEFINED	UNDEFINED	True	UNDEFINED	UNDEFINED
canonical	double_cold	double_cold/seed_8	sim_knn_k5	exact_float_8ulp	-1.149597277819138	UNDEFINED	-1.149597294594206	False	UNDEFINED	1.67750680013512e-08
canonical	double_cold	double_cold/seed_9	PAIR_RF	exact_float_8ulp	0.03711721022179537	UNDEFINED	0.0371172207885323	False	UNDEFINED	1.0566736929895626e-08
canonical	double_cold	double_cold/seed_9	additive	exact_float_8ulp	-0.7016084869680992	UNDEFINED	-0.7016084638318985	False	UNDEFINED	2.3136200733020473e-08
canonical	double_cold	double_cold/seed_9	host_only_RF	exact_float_8ulp	-0.631420215098651	UNDEFINED	-0.6314201988946646	False	UNDEFINED	1.62039863749186e-08
canonical	double_cold	double_cold/seed_9	guest_only_RF	exact_float_8ulp	-0.07072016309439877	UNDEFINED	-0.07072015633522422	False	UNDEFINED	6.759174553394587e-09
canonical	double_cold	double_cold/seed_9	cond_only_RF	exact_float_8ulp	-0.033088885056832495	UNDEFINED	-0.033088886697820064	False	UNDEFINED	1.64098756805231e-09
canonical	double_cold	double_cold/seed_9	source_only_RF	exact_float_8ulp	UNDEFINED	UNDEFINED	UNDEFINED	True	UNDEFINED	UNDEFINED
canonical	double_cold	double_cold/seed_9	sim_knn_k5	exact_float_8ulp	-0.37857147272246316	UNDEFINED	-0.3785714556862798	False	UNDEFINED	1.7036183352914236e-08
