estimand	delta_r2	pair_r2	best_null	best_null_r2	status	branch	split	scenario	n_appearances	n_unique_rows	original_appearances	removed_appearances	baseline_estimate	retained_minus_baseline	block_denominator	defined_blocks	equal_block_mean_delta_r2	positive_blocks
pooled_oof_margin	0.21813163678798908	0.44796686965524346	additive	0.22983523286725438	DEFINED	released	host_cold	all	2383	2383	UNDEFINED	UNDEFINED	UNDEFINED	UNDEFINED	UNDEFINED	UNDEFINED	UNDEFINED	UNDEFINED
pooled_oof_margin	0.2180796768345571	0.4479930543954187	additive	0.2299133775608616	DEFINED	released	host_cold	v1_strict_exact	2381	2381	2383.0	2.0	0.21813163678798908	-5.1959953431990336e-05	UNDEFINED	UNDEFINED	UNDEFINED	UNDEFINED
pooled_oof_margin	0.2126685697942945	0.4491022083496261	additive	0.23643363855533162	DEFINED	released	host_cold	v1_counterion_candidate	2308	2308	2383.0	75.0	0.21813163678798908	-0.0054630669936945875	UNDEFINED	UNDEFINED	UNDEFINED	UNDEFINED
pooled_oof_margin	0.2126685697942945	0.4491022083496261	additive	0.23643363855533162	DEFINED	released	host_cold	v1_fragment_parent_operational	2308	2308	2383.0	75.0	0.21813163678798908	-0.0054630669936945875	UNDEFINED	UNDEFINED	UNDEFINED	UNDEFINED
pooled_oof_margin	0.2181710404023055	0.4455178810505196	additive	0.2273468406482141	DEFINED	released	host_cold	v1_neutralized_operational	2359	2359	2383.0	24.0	0.21813163678798908	3.9403614316424473e-05	UNDEFINED	UNDEFINED	UNDEFINED	UNDEFINED
pooled_oof_margin	0.21321603136584588	0.44024496006548974	guest_only_RF	0.22702892869964386	DEFINED	released	host_cold	v1_stereo_agnostic_operational	2131	2131	2383.0	252.0	0.21813163678798908	-0.004915605422143199	UNDEFINED	UNDEFINED	UNDEFINED	UNDEFINED
pooled_oof_margin	0.21740702109908716	0.4456051227572406	additive	0.22819810165815346	DEFINED	released	host_cold	v2_reviewed_only_parent	2204	2204	2383.0	179.0	0.21813163678798908	-0.0007246156889019195	UNDEFINED	UNDEFINED	UNDEFINED	UNDEFINED
pooled_oof_margin	0.21196420043115083	0.4438517505234676	additive	0.23188755009231676	DEFINED	released	host_cold	v2_all_operational_parent	2109	2109	2383.0	274.0	0.21813163678798908	-0.006167436356838252	UNDEFINED	UNDEFINED	UNDEFINED	UNDEFINED
pooled_oof_margin	0.20580226623329256	0.4418831625028987	additive	0.23608089626960616	DEFINED	canonical	host_cold	all	2383	2383	UNDEFINED	UNDEFINED	UNDEFINED	UNDEFINED	UNDEFINED	UNDEFINED	UNDEFINED	UNDEFINED
pooled_oof_margin	0.10355171542860808	0.6411579900105651	sim_knn_k5	0.537606274581957	DEFINED	released	guest_cold	all	2383	2383	UNDEFINED	UNDEFINED	UNDEFINED	UNDEFINED	UNDEFINED	UNDEFINED	UNDEFINED	UNDEFINED
pooled_oof_margin	0.10336555917239632	0.6425680333694379	sim_knn_k5	0.5392024741970416	DEFINED	released	guest_cold	v1_strict_exact	2358	2358	2383.0	25.0	0.10355171542860808	-0.0001861562562117669	UNDEFINED	UNDEFINED	UNDEFINED	UNDEFINED
pooled_oof_margin	0.09635709584896768	0.6319292478149765	sim_knn_k5	0.5355721519660088	DEFINED	released	guest_cold	v1_counterion_candidate	2220	2220	2383.0	163.0	0.10355171542860808	-0.0071946195796404044	UNDEFINED	UNDEFINED	UNDEFINED	UNDEFINED
pooled_oof_margin	0.06742151431919685	0.6356466566289735	sim_knn_k5	0.5682251423097766	DEFINED	released	guest_cold	v1_fragment_parent_operational	1921	1921	2383.0	462.0	0.10355171542860808	-0.03613020110941123	UNDEFINED	UNDEFINED	UNDEFINED	UNDEFINED
pooled_oof_margin	0.09507235412493542	0.6323940114399664	sim_knn_k5	0.537321657315031	DEFINED	released	guest_cold	v1_neutralized_operational	2221	2221	2383.0	162.0	0.10355171542860808	-0.008479361303672661	UNDEFINED	UNDEFINED	UNDEFINED	UNDEFINED
pooled_oof_margin	0.1072583523511027	0.6350288550222926	sim_knn_k5	0.5277705026711899	DEFINED	released	guest_cold	v1_stereo_agnostic_operational	2296	2296	2383.0	87.0	0.10355171542860808	0.0037066369224946216	UNDEFINED	UNDEFINED	UNDEFINED	UNDEFINED
pooled_oof_margin	0.09221049463959707	0.6286987438169301	sim_knn_k5	0.5364882491773331	DEFINED	released	guest_cold	v2_reviewed_only_parent	2100	2100	2383.0	283.0	0.10355171542860808	-0.011341220789011008	UNDEFINED	UNDEFINED	UNDEFINED	UNDEFINED
pooled_oof_margin	0.09215642432294513	0.6286981289347797	sim_knn_k5	0.5365417046118346	DEFINED	released	guest_cold	v2_all_operational_parent	2099	2099	2383.0	284.0	0.10355171542860808	-0.011395291105662952	UNDEFINED	UNDEFINED	UNDEFINED	UNDEFINED
pooled_oof_margin	0.10954164931854227	0.6460302161991758	sim_knn_k5	0.5364885668806335	DEFINED	canonical	guest_cold	all	2383	2383	UNDEFINED	UNDEFINED	UNDEFINED	UNDEFINED	UNDEFINED	UNDEFINED	UNDEFINED	UNDEFINED
equal_12_block_mean_margin	UNDEFINED	UNDEFINED	UNDEFINED	UNDEFINED	DEFINED	released	double_cold	all	1984	1382	UNDEFINED	UNDEFINED	UNDEFINED	UNDEFINED	12.0	12.0	0.09503991115167403	11.0
equal_12_block_mean_margin	UNDEFINED	UNDEFINED	UNDEFINED	UNDEFINED	DEFINED	released	double_cold	v1_strict_exact	1947	1356	1984.0	37.0	0.09503991115167403	-0.00533812782725622	12.0	12.0	0.0897017833244178	10.0
equal_12_block_mean_margin	UNDEFINED	UNDEFINED	UNDEFINED	UNDEFINED	DEFINED	released	double_cold	v1_counterion_candidate	1811	1255	1984.0	173.0	0.09503991115167403	-0.006350505957302022	12.0	12.0	0.088689405194372	10.0
equal_12_block_mean_margin	UNDEFINED	UNDEFINED	UNDEFINED	UNDEFINED	DEFINED	released	double_cold	v1_fragment_parent_operational	1604	1121	1984.0	380.0	0.09503991115167403	-0.02865557959592606	12.0	12.0	0.06638433155574797	8.0
equal_12_block_mean_margin	UNDEFINED	UNDEFINED	UNDEFINED	UNDEFINED	DEFINED	released	double_cold	v1_neutralized_operational	1875	1314	1984.0	109.0	0.09503991115167403	-0.003222345324321585	12.0	12.0	0.09181756582735244	12.0
equal_12_block_mean_margin	UNDEFINED	UNDEFINED	UNDEFINED	UNDEFINED	DEFINED	released	double_cold	v1_stereo_agnostic_operational	1776	1228	1984.0	208.0	0.09503991115167403	0.010110344948564914	12.0	12.0	0.10515025610023894	12.0
equal_12_block_mean_margin	UNDEFINED	UNDEFINED	UNDEFINED	UNDEFINED	DEFINED	released	double_cold	v2_reviewed_only_parent	1672	1191	1984.0	312.0	0.09503991115167403	-0.010128761058425417	12.0	12.0	0.08491115009324861	10.0
equal_12_block_mean_margin	UNDEFINED	UNDEFINED	UNDEFINED	UNDEFINED	DEFINED	released	double_cold	v2_all_operational_parent	1609	1143	1984.0	375.0	0.09503991115167403	-0.013036392094225663	12.0	12.0	0.08200351905744836	10.0
equal_12_block_mean_margin	UNDEFINED	UNDEFINED	UNDEFINED	UNDEFINED	DEFINED	canonical	double_cold	all	1716	1266	UNDEFINED	UNDEFINED	UNDEFINED	UNDEFINED	12.0	12.0	0.119837029646853	10.0
