job_id,seed,model,regime,fold,status,flag,n_train,n_val,n_test,mu,sd,best_epoch,stop_epoch,best_validation_mae,elapsed_s,peak_allocated_bytes,predictions_sha,runner_sha,R2,MAE,Spearman,calib_slope,offset,best_null,best_null_R2,margin_R2
s0_double_cold_0_GINE,0,GINE,double_cold,0,COMPLETED,ok,1224,215,100,4.028652191162109,2.064678715301514,100,130,0.9170235991477966,6.297000000005937,501228544,0f8c2c64164610186707a9b35eed81647c8fe19cf50f057420ea343d3ccdf114,374d508fd849e5039fc734b89e743b7c452f3f8bb401afe88f17cf8f90253cfb,-0.6647875308990479,1.600887417793274,0.2548518349744278,,,cond_only_RF,0.1026759126875656,-0.7674634435866134
s0_double_cold_0_AttentiveFP,0,AttentiveFP,double_cold,0,COMPLETED,ok,1224,215,100,4.028652191162109,2.064678715301514,48,78,1.0389001369476318,5.921999999991385,1429090304,4e1cdc92e96e1f7960b59aff7e7f6317ecf12a0401ada2bd9268cc1366b5e536,67662a199ed759f72ceb4277f7014091f1f881750628130bbdcf17e9e665094d,-0.176072359085083,1.3822451829910278,0.3070118856180375,,,cond_only_RF,0.1026759126875656,-0.2787482717726486
s0_double_cold_1_GINE,0,GINE,double_cold,1,COMPLETED,ok,1154,203,128,3.8320388793945312,1.9932930932769775,45,75,0.9483525156974792,2.235000000000582,501776384,9a545d007e5e9cd4066a55d6ff343c191ec704ae854381ddb820fcdd274fd0c0,67662a199ed759f72ceb4277f7014091f1f881750628130bbdcf17e9e665094d,0.3359493613243103,1.225900650024414,0.6014237523469601,,,guest_only_RF,0.3027033950729492,0.033245966251361114
s0_double_cold_1_AttentiveFP,0,AttentiveFP,double_cold,1,COMPLETED,ok,1154,203,128,3.8320388793945312,1.9932930932769775,254,284,0.903049111366272,15.780999999988126,1429224448,779deccf4ecf8c82b7e95eeabb190f72b1a0e60d733a1384e9ea2467f02f294e,67662a199ed759f72ceb4277f7014091f1f881750628130bbdcf17e9e665094d,-1.50527024269104,1.4999043941497803,0.5967885459510454,,,guest_only_RF,0.3027033950729492,-1.8079736377639892
s0_double_cold_2_GINE,0,GINE,double_cold,2,COMPLETED,ok,899,158,244,4.055578231811523,1.97836797101593,87,117,1.1226447820663452,3.764999999999418,501908992,c15ce3bfcd7ae8bd5f90eedabecb2d71840cdce052e0b992c0b7548559b40389,67662a199ed759f72ceb4277f7014091f1f881750628130bbdcf17e9e665094d,0.2791861295700073,1.2761173248291016,0.6314042381882518,,,host_only_RF,0.2990313556734378,-0.01984522610343048
s0_double_cold_2_AttentiveFP,0,AttentiveFP,double_cold,2,COMPLETED,ok,899,158,244,4.055578231811523,1.97836797101593,184,214,1.0066801309585571,11.093999999997322,1429357056,a699ea2d5604ea6ea5ec60894e245540498136d56e1e6e56472a03b6e66b13fa,67662a199ed759f72ceb4277f7014091f1f881750628130bbdcf17e9e665094d,0.3894379734992981,1.155759334564209,0.6528058882513245,,,host_only_RF,0.2990313556734378,0.09040661782586029
s0_double_cold_3_GINE,0,GINE,double_cold,3,COMPLETED,ok,1165,205,165,4.090628623962402,2.0701311097869874,72,102,1.0165772438049316,3.125,501911040,29feeb1aeca96c05ba4e4a6dd66f0909cf662dcdae45256cec4fee305107fc73,67662a199ed759f72ceb4277f7014091f1f881750628130bbdcf17e9e665094d,-0.11931848526000977,1.1473740339279175,0.559836078174862,,,host_only_RF,0.0625537420182714,-0.18187222727828117
s0_double_cold_3_AttentiveFP,0,AttentiveFP,double_cold,3,COMPLETED,ok,1165,205,165,4.090628623962402,2.0701311097869874,132,162,1.117860198020935,8.172000000005937,1429359104,57a9127afd76aebf60590bb1ce121f473ac4d5c37d4415c4f3ad90a0a9072841,67662a199ed759f72ceb4277f7014091f1f881750628130bbdcf17e9e665094d,0.09772539138793945,1.0440491437911987,0.590473913370657,,,host_only_RF,0.0625537420182714,0.03517164936966806
s0_double_cold_4_GINE,0,GINE,double_cold,4,COMPLETED,ok,1066,188,170,3.83508038520813,2.1125600801239015,69,99,0.8955259919166565,3.125,502044160,cb38bd6f71287e8a86c3b091e7feaddaf55cc13d6b2f195ccf7799fb6a5274e9,67662a199ed759f72ceb4277f7014091f1f881750628130bbdcf17e9e665094d,0.1568981409072876,1.2070597410202026,0.5952172604127767,,,sim_knn_k5,0.2559367409168446,-0.099038600009557
s0_double_cold_4_AttentiveFP,0,AttentiveFP,double_cold,4,COMPLETED,ok,1066,188,170,3.83508038520813,2.1125600801239015,128,158,0.9008946418762207,7.9060000000026776,1429358080,3507b5c7f3a80910b46b77a769d7d0ddc6487eca96e5f3ca4f17257ecc174208,67662a199ed759f72ceb4277f7014091f1f881750628130bbdcf17e9e665094d,0.47059160470962524,0.976111888885498,0.7129104413358217,,,sim_knn_k5,0.2559367409168446,0.21465486379278065
s0_double_cold_5_GINE,0,GINE,double_cold,5,COMPLETED,ok,998,176,197,4.037471294403076,2.009536074234009,30,60,0.9696946144104004,1.7660000000032596,502043136,61fcaccb9efdfe12e04b1e68d153fc9dad9cb84bfeed1fabf3a460da7c880dee,67662a199ed759f72ceb4277f7014091f1f881750628130bbdcf17e9e665094d,0.4131354093551636,1.2136329412460327,0.7209065420444539,,,sim_knn_k5,0.323456530578793,0.0896788787763706
s0_double_cold_5_AttentiveFP,0,AttentiveFP,double_cold,5,COMPLETED,ok,998,176,197,4.037471294403076,2.009536074234009,39,69,0.9688932299613953,3.5320000000065193,1429357056,1dfe2d9d3ec92b35577a4e8a1a093de91f6233f897087016fedae53f73161006,67662a199ed759f72ceb4277f7014091f1f881750628130bbdcf17e9e665094d,0.4396078586578369,1.1335943937301636,0.7301518225395675,,,sim_knn_k5,0.323456530578793,0.11615132807904394
s0_double_cold_6_GINE,0,GINE,double_cold,6,COMPLETED,ok,1107,195,159,3.7961957454681396,1.969435380531311,133,163,0.8937134146690369,4.827999999994063,502044160,ca48a0e3c33ab75177f0581d35ce7a5a4277e62458937dae8c30da826267218e,67662a199ed759f72ceb4277f7014091f1f881750628130bbdcf17e9e665094d,0.14434385299682617,1.5766041278839111,0.43828747712351135,,,additive,0.447440726857964,-0.3030968738611378
s0_double_cold_6_AttentiveFP,0,AttentiveFP,double_cold,6,COMPLETED,ok,1107,195,159,3.7961957454681396,1.969435380531311,213,243,0.822465717792511,12.452999999994063,1429492224,8de23495043ac6063aeb5541a17145d99db02440478edceee4b04b35adf4893e,67662a199ed759f72ceb4277f7014091f1f881750628130bbdcf17e9e665094d,0.35738062858581543,1.411647915840149,0.6861153262427324,,,additive,0.447440726857964,-0.09006009827214856
s0_double_cold_7_GINE,0,GINE,double_cold,7,COMPLETED,ok,1298,228,76,3.955683708190918,2.033159302307129,134,164,0.8274602890014648,5.01600000000326,502179840,43c23801f94f2da8252466345482ab4885a1da5da940431f1a021b4f30195491,67662a199ed759f72ceb4277f7014091f1f881750628130bbdcf17e9e665094d,0.3246210217475891,1.3055932521820068,0.5319316185691982,,,sim_knn_k5,0.2681589951258996,0.05646202662168953
s0_double_cold_7_AttentiveFP,0,AttentiveFP,double_cold,7,COMPLETED,ok,1298,228,76,3.955683708190918,2.033159302307129,279,299,0.8737700581550598,14.921999999991385,1429627904,5e78542c47532519754e0d3bdba3ae503d27a05ab9d9577ff4d1a0e19dd839cf,67662a199ed759f72ceb4277f7014091f1f881750628130bbdcf17e9e665094d,0.3110600709915161,1.3060362339019775,0.5595701923471271,,,sim_knn_k5,0.2681589951258996,0.042901075865616534
s0_double_cold_8_GINE,0,GINE,double_cold,8,COMPLETED,ok,910,160,232,4.192571640014648,2.036341951919556,94,124,0.9382441639900208,4.077999999994063,502311424,7578c5052bf101a33003946e60afd5e6bf817eb09aa4f132b9053da861466922,67662a199ed759f72ceb4277f7014091f1f881750628130bbdcf17e9e665094d,0.47316527366638184,1.207589030265808,0.6540068462543843,,,sim_knn_k5,0.4841248032618563,-0.010959529595474471
s0_double_cold_8_AttentiveFP,0,AttentiveFP,double_cold,8,COMPLETED,ok,910,160,232,4.192571640014648,2.036341951919556,205,235,0.879616379737854,13.312999999994645,1429759488,8d8997d729dab37ce5f2d6dcedcff7404bcb735f1584b8b1da788c79c8f1aac0,67662a199ed759f72ceb4277f7014091f1f881750628130bbdcf17e9e665094d,0.5699706077575684,1.064795732498169,0.6748741074610353,,,sim_knn_k5,0.4841248032618563,0.08584580449571205
s0_double_cold_9_GINE,0,GINE,double_cold,9,COMPLETED,ok,1263,222,107,3.916177988052368,2.0091846452484132,92,122,0.9596295356750488,4.202999999994063,502447104,957280d0db12ddc6aeb7b94c4fdae34a9e717b1d996f07e1122f14fe392c112b,67662a199ed759f72ceb4277f7014091f1f881750628130bbdcf17e9e665094d,0.23285996913909912,1.3618884086608887,0.6240849185932748,,,sim_knn_k5,0.2622490427434276,-0.029389073604328464
s0_double_cold_9_AttentiveFP,0,AttentiveFP,double_cold,9,COMPLETED,ok,1263,222,107,3.916177988052368,2.0091846452484132,213,243,0.9497547745704651,15.546000000002095,1429895168,55d58ab02e69906d898b2d7bb6bca5d21c9493309413f0f6c6e80fe184f91bf1,67662a199ed759f72ceb4277f7014091f1f881750628130bbdcf17e9e665094d,0.24457329511642456,1.2311874628067017,0.6208666730513397,,,sim_knn_k5,0.2622490427434276,-0.017675747627003024
s0_double_cold_10_GINE,0,GINE,double_cold,10,COMPLETED,ok,1038,183,195,3.716980457305908,1.9241301284561156,78,108,0.9948164224624634,3.610000000000582,502580736,e73d7ecec6c0ae98dbc70a36d4abcb4e329dfea619392528f5db84057d0a4857,67662a199ed759f72ceb4277f7014091f1f881750628130bbdcf17e9e665094d,0.41053539514541626,1.189542293548584,0.6879744515358454,,,additive,0.3272728170124667,0.08326257813294957
s0_double_cold_10_AttentiveFP,0,AttentiveFP,double_cold,10,COMPLETED,ok,1038,183,195,3.716980457305908,1.9241301284561156,112,142,0.9874964356422424,8.09299999999348,1430028800,4464bd33752b05f129c50001546cdeb4e387dfb43d50e16d80cda067f5b44ef9,67662a199ed759f72ceb4277f7014091f1f881750628130bbdcf17e9e665094d,0.3531094193458557,1.2645657062530518,0.6419963431692278,,,additive,0.3272728170124667,0.025836602333389025
s0_double_cold_11_GINE,0,GINE,double_cold,11,COMPLETED,ok,958,168,211,3.959306478500366,2.0801568494567872,105,135,0.9269100427627563,4.4210000000020955,502713856,a2d4b4c3b7b0ea44bface02ba6e86f78abd8cfcc845c3e7406977829819fef5d,67662a199ed759f72ceb4277f7014091f1f881750628130bbdcf17e9e665094d,0.3429611921310425,1.3604470491409302,0.6338890607339299,,,sim_knn_k5,0.3606335583114992,-0.0176723661804567
s0_double_cold_11_AttentiveFP,0,AttentiveFP,double_cold,11,COMPLETED,ok,958,168,211,3.959306478500366,2.0801568494567872,72,102,0.9637429714202881,9.343000000008033,1430161920,f8e5ecec5da30556314e8e909688ba5b9ba49f09633e4f7eb4a14f3054f466e1,67662a199ed759f72ceb4277f7014091f1f881750628130bbdcf17e9e665094d,0.4785184860229492,1.2118700742721558,0.722453269702782,,,sim_knn_k5,0.3606335583114992,0.11788492771145004
s1_double_cold_0_GINE,1,GINE,double_cold,0,COMPLETED,ok,1224,215,100,4.008547306060791,2.0501678453216554,39,69,0.9435035586357117,4.375,504190976,ded65367198f7dcb5307a0502fdbcad3a9f6159199425e033fe46a74a96666f5,67662a199ed759f72ceb4277f7014091f1f881750628130bbdcf17e9e665094d,-0.6663928031921387,1.6283655166625977,0.2090273260329844,,,cond_only_RF,0.1026759126875656,-0.7690687158797043
s1_double_cold_0_AttentiveFP,1,AttentiveFP,double_cold,0,COMPLETED,ok,1224,215,100,4.008547306060791,2.0501678453216554,156,186,0.8762814998626709,19.968999999997322,1431639040,37a61c4eedd71c5efd30bf94de39a984174908d0b5b51aa2f1b231892a7eafa3,67662a199ed759f72ceb4277f7014091f1f881750628130bbdcf17e9e665094d,-0.6274009943008423,1.5444508790969849,0.34399013501558134,,,cond_only_RF,0.1026759126875656,-0.7300769069884079
s1_double_cold_1_GINE,1,GINE,double_cold,1,COMPLETED,ok,1154,203,128,3.826775312423706,2.015783356262207,169,199,0.8307559490203857,12.0,504325120,a7eab00e7f9317f9052c4f928edf652d150ec0c291a35ac874db0ece47b4bcc4,67662a199ed759f72ceb4277f7014091f1f881750628130bbdcf17e9e665094d,0.18450403213500977,1.317286491394043,0.5079957310841196,,,guest_only_RF,0.3027033950729492,-0.11819936293793942
s1_double_cold_1_AttentiveFP,1,AttentiveFP,double_cold,1,COMPLETED,ok,1154,203,128,3.826775312423706,2.015783356262207,204,234,0.8502805829048157,20.59299999999348,1431773184,b06715ad1a816e7f2125388412ddaaaab8562c11485126458e7aedebe058c124,67662a199ed759f72ceb4277f7014091f1f881750628130bbdcf17e9e665094d,0.07287412881851196,1.3012993335723877,0.6289316994397525,,,guest_only_RF,0.3027033950729492,-0.22982926625443723
s1_double_cold_2_GINE,1,GINE,double_cold,2,COMPLETED,ok,899,158,244,4.170272350311279,2.0832489000091554,46,76,0.8373662233352661,4.0310000000026776,504457728,80750da38a35c7814fe981474665375e1157f1eda810b004ce233c3def7fa1ca,67662a199ed759f72ceb4277f7014091f1f881750628130bbdcf17e9e665094d,0.5245484709739685,1.0367820262908936,0.6924270481640092,,,host_only_RF,0.2990313556734378,0.2255171153005307
s1_double_cold_2_AttentiveFP,1,AttentiveFP,double_cold,2,COMPLETED,ok,899,158,244,4.170272350311279,2.0832489000091554,275,299,0.791628897190094,20.75,1431905792,07b96df9470e1312cb1d2088a0da6748137c64eb527a5135289c405b7d2c6677,67662a199ed759f72ceb4277f7014091f1f881750628130bbdcf17e9e665094d,0.4445338845252991,1.124437928199768,0.5815271358439513,,,host_only_RF,0.2990313556734378,0.14550252885186127
s1_double_cold_3_GINE,1,GINE,double_cold,3,COMPLETED,ok,1165,205,165,4.178318023681641,2.166410254074097,68,98,0.9111100435256958,2.9689999999973224,504593920,91e9f67e6c517a1673c0bdb15ad682ac588510b41dc465811aeb1412f6d9f0a7,67662a199ed759f72ceb4277f7014091f1f881750628130bbdcf17e9e665094d,-1.0287907123565674,1.2928725481033325,0.4959530353256967,,,host_only_RF,0.0625537420182714,-1.0913444543748387
s1_double_cold_3_AttentiveFP,1,AttentiveFP,double_cold,3,COMPLETED,ok,1165,205,165,4.178318023681641,2.166410254074097,182,212,0.8785591721534729,14.327999999994063,1432041984,aa3bd2fd5357dddbdc7b0f68191ea04102960e15bc3bf889133f2b3e26c90582,67662a199ed759f72ceb4277f7014091f1f881750628130bbdcf17e9e665094d,0.0779309868812561,1.02130925655365,0.5146183129706794,,,host_only_RF,0.0625537420182714,0.01537724486298471
s1_double_cold_4_GINE,1,GINE,double_cold,4,COMPLETED,ok,1066,188,170,3.8128128051757812,2.136182354522705,92,122,0.850641131401062,7.062000000005355,504727040,ea3b448ef3e875e2d433b11577d5b632e4a604a0fa0c2e3957b9996e4600e7e3,67662a199ed759f72ceb4277f7014091f1f881750628130bbdcf17e9e665094d,0.21463733911514282,1.1018142700195312,0.6368575418739741,,,sim_knn_k5,0.2559367409168446,-0.041299401801701774
s1_double_cold_4_AttentiveFP,1,AttentiveFP,double_cold,4,COMPLETED,ok,1066,188,170,3.8128128051757812,2.136182354522705,252,282,0.7015137672424316,28.468999999997322,1432175104,f2e0a88afee096faf9448787ec02ccbb98e2f74c70de9ebaaf0fe351f37ca221,67662a199ed759f72ceb4277f7014091f1f881750628130bbdcf17e9e665094d,0.3769884705543518,1.0809581279754639,0.7147888033504081,,,sim_knn_k5,0.2559367409168446,0.12105172963750721
s1_double_cold_5_GINE,1,GINE,double_cold,5,COMPLETED,ok,998,176,197,4.017852783203125,1.9830902086029052,60,90,0.8253335356712341,5.26600000000326,504860160,666d7645e0ff102712b8f7f53f1f1356da0b241edbc976721d9e4c60d7f48832,67662a199ed759f72ceb4277f7014091f1f881750628130bbdcf17e9e665094d,0.3765033483505249,1.2630411386489868,0.7173452646386492,,,sim_knn_k5,0.323456530578793,0.053046817771731924
s1_double_cold_5_AttentiveFP,1,AttentiveFP,double_cold,5,COMPLETED,ok,998,176,197,4.017852783203125,1.9830902086029052,135,165,0.9007242918014526,16.578000000008615,1432308224,7f0f1f7f14ae18a9b2cc3ebb8b984d4df6c473af86b8c5c74ae09c20402aa249,67662a199ed759f72ceb4277f7014091f1f881750628130bbdcf17e9e665094d,0.49108272790908813,1.115576982498169,0.7336018710019274,,,sim_knn_k5,0.323456530578793,0.16762619733029516
s1_double_cold_6_GINE,1,GINE,double_cold,6,COMPLETED,ok,1107,195,159,3.834111452102661,2.0042255388031007,152,182,0.689855694770813,10.437000000005355,504995328,44b53a1d78114e7b64cfd5b3c26a9f8c820f228328daef3aae96e93d404337bd,67662a199ed759f72ceb4277f7014091f1f881750628130bbdcf17e9e665094d,0.3552071452140808,1.3678001165390015,0.5974902244344674,,,additive,0.447440726857964,-0.09223358164388318
s1_double_cold_6_AttentiveFP,1,AttentiveFP,double_cold,6,COMPLETED,ok,1107,195,159,3.834111452102661,2.0042255388031007,175,205,0.8216314315795898,20.48399999999674,1432443392,cc2469aa54f274449eba535196d7d3efdb0a90ea44a1a4bd33d4583b9c9cb33e,67662a199ed759f72ceb4277f7014091f1f881750628130bbdcf17e9e665094d,0.38377779722213745,1.3020082712173462,0.6661795298026215,,,additive,0.447440726857964,-0.06366292963582654
s1_double_cold_7_GINE,1,GINE,double_cold,7,COMPLETED,ok,1298,228,76,3.948432445526123,2.037457035614014,61,91,0.9508375525474548,5.312999999994645,505131008,0facbe915d2c16975efa8fa8f7c55798064685b99fdd5b1a88c8a42dfc2b0b16,67662a199ed759f72ceb4277f7014091f1f881750628130bbdcf17e9e665094d,0.3442932963371277,1.1897022724151611,0.5746119196016587,,,sim_knn_k5,0.2681589951258996,0.0761343012112281
s1_double_cold_7_AttentiveFP,1,AttentiveFP,double_cold,7,COMPLETED,ok,1298,228,76,3.948432445526123,2.037457035614014,46,76,1.1143066883087158,7.812999999994645,1432579072,742ae3dab766b9096d51c32f08d06b5456a9d06225f935e2342370d6d000075a,67662a199ed759f72ceb4277f7014091f1f881750628130bbdcf17e9e665094d,0.4211302399635315,1.219346523284912,0.5821035291358637,,,sim_knn_k5,0.2681589951258996,0.15297124483763191
s1_double_cold_8_GINE,1,GINE,double_cold,8,COMPLETED,ok,910,160,232,4.185728549957275,2.0480957494506837,64,94,0.9976161122322083,5.4539999999979045,505262592,90c12140f355485cf774e2ddc829e060d83e181ce25350b23f180d31dffa7ca6,67662a199ed759f72ceb4277f7014091f1f881750628130bbdcf17e9e665094d,0.5002985000610352,1.1542426347732544,0.6234389550333277,,,sim_knn_k5,0.4841248032618563,0.01617369679917885
s1_double_cold_8_AttentiveFP,1,AttentiveFP,double_cold,8,COMPLETED,ok,910,160,232,4.185728549957275,2.0480957494506837,96,126,0.9915690422058105,12.625,1432710656,392e73e556aaee07ee47281f8ca8fd930e039f9912f84bd3f0a26f470ec85406,67662a199ed759f72ceb4277f7014091f1f881750628130bbdcf17e9e665094d,0.5270644426345825,1.0722837448120117,0.6858748089996266,,,sim_knn_k5,0.4841248032618563,0.04293963937272621
s1_double_cold_9_GINE,1,GINE,double_cold,9,COMPLETED,ok,1263,222,107,3.9305789470672607,2.063000963760376,70,100,0.941612184047699,3.2660000000032596,505398272,6b57f8f00c9453a9e5c205db886ca2da9d513ef153b769c21d75e5c040a043f3,67662a199ed759f72ceb4277f7014091f1f881750628130bbdcf17e9e665094d,0.14762955904006958,1.4445784091949463,0.5197295106398729,,,sim_knn_k5,0.2622490427434276,-0.114619483703358
s1_double_cold_9_AttentiveFP,1,AttentiveFP,double_cold,9,COMPLETED,ok,1263,222,107,3.9305789470672607,2.063000963760376,41,71,0.9952556490898132,4.187999999994645,1432846336,5e4e11d1c6b009d0d177a4cbff3f3d91e31c8d9ed20af49021a096041c7be40c,67662a199ed759f72ceb4277f7014091f1f881750628130bbdcf17e9e665094d,0.20427775382995605,1.3053971529006958,0.6045550175648194,,,sim_knn_k5,0.2622490427434276,-0.05797128891347153
s1_double_cold_10_GINE,1,GINE,double_cold,10,COMPLETED,ok,1038,183,195,3.753187656402588,1.9918146596679687,38,68,1.053213357925415,2.0,505531904,67e8c9e2d694a44536d3b21ba8093303b6a62278b17a087553e3fc0cc7b33bf8,67662a199ed759f72ceb4277f7014091f1f881750628130bbdcf17e9e665094d,0.4179719090461731,1.1938575506210327,0.7047634268515056,,,additive,0.3272728170124667,0.09069909203370641
s1_double_cold_10_AttentiveFP,1,AttentiveFP,double_cold,10,COMPLETED,ok,1038,183,195,3.753187656402588,1.9918146596679687,123,153,0.8723839521408081,7.765999999988708,1432845824,6a00df7d65087c37fef22dcebb96cf53d8ab0b64873f37845eb74085cd0d9cde,67662a199ed759f72ceb4277f7014091f1f881750628130bbdcf17e9e665094d,0.34777969121932983,1.2629773616790771,0.6739246275297036,,,additive,0.3272728170124667,0.020506874206863146
s1_double_cold_11_GINE,1,GINE,double_cold,11,COMPLETED,ok,958,168,211,3.8978841304779053,2.0267541871795656,26,56,1.1128185987472534,1.6560000000026776,505530880,017aef3544fced26837ed058674bc741b20a3c216996d1433294e5a900a3fe10,67662a199ed759f72ceb4277f7014091f1f881750628130bbdcf17e9e665094d,0.5339996814727783,1.1546815633773804,0.7578191669880202,,,sim_knn_k5,0.3606335583114992,0.17336612316127914
s1_double_cold_11_AttentiveFP,1,AttentiveFP,double_cold,11,COMPLETED,ok,958,168,211,3.8978841304779053,2.0267541871795656,161,191,0.9611740112304688,9.672000000005937,1432978944,2286b4ba7e12054fb05dc59791f1e11fffac01dfcaa53f2cf5fe63168595408b,67662a199ed759f72ceb4277f7014091f1f881750628130bbdcf17e9e665094d,0.15818583965301514,1.372401237487793,0.6490668611112567,,,sim_knn_k5,0.3606335583114992,-0.20244771865848404
s2_double_cold_0_GINE,2,GINE,double_cold,0,COMPLETED,ok,1224,215,100,4.065853118896484,2.08465151651001,79,109,0.8322045803070068,6.6710000000020955,502983680,2e884c3b6699f56955823a11d6fa6934370df91503432e3694f6fba58a6c0514,67662a199ed759f72ceb4277f7014091f1f881750628130bbdcf17e9e665094d,-0.3052217960357666,1.4352672100067139,0.32913861243389003,,,cond_only_RF,0.1026759126875656,-0.4078977087233322
s2_double_cold_0_AttentiveFP,2,AttentiveFP,double_cold,0,COMPLETED,ok,1224,215,100,4.065853118896484,2.08465151651001,134,164,0.8269447684288025,18.139999999999418,1430431744,cbea619f81a9bc129c1431722bf6e3df30eaf4f3ddcdcb34d4f9db1b90e252a7,67662a199ed759f72ceb4277f7014091f1f881750628130bbdcf17e9e665094d,-0.43619871139526367,1.449974775314331,0.3858412079299714,,,cond_only_RF,0.1026759126875656,-0.5388746240828293
s2_double_cold_1_GINE,2,GINE,double_cold,1,COMPLETED,ok,1154,203,128,3.8138818740844727,2.0185547338256837,39,69,0.8975813984870911,4.51600000000326,503117824,4a3477e1ee696330005e68b71d297cd7724443eac0705fe59d93facfe8f481c5,67662a199ed759f72ceb4277f7014091f1f881750628130bbdcf17e9e665094d,0.3553125858306885,1.181874394416809,0.6207628634765818,,,guest_only_RF,0.3027033950729492,0.05260919075773929
s2_double_cold_1_AttentiveFP,2,AttentiveFP,double_cold,1,COMPLETED,ok,1154,203,128,3.8138818740844727,2.0185547338256837,269,299,0.7695886492729187,33.437999999994645,1430565888,2fdb992b7544e2642cd681a0dd64dfc3a9f2d25c5089fbb25f1c76f95ebdf91b,67662a199ed759f72ceb4277f7014091f1f881750628130bbdcf17e9e665094d,0.20310616493225098,1.3207799196243286,0.6352235629364292,,,guest_only_RF,0.3027033950729492,-0.09959723014069821
s2_double_cold_2_GINE,2,GINE,double_cold,2,COMPLETED,ok,899,158,244,4.102035045623779,2.0274374948272706,44,74,1.0214955806732178,4.5789999999979045,503250432,77d58d6a8bc76aa60341fa44f090d9d7b8054000d782a3b401c534bad86fa3ef,67662a199ed759f72ceb4277f7014091f1f881750628130bbdcf17e9e665094d,0.4950081706047058,1.0657782554626465,0.627117167008522,,,host_only_RF,0.2990313556734378,0.195976814931268
s2_double_cold_2_AttentiveFP,2,AttentiveFP,double_cold,2,COMPLETED,ok,899,158,244,4.102035045623779,2.0274374948272706,129,159,0.8479285836219788,17.593999999997322,1430698496,7ac5784d1c15f89394ca9f4985cfc84496e4c0b09b36b6ed774437e1ee440dac,67662a199ed759f72ceb4277f7014091f1f881750628130bbdcf17e9e665094d,0.4417179226875305,1.11036217212677,0.6579764447461091,,,host_only_RF,0.2990313556734378,0.1426865670140927
s2_double_cold_3_GINE,2,GINE,double_cold,3,COMPLETED,ok,1165,205,165,4.1537981033325195,2.1383288369903566,67,97,0.9878032207489014,6.3439999999973224,503386624,1345a0d9049db23466b25573b28822786c5bcef0ccc34fc9be1e9cfe5b41d34f,67662a199ed759f72ceb4277f7014091f1f881750628130bbdcf17e9e665094d,0.15419065952301025,0.9780486226081848,0.5814428142651551,,,host_only_RF,0.0625537420182714,0.09163691750473886
s2_double_cold_3_AttentiveFP,2,AttentiveFP,double_cold,3,COMPLETED,ok,1165,205,165,4.1537981033325195,2.1383288369903566,238,268,0.9758044481277466,29.343999999997322,1430834688,39177b36675dfb15abbaaa0bb53304cad13a7073deca8edecac5dc1051e22b45,67662a199ed759f72ceb4277f7014091f1f881750628130bbdcf17e9e665094d,-0.07747626304626465,1.1057509183883667,0.5088973485680064,,,host_only_RF,0.0625537420182714,-0.14003000506453606
s2_double_cold_4_GINE,2,GINE,double_cold,4,COMPLETED,ok,1066,188,170,3.826892852783203,2.1309178338775636,71,101,0.8537176847457886,5.985000000000582,503519744,928953d0e60f6c3c7a35b3d01e223b36478e4e400979f27f2c406259966e5f79,67662a199ed759f72ceb4277f7014091f1f881750628130bbdcf17e9e665094d,0.29211318492889404,1.1016459465026855,0.6707914096082276,,,sim_knn_k5,0.2559367409168446,0.03617644401204945
s2_double_cold_4_AttentiveFP,2,AttentiveFP,double_cold,4,COMPLETED,ok,1066,188,170,3.826892852783203,2.1309178338775636,225,255,0.7952860593795776,25.922000000005937,1430967808,790794f6a69ba16a333f5954c040f0251e34f7d1a6df650f512f90bfce845d77,67662a199ed759f72ceb4277f7014091f1f881750628130bbdcf17e9e665094d,0.0747915506362915,1.156339406967163,0.6787848292346697,,,sim_knn_k5,0.2559367409168446,-0.1811451902805531
s2_double_cold_5_GINE,2,GINE,double_cold,5,COMPLETED,ok,998,176,197,3.95841908454895,1.9678869710693359,115,145,1.0185335874557495,4.546999999991385,503518720,35d0c54d23074421d8359606d79733580a811e4be189e8b382cf64e893a37182,67662a199ed759f72ceb4277f7014091f1f881750628130bbdcf17e9e665094d,0.2792120575904846,1.3482272624969482,0.6663316807762596,,,sim_knn_k5,0.323456530578793,-0.04424447298830836
s2_double_cold_5_AttentiveFP,2,AttentiveFP,double_cold,5,COMPLETED,ok,998,176,197,3.95841908454895,1.9678869710693359,72,102,0.9560961723327637,5.4060000000026776,1430966784,d9938041829525917abd4e6e595f8c69b6311ea1f326dce654552bcceccf39c4,67662a199ed759f72ceb4277f7014091f1f881750628130bbdcf17e9e665094d,0.48447710275650024,1.1335870027542114,0.735008260184036,,,sim_knn_k5,0.323456530578793,0.16102057217770727
s2_double_cold_6_GINE,2,GINE,double_cold,6,COMPLETED,ok,1107,195,159,3.824347496032715,1.983556793762207,63,93,1.0103827714920044,2.8430000000080327,503653888,14b1c35c8cb06b7d59654739e6886b67806a428173370ec49bc3970962939095,67662a199ed759f72ceb4277f7014091f1f881750628130bbdcf17e9e665094d,0.2584896683692932,1.387708306312561,0.524634628698335,,,additive,0.447440726857964,-0.18895105848867078
s2_double_cold_6_AttentiveFP,2,AttentiveFP,double_cold,6,COMPLETED,ok,1107,195,159,3.824347496032715,1.983556793762207,57,87,1.0547362565994263,4.578000000008615,1430967808,9d78e42549c373ace9bd40bbfafec32e0b628e961fb27ba04f03cc28fa28c2d9,67662a199ed759f72ceb4277f7014091f1f881750628130bbdcf17e9e665094d,0.44289201498031616,1.275124192237854,0.6820042679577406,,,additive,0.447440726857964,-0.004548711877647826
s2_double_cold_7_GINE,2,GINE,double_cold,7,COMPLETED,ok,1298,228,76,3.963592529296875,2.0846250520477296,46,76,0.993205189704895,3.639999999999418,503655424,1adf81e04714a6abb693ac452ba7aa91b9240d5e982cecb446ec3c2f704d0722,67662a199ed759f72ceb4277f7014091f1f881750628130bbdcf17e9e665094d,0.30062752962112427,1.2606281042099,0.552078634020971,,,sim_knn_k5,0.2681589951258996,0.03246853449522469
s2_double_cold_7_AttentiveFP,2,AttentiveFP,double_cold,7,COMPLETED,ok,1298,228,76,3.963592529296875,2.0846250520477296,24,54,1.081125020980835,5.827999999994063,1430969344,ddbf2503fe94804d81c5fdc8e830ff3fae58f9192688bf7d9577b19a72ce93c3,67662a199ed759f72ceb4277f7014091f1f881750628130bbdcf17e9e665094d,0.4463462233543396,1.1326473951339722,0.6479148581461984,,,sim_knn_k5,0.2681589951258996,0.17818722822844002
s2_double_cold_8_GINE,2,GINE,double_cold,8,COMPLETED,ok,910,160,232,4.134942054748535,1.9763008819351195,69,99,1.0639642477035522,6.031999999991967,503652864,0d9ae3048060fab6eb135cee0465d18930d6d888ffffd156248e60381f9a2cbd,67662a199ed759f72ceb4277f7014091f1f881750628130bbdcf17e9e665094d,0.5191717147827148,1.1352646350860596,0.6397748827264118,,,sim_knn_k5,0.4841248032618563,0.03504691152085854
s2_double_cold_8_AttentiveFP,2,AttentiveFP,double_cold,8,COMPLETED,ok,910,160,232,4.134942054748535,1.9763008819351195,211,241,0.8703325390815735,19.75,1431100928,200dce5b58da9e01125c959f1ba4c521376855b603bd28bfb2753a4100222fb3,67662a199ed759f72ceb4277f7014091f1f881750628130bbdcf17e9e665094d,0.5716514587402344,1.0728635787963867,0.6861501388669111,,,sim_knn_k5,0.4841248032618563,0.08752665547837807
s2_double_cold_9_GINE,2,GINE,double_cold,9,COMPLETED,ok,1263,222,107,3.9365010261535645,2.0142655835876466,115,145,0.9934808611869812,4.98399999999674,503788544,23e5b931515fd363ec2975395b8dd8ee3fccff5f4244c17b31e33fb81e8cee98,67662a199ed759f72ceb4277f7014091f1f881750628130bbdcf17e9e665094d,0.08317232131958008,1.4611196517944336,0.5592742538058423,,,sim_knn_k5,0.2622490427434276,-0.1790767214238475
s2_double_cold_9_AttentiveFP,2,AttentiveFP,double_cold,9,COMPLETED,ok,1263,222,107,3.9365010261535645,2.0142655835876466,141,171,1.0487312078475952,12.139999999999418,1431236608,e19ce5c22e3d6285c4b51809e8081448b5edbd5f63a859cc61dbe59f4d15043b,67662a199ed759f72ceb4277f7014091f1f881750628130bbdcf17e9e665094d,0.32632243633270264,1.200870156288147,0.6398038682798344,,,sim_knn_k5,0.2622490427434276,0.06407339358927505
s2_double_cold_10_GINE,2,GINE,double_cold,10,COMPLETED,ok,1038,183,195,3.7374372482299805,1.9839599595794677,63,93,0.9711881875991821,3.3280000000086147,503922176,966fa8b6c290c8caf57c8e7b7b7ed7b1321588f1eeb5a530966c93b90a9a621f,67662a199ed759f72ceb4277f7014091f1f881750628130bbdcf17e9e665094d,0.436833918094635,1.151571273803711,0.6910866836763181,,,additive,0.3272728170124667,0.10956110108216832
s2_double_cold_10_AttentiveFP,2,AttentiveFP,double_cold,10,COMPLETED,ok,1038,183,195,3.7374372482299805,1.9839599595794677,60,90,0.9522149562835693,4.64100000000326,1431370240,101e0d7053b15240ac0be33505996535649d34b67bcd6fd72fa2abd617521b6d,67662a199ed759f72ceb4277f7014091f1f881750628130bbdcf17e9e665094d,0.3042408227920532,1.2935774326324463,0.6486124637321649,,,additive,0.3272728170124667,-0.023031994220413465
s2_double_cold_11_GINE,2,GINE,double_cold,11,COMPLETED,ok,958,168,211,3.893035888671875,2.0592105851898195,90,120,0.9856008887290955,3.625,504055296,024eca4d29706be6e6aaaef38e81a7d8b6da50dac9185b6ebc212161fdcf7521,67662a199ed759f72ceb4277f7014091f1f881750628130bbdcf17e9e665094d,0.45080941915512085,1.2097676992416382,0.6983771469175544,,,sim_knn_k5,0.3606335583114992,0.09017586084362167
s2_double_cold_11_AttentiveFP,2,AttentiveFP,double_cold,11,COMPLETED,ok,958,168,211,3.893035888671875,2.0592105851898195,290,299,0.7799075841903687,20.797000000005937,1431503360,6ede8697b7fd0da07647652b6a39cc896f63f180769d1dea5742c16a736fb9ca,67662a199ed759f72ceb4277f7014091f1f881750628130bbdcf17e9e665094d,0.11801987886428833,1.4202231168746948,0.7187383430554235,,,sim_knn_k5,0.3606335583114992,-0.24261367944721085
s3_double_cold_0_GINE,3,GINE,double_cold,0,COMPLETED,ok,1224,215,100,4.034019947052002,2.0559452043304445,33,63,1.030228614807129,3.860000000000582,501776384,f70dd83714829d06d9fafbb50c9233fbbb9851fb5d55d58d419847b12ec4e956,67662a199ed759f72ceb4277f7014091f1f881750628130bbdcf17e9e665094d,-0.39591681957244873,1.4960124492645264,0.30413139881004964,,,cond_only_RF,0.1026759126875656,-0.4985927322600143
s3_double_cold_0_AttentiveFP,3,AttentiveFP,double_cold,0,COMPLETED,ok,1224,215,100,4.034019947052002,2.0559452043304445,176,206,0.8825544714927673,22.405999999988126,1429224448,f45812fec60d3a3e71662612e7990142fcf9271206c04fd2cdef4a7455b4afe8,67662a199ed759f72ceb4277f7014091f1f881750628130bbdcf17e9e665094d,-0.7197179794311523,1.59002685546875,0.35978480434604815,,,cond_only_RF,0.1026759126875656,-0.8223938921187179
s3_double_cold_1_GINE,3,GINE,double_cold,1,COMPLETED,ok,1154,203,128,3.829990863800049,1.9988559947738647,76,106,0.9920404553413391,6.735000000000582,501910528,3daaa1dc4f1d4cf2f7a20255f5371c75cd410fd3b0bd7a989638bcbfe2f87d3f,67662a199ed759f72ceb4277f7014091f1f881750628130bbdcf17e9e665094d,0.3286941647529602,1.2527971267700195,0.5372690623412818,,,guest_only_RF,0.3027033950729492,0.025990769680011017
s3_double_cold_1_AttentiveFP,3,AttentiveFP,double_cold,1,COMPLETED,ok,1154,203,128,3.829990863800049,1.9988559947738647,66,96,1.0947117805480957,10.672000000005937,1429358592,ac2075032a3305d36cc57c350a1cfdb13fa976a6f5ab6d64931dc7a2e2663a65,67662a199ed759f72ceb4277f7014091f1f881750628130bbdcf17e9e665094d,0.4803919196128845,1.0930309295654297,0.7383683501995946,,,guest_only_RF,0.3027033950729492,0.17768852453993533
s3_double_cold_2_GINE,3,GINE,double_cold,2,COMPLETED,ok,899,158,244,4.1255083084106445,2.059164570404053,75,105,1.0375843048095703,6.625,502043136,55e45c7943d57d5bb5523e8f8075facb0c8d3c521ab48518a86f37c65818787f,67662a199ed759f72ceb4277f7014091f1f881750628130bbdcf17e9e665094d,0.3077288269996643,1.2534669637680054,0.6033017212866982,,,host_only_RF,0.2990313556734378,0.008697471326226502
s3_double_cold_2_AttentiveFP,3,AttentiveFP,double_cold,2,COMPLETED,ok,899,158,244,4.1255083084106445,2.059164570404053,236,266,0.9097266793251038,22.421999999991385,1429491200,ec49a6453cc1e76de410ce25412d7f579f227e9714b291a3c24bdf2bf2de834c,67662a199ed759f72ceb4277f7014091f1f881750628130bbdcf17e9e665094d,0.36049318313598633,1.1691040992736816,0.6349018347425424,,,host_only_RF,0.2990313556734378,0.061461827462548524
s3_double_cold_3_GINE,3,GINE,double_cold,3,COMPLETED,ok,1165,205,165,4.087797164916992,2.1368475423583986,102,132,0.9437019228935242,4.405999999988126,502179328,96a3271e8a98510e02a215600e174d6a5cad3f7dcad93b366966fd1dda947abe,67662a199ed759f72ceb4277f7014091f1f881750628130bbdcf17e9e665094d,0.04493802785873413,1.0009064674377441,0.550481067870458,,,host_only_RF,0.0625537420182714,-0.017615714159537263
s3_double_cold_3_AttentiveFP,3,AttentiveFP,double_cold,3,COMPLETED,ok,1165,205,165,4.087797164916992,2.1368475423583986,154,184,0.9889609813690186,12.687999999994645,1429627392,2b3aaffc191045eba867463093f1f88027a738f7ed924abb1cbf7245fabf9195,67662a199ed759f72ceb4277f7014091f1f881750628130bbdcf17e9e665094d,0.19943726062774658,0.963226318359375,0.5668740846119132,,,host_only_RF,0.0625537420182714,0.13688351860947517
s3_double_cold_4_GINE,3,GINE,double_cold,4,COMPLETED,ok,1066,188,170,3.7856242656707764,2.0713379846343996,116,146,0.8836120963096619,8.860000000000582,502312448,1876fc880b49a817adfb7d2e866f8c630d21a6964d4f3a548a0f98c5eca955bd,67662a199ed759f72ceb4277f7014091f1f881750628130bbdcf17e9e665094d,0.07519245147705078,1.2412807941436768,0.5850291616314507,,,sim_knn_k5,0.2559367409168446,-0.18074428943979381
s3_double_cold_4_AttentiveFP,3,AttentiveFP,double_cold,4,COMPLETED,ok,1066,188,170,3.7856242656707764,2.0713379846343996,145,175,0.8162703514099121,19.343000000008033,1429626368,8471a40d23cf84b110994b3e95fb276dde44b5bec94d3318a18c96c514564e66,67662a199ed759f72ceb4277f7014091f1f881750628130bbdcf17e9e665094d,0.28628891706466675,1.0563442707061768,0.7242160311726397,,,sim_knn_k5,0.2559367409168446,0.030352176147822152
s3_double_cold_5_GINE,3,GINE,double_cold,5,COMPLETED,ok,998,176,197,3.9665334224700928,1.9969816671142577,117,147,0.9488865733146667,9.312000000005355,502311424,f1c5d4516cf70dd2ed51e34ab070b7acf99cec52ffad492efac226df3727b0cd,67662a199ed759f72ceb4277f7014091f1f881750628130bbdcf17e9e665094d,0.3260209560394287,1.318835735321045,0.6873762688070142,,,sim_knn_k5,0.323456530578793,0.002564425460635733
s3_double_cold_5_AttentiveFP,3,AttentiveFP,double_cold,5,COMPLETED,ok,998,176,197,3.9665334224700928,1.9969816671142577,184,214,0.8978543281555176,23.422000000005937,1429625344,4225d7ab19f9c1472a63b2f3b956fcd3c7c36474ae4f8aa07013612530dd61cd,67662a199ed759f72ceb4277f7014091f1f881750628130bbdcf17e9e665094d,0.48836976289749146,1.1602667570114136,0.7313679994018091,,,sim_knn_k5,0.323456530578793,0.16491323231869848
s3_double_cold_6_GINE,3,GINE,double_cold,6,COMPLETED,ok,1107,195,159,3.77180814743042,1.9806827770004272,56,86,0.9406743049621582,5.514999999999418,502178304,f5e735adc5db5ed4c0cf046eddc10b7327fe55a9371f83f62b1ca6c0e2b90885,67662a199ed759f72ceb4277f7014091f1f881750628130bbdcf17e9e665094d,0.4070444107055664,1.3014392852783203,0.6967825820541163,,,additive,0.447440726857964,-0.04039631615239758
s3_double_cold_6_AttentiveFP,3,AttentiveFP,double_cold,6,COMPLETED,ok,1107,195,159,3.77180814743042,1.9806827770004272,192,222,0.8958516716957092,23.889999999999418,1429626368,79256b6d2e5c22b5c9f4bb5f92cdd7be54fccb2e41c48cdede2b9c1414a0882b,67662a199ed759f72ceb4277f7014091f1f881750628130bbdcf17e9e665094d,0.4015827178955078,1.2599210739135742,0.6591023593853572,,,additive,0.447440726857964,-0.045858008962456176
s3_double_cold_7_GINE,3,GINE,double_cold,7,COMPLETED,ok,1298,228,76,3.9408321380615234,2.0268619523773195,96,126,0.9624711275100708,7.828000000008615,502313984,aadfa959e2a369659b7f221188bf4fae6c37a70ad1690d47ee11d81352cf7769,67662a199ed759f72ceb4277f7014091f1f881750628130bbdcf17e9e665094d,0.26464056968688965,1.3380078077316284,0.5401167480074917,,,sim_knn_k5,0.2681589951258996,-0.003518425439009931
s3_double_cold_7_AttentiveFP,3,AttentiveFP,double_cold,7,COMPLETED,ok,1298,228,76,3.9408321380615234,2.0268619523773195,279,299,0.9257175922393799,32.48500000000058,1429762048,ad179526a933b6e726d98c42b88ba04d96335e34a83689c43673c088e178a390,67662a199ed759f72ceb4277f7014091f1f881750628130bbdcf17e9e665094d,0.3772091865539551,1.2653210163116455,0.5106563315971511,,,sim_knn_k5,0.2681589951258996,0.1090501914280555
s3_double_cold_8_GINE,3,GINE,double_cold,8,COMPLETED,ok,910,160,232,4.183028221130371,2.0177202687988283,43,73,1.0745972394943237,4.327999999994063,502445568,9f584569bfad31e5a8035828b35b8578461d49846df8ccf7662e26535fb0c6f3,67662a199ed759f72ceb4277f7014091f1f881750628130bbdcf17e9e665094d,0.5214983224868774,1.1181066036224365,0.6764280705010095,,,sim_knn_k5,0.4841248032618563,0.037373519225021135
s3_double_cold_8_AttentiveFP,3,AttentiveFP,double_cold,8,COMPLETED,ok,910,160,232,4.183028221130371,2.0177202687988283,199,229,0.9394502639770508,23.421999999991385,1429893632,b20d3beaad45fbe26acf9d35ba4ebd39d0ddb5b8c2d7adba4147ad638a02414d,67662a199ed759f72ceb4277f7014091f1f881750628130bbdcf17e9e665094d,0.5724554061889648,1.0511258840560913,0.6894915767326997,,,sim_knn_k5,0.4841248032618563,0.08833060292710854
s3_double_cold_9_GINE,3,GINE,double_cold,9,COMPLETED,ok,1263,222,107,3.933743715286255,2.0861971841583253,60,90,0.9705531597137451,5.296999999991385,502581248,bd8b7ac7b92c1283b7f41380de3e9c6d824dffa8b0f518d33296c5ff3da744a6,67662a199ed759f72ceb4277f7014091f1f881750628130bbdcf17e9e665094d,0.13677716255187988,1.4354257583618164,0.5906288804632647,,,sim_knn_k5,0.2622490427434276,-0.1254718801915477
s3_double_cold_9_AttentiveFP,3,AttentiveFP,double_cold,9,COMPLETED,ok,1263,222,107,3.933743715286255,2.0861971841583253,101,131,0.9741153717041016,14.031000000002678,1430029312,6497a2f43276c84701877e7b820c41b55dde2536d1d8eb2d770a234c12a3fdfd,67662a199ed759f72ceb4277f7014091f1f881750628130bbdcf17e9e665094d,0.3040895462036133,1.1989113092422485,0.6450598461588242,,,sim_knn_k5,0.2622490427434276,0.041840503460185696
s3_double_cold_10_GINE,3,GINE,double_cold,10,COMPLETED,ok,1038,183,195,3.752856731414795,2.0125091539154054,88,118,0.8900941610336304,7.546999999991385,502714880,b2461e41a0199bd11d81bf9c81ece1f96a85663778e686c7b262f228129fb948,67662a199ed759f72ceb4277f7014091f1f881750628130bbdcf17e9e665094d,0.4783805012702942,1.1233701705932617,0.6866327768377424,,,additive,0.3272728170124667,0.1511076842578275
s3_double_cold_10_AttentiveFP,3,AttentiveFP,double_cold,10,COMPLETED,ok,1038,183,195,3.752856731414795,2.0125091539154054,99,129,0.8365373015403748,13.735000000000582,1430162944,0a2d7d868985715af3c44d873775567ffe26dadf732adbe6d4404ea6dd3bc090,67662a199ed759f72ceb4277f7014091f1f881750628130bbdcf17e9e665094d,0.3413689136505127,1.2934314012527466,0.6760860338437454,,,additive,0.3272728170124667,0.014096096638046007
s3_double_cold_11_GINE,3,GINE,double_cold,11,COMPLETED,ok,958,168,211,3.8991992473602295,2.0517037378082277,93,123,0.9905010461807251,7.390999999988708,502848000,eeddfe452711579fa2afef701434ced085443db34187abe803389b79384b63c1,67662a199ed759f72ceb4277f7014091f1f881750628130bbdcf17e9e665094d,0.2927011251449585,1.3914505243301392,0.5727741739355702,,,sim_knn_k5,0.3606335583114992,-0.06793243316654068
s3_double_cold_11_AttentiveFP,3,AttentiveFP,double_cold,11,COMPLETED,ok,958,168,211,3.8991992473602295,2.0517037378082277,131,161,0.8936111330986023,16.781000000002678,1430296064,ee1dd2eeb3bc59b624911e9e60b787383199041f6b537c427da99f8704dd9be3,67662a199ed759f72ceb4277f7014091f1f881750628130bbdcf17e9e665094d,-0.010011434555053711,1.3569703102111816,0.6595115792229496,,,sim_knn_k5,0.3606335583114992,-0.3706449928665529
s4_double_cold_0_GINE,4,GINE,double_cold,0,COMPLETED,ok,1224,215,100,4.012487888336182,2.0179996953735353,43,73,0.9688572287559509,4.547000000005937,505532416,af225616d693adb35f7b2d2c3fd5cdba19d4cbd1bfec4b2d3d466a368f0464bd,67662a199ed759f72ceb4277f7014091f1f881750628130bbdcf17e9e665094d,-0.668891191482544,1.6389410495758057,0.23057165874040372,,,cond_only_RF,0.1026759126875656,-0.7715671041701095
s4_double_cold_0_AttentiveFP,4,AttentiveFP,double_cold,0,COMPLETED,ok,1224,215,100,4.012487888336182,2.0179996953735353,203,233,0.9010258316993713,24.10899999999674,1432980480,f1e196227fde417600f94894538a6490fa05e553c9c10fe041c1eaca596f604f,67662a199ed759f72ceb4277f7014091f1f881750628130bbdcf17e9e665094d,-0.7982317209243774,1.5812853574752808,0.38921977891517384,,,cond_only_RF,0.1026759126875656,-0.900907633611943
s4_double_cold_1_GINE,4,GINE,double_cold,1,COMPLETED,ok,1154,203,128,3.837301254272461,1.9735521541366576,148,178,0.919466495513916,5.437999999994645,505666560,cb2bbdb52c8319974bcb8c0a5e3de385aa719bcf18cc6120347d953f8b583301,67662a199ed759f72ceb4277f7014091f1f881750628130bbdcf17e9e665094d,0.34901636838912964,1.2528398036956787,0.5321274167280358,,,guest_only_RF,0.3027033950729492,0.04631297331618045
s4_double_cold_1_AttentiveFP,4,AttentiveFP,double_cold,1,COMPLETED,ok,1154,203,128,3.837301254272461,1.9735521541366576,262,292,0.819111168384552,17.452999999994063,1433114624,667c97d0a3c00a17b45228b05081a07331146057f7ab2328e99d9d0ddd904ddc,67662a199ed759f72ceb4277f7014091f1f881750628130bbdcf17e9e665094d,0.330829918384552,1.2245662212371826,0.6195840332079912,,,guest_only_RF,0.3027033950729492,0.028126523311602813
s4_double_cold_2_GINE,4,GINE,double_cold,2,COMPLETED,ok,899,158,244,4.11893367767334,2.0528798566589357,88,118,1.0006545782089233,4.467999999993481,505799168,c2e20261f96a97875bb7d566ec2eb8c7c42f6829a525a55420cf1ba20991f707,67662a199ed759f72ceb4277f7014091f1f881750628130bbdcf17e9e665094d,0.3414948582649231,1.1962260007858276,0.5685472179948758,,,host_only_RF,0.2990313556734378,0.04246350259148529
s4_double_cold_2_AttentiveFP,4,AttentiveFP,double_cold,2,COMPLETED,ok,899,158,244,4.11893367767334,2.0528798566589357,114,144,0.9667878150939941,9.437999999994645,1433247232,da9210b842b096af22f978b1cde10c7cbdd3d74be1a1360c1f77af2caf3a1d82,67662a199ed759f72ceb4277f7014091f1f881750628130bbdcf17e9e665094d,0.40627819299697876,1.113311767578125,0.6167540818942553,,,host_only_RF,0.2990313556734378,0.10724683732354096
s4_double_cold_3_GINE,4,GINE,double_cold,3,COMPLETED,ok,1165,205,165,4.10495662689209,2.1441717611083986,56,86,1.0128933191299438,3.577999999994063,505935360,6a635b6423e30062f67c626ff08d95afb96c2d11faf44359ff82f7559c8b8df6,67662a199ed759f72ceb4277f7014091f1f881750628130bbdcf17e9e665094d,-0.06136143207550049,1.1327624320983887,0.5344324724954668,,,host_only_RF,0.0625537420182714,-0.12391517409377188
s4_double_cold_3_AttentiveFP,4,AttentiveFP,double_cold,3,COMPLETED,ok,1165,205,165,4.10495662689209,2.1441717611083986,73,103,1.0777291059494019,7.85899999999674,1433383424,75335a0f95709ac27a22508482fa891d0982445099b5900814e09bc59fca877e,67662a199ed759f72ceb4277f7014091f1f881750628130bbdcf17e9e665094d,0.29048579931259155,0.8995373249053955,0.6038887356609028,,,host_only_RF,0.0625537420182714,0.22793205729432015
s4_double_cold_4_GINE,4,GINE,double_cold,4,COMPLETED,ok,1066,188,170,3.8161025047302246,2.1390073762664796,58,88,1.0966464281082153,3.25,506068480,84d27ce5f870e099210ff44312b9a46cd629f8ca38d45cc9f66ec5e120af64ef,67662a199ed759f72ceb4277f7014091f1f881750628130bbdcf17e9e665094d,0.280780553817749,1.1349108219146729,0.6290021293396312,,,sim_knn_k5,0.2559367409168446,0.024843812900904427
s4_double_cold_4_AttentiveFP,4,AttentiveFP,double_cold,4,COMPLETED,ok,1066,188,170,3.8161025047302246,2.1390073762664796,64,94,1.0771220922470093,5.85899999999674,1433516544,0480da884b132db4a2cce8acaaceea39cceeb09276b04f9c21d9b4a65428b3e6,67662a199ed759f72ceb4277f7014091f1f881750628130bbdcf17e9e665094d,0.3999260663986206,1.0418757200241089,0.7180423510791845,,,sim_knn_k5,0.2559367409168446,0.143989325481776
s4_double_cold_5_GINE,4,GINE,double_cold,5,COMPLETED,ok,998,176,197,3.9891200065612793,1.9798217283020019,95,125,0.9303363561630249,4.51600000000326,506201600,74792539fdb4cf0e7d22576e9f6c6280d6dd93205a3bb19e9f12cf65b2f4b670,67662a199ed759f72ceb4277f7014091f1f881750628130bbdcf17e9e665094d,0.42114847898483276,1.220279574394226,0.7127052051087344,,,sim_knn_k5,0.323456530578793,0.09769194840603979
s4_double_cold_5_AttentiveFP,4,AttentiveFP,double_cold,5,COMPLETED,ok,998,176,197,3.9891200065612793,1.9798217283020019,297,299,0.8352184295654297,19.485000000000582,1433515520,df17d48e4ed3012c4621e2616dffd81f4dbc5a01822920d52fe7068229f4e33f,67662a199ed759f72ceb4277f7014091f1f881750628130bbdcf17e9e665094d,0.4185725450515747,1.2173073291778564,0.7140136636379504,,,sim_knn_k5,0.323456530578793,0.09511601447278173
s4_double_cold_6_GINE,4,GINE,double_cold,6,COMPLETED,ok,1107,195,159,3.8125274181365967,1.9593370424041747,83,113,0.9717963933944702,4.60899999999674,506202624,082a8f844fa2c740fa589c4b4ece699922869a88f871fedf7b0f1143d35054f6,67662a199ed759f72ceb4277f7014091f1f881750628130bbdcf17e9e665094d,0.16333234310150146,1.5198308229446411,0.4840181490772961,,,additive,0.447440726857964,-0.2841083837564625
s4_double_cold_6_AttentiveFP,4,AttentiveFP,double_cold,6,COMPLETED,ok,1107,195,159,3.8125274181365967,1.9593370424041747,73,103,1.078208565711975,6.921999999991385,1433650688,b4362d17562907856ee571de35cb0ef2a25e367cbc3e83551b0fc7faa3f9434e,67662a199ed759f72ceb4277f7014091f1f881750628130bbdcf17e9e665094d,0.40479224920272827,1.2881627082824707,0.6607787277419461,,,additive,0.447440726857964,-0.04264847765523572
s4_double_cold_7_GINE,4,GINE,double_cold,7,COMPLETED,ok,1298,228,76,3.9568228721618652,2.049871252609253,74,104,0.9182626605033875,4.0310000000026776,506338304,07dfaaf2cdd9011484e4bce20be3dd36f56eecd955bd9e401a3f58b7b029e553,67662a199ed759f72ceb4277f7014091f1f881750628130bbdcf17e9e665094d,0.1569804549217224,1.4556242227554321,0.454103638499436,,,sim_knn_k5,0.2681589951258996,-0.11117854020417717
s4_double_cold_7_AttentiveFP,4,AttentiveFP,double_cold,7,COMPLETED,ok,1298,228,76,3.9568228721618652,2.049871252609253,50,80,1.039023995399475,5.078000000008615,1433786368,e6d48d95ec428a18b10963c1602787c1c71f402ebe6967638acecd23fb9ed030,67662a199ed759f72ceb4277f7014091f1f881750628130bbdcf17e9e665094d,0.3957591652870178,1.2387359142303467,0.5902786796859635,,,sim_knn_k5,0.2681589951258996,0.12760017016111824
s4_double_cold_8_GINE,4,GINE,double_cold,8,COMPLETED,ok,910,160,232,4.179230690002441,2.022663162780762,39,69,1.0456202030181885,2.4839999999967404,506469888,cdeffc7f91a2c699bebc68c35c1f501e840ba31aab1f662dd37662172aac14b1,67662a199ed759f72ceb4277f7014091f1f881750628130bbdcf17e9e665094d,0.5207201242446899,1.1252870559692383,0.674108990876403,,,sim_knn_k5,0.4841248032618563,0.036595320982833635
s4_double_cold_8_AttentiveFP,4,AttentiveFP,double_cold,8,COMPLETED,ok,910,160,232,4.179230690002441,2.022663162780762,190,220,0.9697723388671875,13.436999999990803,1433783808,92c508789e3d5d60a29fd7f064773950561763aee1e39f169ffb95f15ae57d52,67662a199ed759f72ceb4277f7014091f1f881750628130bbdcf17e9e665094d,0.506015419960022,1.1875356435775757,0.6639598969802297,,,sim_knn_k5,0.4841248032618563,0.021890616698165666
s4_double_cold_9_GINE,4,GINE,double_cold,9,COMPLETED,ok,1263,222,107,3.941307783126831,2.0945682988891603,105,135,0.9295028448104858,4.8439999999973224,506471424,3a9fd634a6eadda311e36b7b68e5f814c27247f857935154518262c7255f627c,67662a199ed759f72ceb4277f7014091f1f881750628130bbdcf17e9e665094d,0.2876669764518738,1.2456415891647339,0.6046284934904343,,,sim_knn_k5,0.2622490427434276,0.025417933708446194
s4_double_cold_9_AttentiveFP,4,AttentiveFP,double_cold,9,COMPLETED,ok,1263,222,107,3.941307783126831,2.0945682988891603,202,232,0.8648538589477539,14.062999999994645,1433919488,7e548fd7dccbb90bc1b237997cf5c95d3ae3d9d06b7b85bffcf038113aef73dc,67662a199ed759f72ceb4277f7014091f1f881750628130bbdcf17e9e665094d,0.36783283948898315,1.1879397630691528,0.6889886528864861,,,sim_knn_k5,0.2622490427434276,0.10558379674555557
s4_double_cold_10_GINE,4,GINE,double_cold,10,COMPLETED,ok,1038,183,195,3.7305665016174316,1.9861067996749877,33,63,1.0090768337249756,2.25,506470912,4e23574db13ba396da4bde6a198883fee8f8266b50c1acad303a06c48cb52a75,67662a199ed759f72ceb4277f7014091f1f881750628130bbdcf17e9e665094d,0.37198764085769653,1.2252856492996216,0.7113024359730662,,,additive,0.3272728170124667,0.044714823845229845
s4_double_cold_10_AttentiveFP,4,AttentiveFP,double_cold,10,COMPLETED,ok,1038,183,195,3.7305665016174316,1.9861067996749877,145,175,0.9116554260253906,10.561999999990803,1433918976,eee11d068fa3f9e22b0c3a6124c8bba4376b53b97f237245e7499527415828ca,67662a199ed759f72ceb4277f7014091f1f881750628130bbdcf17e9e665094d,0.4317275881767273,1.19389009475708,0.6878406531315666,,,additive,0.3272728170124667,0.1044547711642606
s4_double_cold_11_GINE,4,GINE,double_cold,11,COMPLETED,ok,958,168,211,3.8990488052368164,2.013607309890747,230,260,0.7157816290855408,9.531000000002678,506469888,6d56f9205732babcd3f30412c2b60f97126fc29cc5d211037c473ee4d3e90fbb,67662a199ed759f72ceb4277f7014091f1f881750628130bbdcf17e9e665094d,0.32959669828414917,1.347611427307129,0.6525301231955032,,,sim_knn_k5,0.3606335583114992,-0.03103686002735001
s4_double_cold_11_AttentiveFP,4,AttentiveFP,double_cold,11,COMPLETED,ok,958,168,211,3.8990488052368164,2.013607309890747,246,276,0.7146539092063904,17.343000000008033,1429088768,aafb2cbfcfa7e54382a3f0bf44227db92e3302c37e91de4e0d14bad1dfed70d4,67662a199ed759f72ceb4277f7014091f1f881750628130bbdcf17e9e665094d,0.3139626979827881,1.3391345739364624,0.6832446972609915,,,sim_knn_k5,0.3606335583114992,-0.046670860328711095
