model,regime,metric,historical_rounded,new_seed0,difference_from_rounded_history
GINE,random,R2,0.57,0.5460746884346008,-0.02392531156539912
GINE,random,MAE,0.959,0.9790648818016052,0.02006488180160526
GINE,random,Spearman,0.77,0.7579607450131177,-0.012039254986882297
GINE,host_cold,R2,0.289,0.35300886631011963,0.06400886631011965
GINE,host_cold,MAE,1.274,1.2115989923477173,-0.062401007652282736
GINE,host_cold,Spearman,0.591,0.6285820027612914,0.03758200276129142
GINE,guest_cold,R2,0.527,0.5471956729888916,0.020195672988891578
GINE,guest_cold,MAE,1.012,0.9881013631820679,-0.02389863681793214
GINE,guest_cold,Spearman,0.728,0.7391693607973696,0.011169360797369632
GINE,double_cold,mean_R2,0.18,0.19412914415200552,0.01412914415200553
GINE,double_cold,block_sd_R2_ddof0,0.348,0.300074354024665,-0.047925645975334996
GINE,double_cold,mean_margin_R2,-0.111,-0.09722399086974239,0.013776009130257616
GINE,double_cold,positive_blocks,4.0,4.0,0.0
GINE,family_cold:calixarene,R2,0.112,0.07178187370300293,-0.04021812629699707
GINE,family_cold:calixarene,Spearman,0.561,0.5231333515034443,-0.037866648496555744
GINE,family_cold:calixarene,calib_slope,0.702,0.5659598619787725,-0.1360401380212275
GINE,family_cold:calixarene,offset,-0.518,-0.2756977081298828,0.2423022918701172
GINE,family_cold:cavitand,R2,-0.558,-0.5831984281539917,-0.025198428153991648
GINE,family_cold:cavitand,Spearman,0.121,0.05425998052580331,-0.0667400194741967
GINE,family_cold:cavitand,calib_slope,0.326,0.2451128024488998,-0.08088719755110022
GINE,family_cold:cavitand,offset,0.931,0.8844916820526123,-0.046508317947387745
GINE,family_cold:crown_ether,R2,0.266,0.30651354789733887,0.04051354789733885
GINE,family_cold:crown_ether,Spearman,0.712,0.595819585065218,-0.11618041493478193
GINE,family_cold:crown_ether,calib_slope,1.217,1.666625876444146,0.44962587644414587
GINE,family_cold:crown_ether,offset,0.491,0.2718106508255005,-0.2191893491744995
GINE,family_cold:cucurbituril,R2,-0.239,-0.32234764099121094,-0.08334764099121095
GINE,family_cold:cucurbituril,Spearman,0.094,0.27540004502714194,0.18140004502714194
GINE,family_cold:cucurbituril,calib_slope,0.256,0.85973039903575,0.60373039903575
GINE,family_cold:cucurbituril,offset,1.086,1.4496352672576904,0.36363526725769035
GINE,family_cold:cyclodextrin,R2,-1.399,-1.0239968299865723,0.37500317001342776
GINE,family_cold:cyclodextrin,Spearman,0.478,0.5042789683524344,0.026278968352434373
GINE,family_cold:cyclodextrin,calib_slope,0.43,0.4549718692856439,0.024971869285643933
GINE,family_cold:cyclodextrin,offset,-1.243,-1.0721371173858643,0.17086288261413585
GINE,family_cold:cyclophane,R2,0.542,-0.05124640464782715,-0.5932464046478272
GINE,family_cold:cyclophane,Spearman,0.718,0.6321275729838527,-0.08587242701614728
GINE,family_cold:cyclophane,calib_slope,0.812,0.6059480989249572,-0.2060519010750429
GINE,family_cold:cyclophane,offset,0.15,0.5619032382965088,0.41190323829650877
GINE,family_cold:other,R2,-0.521,-0.6141642332077026,-0.09316423320770262
GINE,family_cold:other,Spearman,0.189,0.17830406777268745,-0.010695932227312549
GINE,family_cold:other,calib_slope,0.206,0.18127077180603424,-0.024729228193965752
GINE,family_cold:other,offset,-0.492,-0.5286290645599365,-0.03662906455993653
GINE,family_cold:pillararene,R2,-8.489,-9.428711891174316,-0.9397118911743156
GINE,family_cold:pillararene,Spearman,-0.055,-0.1552771882759932,-0.10027718827599322
GINE,family_cold:pillararene,calib_slope,0.016,-0.07965606511991746,-0.09565606511991746
GINE,family_cold:pillararene,offset,2.801,2.975959062576294,0.1749590625762938
AttentiveFP,random,R2,0.6,0.5798721313476562,-0.020127868652343728
AttentiveFP,random,MAE,0.924,0.9526494145393372,0.028649414539337115
AttentiveFP,random,Spearman,0.785,0.7688485309625578,-0.016151469037442245
AttentiveFP,host_cold,R2,0.414,0.3939560055732727,-0.020043994426727274
AttentiveFP,host_cold,MAE,1.138,1.1658767461776733,0.02787674617767344
AttentiveFP,host_cold,Spearman,0.67,0.6628948516298867,-0.0071051483701133344
AttentiveFP,guest_cold,R2,0.567,0.5737367868423462,0.006736786842346243
AttentiveFP,guest_cold,MAE,0.977,0.9742565155029297,-0.002743484497070292
AttentiveFP,guest_cold,Spearman,0.753,0.7547533670793407,0.0017533670793407063
AttentiveFP,double_cold,mean_R2,0.245,0.16921939452489218,-0.07578060547510782
AttentiveFP,double_cold,block_sd_R2_ddof0,0.231,0.5394417892482538,0.30844178924825383
AttentiveFP,double_cold,mean_margin_R2,-0.046,-0.12213374049685573,-0.07613374049685573
AttentiveFP,double_cold,positive_blocks,8.0,8.0,0.0
AttentiveFP,family_cold:calixarene,R2,0.234,0.2748553156852722,0.0408553156852722
AttentiveFP,family_cold:calixarene,Spearman,0.616,0.6270546155214388,0.011054615521438826
AttentiveFP,family_cold:calixarene,calib_slope,0.7,0.7015161220257593,0.0015161220257593477
AttentiveFP,family_cold:calixarene,offset,-0.32,-0.23745417594909668,0.08254582405090333
AttentiveFP,family_cold:cavitand,R2,0.335,0.3322427272796631,-0.002757272720336934
AttentiveFP,family_cold:cavitand,Spearman,0.597,0.5965920155793574,-0.0004079844206426042
AttentiveFP,family_cold:cavitand,calib_slope,0.869,0.8726787285975616,0.0036787285975615758
AttentiveFP,family_cold:cavitand,offset,0.102,0.12068629264831543,0.018686292648315436
AttentiveFP,family_cold:crown_ether,R2,0.052,-0.010064482688903809,-0.062064482688903806
AttentiveFP,family_cold:crown_ether,Spearman,0.443,0.4926168145284173,0.04961681452841732
AttentiveFP,family_cold:crown_ether,calib_slope,0.636,0.8116376261347008,0.1756376261347008
AttentiveFP,family_cold:crown_ether,offset,-0.234,-0.46665000915527344,-0.23265000915527342
AttentiveFP,family_cold:cucurbituril,R2,0.172,0.15981829166412354,-0.012181708335876451
AttentiveFP,family_cold:cucurbituril,Spearman,0.521,0.5355825209170199,0.014582520917019837
AttentiveFP,family_cold:cucurbituril,calib_slope,1.271,1.2362440936615648,-0.03475590633843506
AttentiveFP,family_cold:cucurbituril,offset,0.317,0.3890504837036133,0.07205048370361328
AttentiveFP,family_cold:cyclodextrin,R2,-1.748,-2.599915027618408,-0.8519150276184082
AttentiveFP,family_cold:cyclodextrin,Spearman,0.437,0.5603420138926979,0.12334201389269789
AttentiveFP,family_cold:cyclodextrin,calib_slope,0.259,0.39234418390897097,0.13334418390897096
AttentiveFP,family_cold:cyclodextrin,offset,0.475,-1.6556222438812256,-2.1306222438812257
AttentiveFP,family_cold:cyclophane,R2,0.328,0.18426138162612915,-0.14373861837387086
AttentiveFP,family_cold:cyclophane,Spearman,0.668,0.6326758189274639,-0.0353241810725361
AttentiveFP,family_cold:cyclophane,calib_slope,0.751,0.9446028817069685,0.1936028817069685
AttentiveFP,family_cold:cyclophane,offset,0.279,0.5158209800720215,0.23682098007202146
AttentiveFP,family_cold:other,R2,0.038,0.10952413082122803,0.07152413082122802
AttentiveFP,family_cold:other,Spearman,0.39,0.42593192639439886,0.03593192639439885
AttentiveFP,family_cold:other,calib_slope,0.547,0.6400321923506285,0.09303219235062843
AttentiveFP,family_cold:other,offset,0.065,0.04291868209838867,-0.02208131790161133
AttentiveFP,family_cold:pillararene,R2,-4.997,-4.308899402618408,0.6881005973815917
AttentiveFP,family_cold:pillararene,Spearman,0.341,0.2732826657364172,-0.06771733426358284
AttentiveFP,family_cold:pillararene,calib_slope,0.207,0.18259249581659626,-0.024407504183403733
AttentiveFP,family_cold:pillararene,offset,1.999,1.750593662261963,-0.24840633773803722
