regime,fold,model,n,R2,MAE,Spearman
double_cold,0,sim_knn_k5,100,-0.6822797495915627,1.6643290722370148,0.2737078993270985
double_cold,0,additive,100,-0.08823488100461674,1.3073725067727688,0.44477583375728624
double_cold,0,host_only_RF,100,-0.10511746347030693,1.4415097410384183,0.33151571962153226
double_cold,0,guest_only_RF,100,0.05234481582204453,1.262133645547766,0.35270022178189864
double_cold,0,cond_only_RF,100,0.1026759126875656,1.26337837254733,0.3308807278161743
double_cold,0,source_only_RF,100,,1.4094897075202988,
double_cold,1,sim_knn_k5,128,0.3021102456406931,1.2540752291679382,0.5681559042939776
double_cold,1,additive,128,0.016879450905755933,1.5632862273473207,0.6693133161355201
double_cold,1,host_only_RF,128,0.018799330476842346,1.5235469771325951,0.5417512190067275
double_cold,1,guest_only_RF,128,0.3027033950729492,1.366477181643828,0.5207744651449416
double_cold,1,cond_only_RF,128,0.0029075540460056226,1.4405249826861766,0.35709274798624835
double_cold,1,source_only_RF,128,,1.561952859903386,
double_cold,2,sim_knn_k5,244,0.26215952027033773,1.2397486017253556,0.5446026271278946
double_cold,2,additive,244,0.24911608715602684,1.3096478056777112,0.661947080052059
double_cold,2,host_only_RF,244,0.29903135567343786,1.290514561343362,0.5401828938078713
double_cold,2,guest_only_RF,244,0.09566842694018396,1.4627595761451704,0.522713693363818
double_cold,2,cond_only_RF,244,-0.16688768259620468,1.6663086407873853,-0.03533310184570295
double_cold,2,source_only_RF,244,,1.5152435852803443,
double_cold,3,sim_knn_k5,165,-0.2123143011616846,1.113676447579355,0.5590991452334184
double_cold,3,additive,165,-1.2595917915297412,1.540138161932218,0.42328663560820645
double_cold,3,host_only_RF,165,0.06255374201827146,1.0207690198715853,0.4570382595203143
double_cold,3,guest_only_RF,165,-1.2474929323172121,1.6537708084537206,0.2703942467774645
double_cold,3,cond_only_RF,165,-0.626752973650553,1.484780729445533,-0.14193113027179488
double_cold,3,source_only_RF,165,,1.2136074146057025,
double_cold,4,sim_knn_k5,170,0.2559367409168446,1.1362801632460426,0.5603790925116039
double_cold,4,additive,170,0.02799842525048457,1.3434151575980333,0.649906356806641
double_cold,4,host_only_RF,170,0.027769668280672066,1.2629614169109271,0.48171913748134776
double_cold,4,guest_only_RF,170,0.23049658468071854,1.1454319260804682,0.542861226845935
double_cold,4,cond_only_RF,170,-0.10345524612619283,1.3811799457936196,0.10300244835613741
double_cold,4,source_only_RF,170,,1.4061598000491249,
double_cold,5,sim_knn_k5,197,0.323456530578793,1.2427875021387478,0.6501950467894722
double_cold,5,additive,197,0.3036509538929191,1.3640525808159725,0.5375442096514155
double_cold,5,host_only_RF,197,0.26014689177465056,1.437482529418045,0.41656389617565115
double_cold,5,guest_only_RF,197,0.15621101559627282,1.4823890665666903,0.38649335117508693
double_cold,5,cond_only_RF,197,-0.08304165371058891,1.7426581006185524,-0.005066791000900306
double_cold,5,source_only_RF,197,,1.6939682648148728,
double_cold,6,sim_knn_k5,159,0.3264730625573823,1.3792541319469236,0.5920172684180638
double_cold,6,additive,159,0.447440726857964,1.342431627901752,0.6700174281380912
double_cold,6,host_only_RF,159,0.3075207447311733,1.485855176692398,0.5673618480739893
double_cold,6,guest_only_RF,159,0.26133764123547676,1.4292196984594987,0.5100478327991096
double_cold,6,cond_only_RF,159,-0.05497877339755708,1.6969260076460269,0.2250134217439791
double_cold,6,source_only_RF,159,,1.7398094002560736,
double_cold,7,sim_knn_k5,76,0.2681589951258996,1.3614904213892787,0.4871803635135238
double_cold,7,additive,76,0.0072847599622627435,1.5758583430603357,0.4103514036418735
double_cold,7,host_only_RF,76,0.1663148579512973,1.4834023630082618,0.35047047047633995
double_cold,7,guest_only_RF,76,0.004542322049690406,1.5627380587602673,0.30800046746323895
double_cold,7,cond_only_RF,76,-0.12103441061237219,1.6932425778769868,-0.08252859859385696
double_cold,7,source_only_RF,76,,1.6133718284721004,
double_cold,8,sim_knn_k5,232,0.48412480326185636,1.1052674558655968,0.5996668158664447
double_cold,8,additive,232,0.43080689501283587,1.1838051199844934,0.6628922129224526
double_cold,8,host_only_RF,232,0.2876378088808458,1.3644557982075214,0.5583279966634485
double_cold,8,guest_only_RF,232,0.23798244135162538,1.4216941454841427,0.4760173349359251
double_cold,8,cond_only_RF,232,-0.13038457980876506,1.7972213914680546,0.04900741093534178
double_cold,8,source_only_RF,232,,1.7248522531159372,
double_cold,9,sim_knn_k5,107,0.26224904274342764,1.3011356257946691,0.5587599223265376
double_cold,9,additive,107,0.05212248031737632,1.4673992674701257,0.47546994211184707
double_cold,9,host_only_RF,107,0.12398201157360478,1.410349952670013,0.49044452702089697
double_cold,9,guest_only_RF,107,-0.04056657873693914,1.5735388132173398,0.3243503437268244
double_cold,9,cond_only_RF,107,-0.014593862803286228,1.5674580087372372,0.1991137824506819
double_cold,9,source_only_RF,107,,1.6456493459762191,
double_cold,10,sim_knn_k5,195,0.28453712227667416,1.3604214215889956,0.4625618998420573
double_cold,10,additive,195,0.3272728170124667,1.3285696698526936,0.6138217467653757
double_cold,10,host_only_RF,195,0.21391851468151457,1.3861087182726788,0.4920407152574542
double_cold,10,guest_only_RF,195,0.12608925088246892,1.4416719247327288,0.4804048514365057
double_cold,10,cond_only_RF,195,-0.1616234291776515,1.7132814367996003,0.023961119272573068
double_cold,10,source_only_RF,195,,1.6205158730229146,
double_cold,11,sim_knn_k5,211,0.36063355831149924,1.3014841074062184,0.6182107591356302
double_cold,11,additive,211,0.29463582413006795,1.4986098789670637,0.6871835817604994
double_cold,11,host_only_RF,211,0.095867445282658,1.6767666792379747,0.4065680167030705
double_cold,11,guest_only_RF,211,0.2762277356477799,1.4447396666094103,0.578885878679267
double_cold,11,cond_only_RF,211,-0.10587693413687194,1.775187315774356,-0.01808933469505218
double_cold,11,source_only_RF,211,,1.725369498948972,
random,0,sim_knn_k5,477,0.6123464111266953,0.8955437318896348,0.7616548413739639
random,0,additive,477,0.3662860875513003,1.324087599416114,0.7622492112379045
random,0,host_only_RF,477,0.41255127759710575,1.1214906574875085,0.6719139749748129
random,0,guest_only_RF,477,0.39417938062230184,1.112135940538743,0.6418300310463109
random,0,cond_only_RF,477,0.146015217119845,1.4347963136298287,0.38791130503700794
random,0,source_only_RF,477,0.07008704943010491,1.5253464398360224,0.2347478711289176
random,1,sim_knn_k5,477,0.5699506071635461,0.9620505183997644,0.7593844019228463
random,1,additive,477,0.3477814462594717,1.290223545045931,0.7761102328511964
random,1,host_only_RF,477,0.40914255971164704,1.193164787095476,0.652506491262925
random,1,guest_only_RF,477,0.39418978086577283,1.1502459389726067,0.6744641725034346
random,1,cond_only_RF,477,0.13808416113940125,1.4978747453339119,0.35808172774152974
random,1,source_only_RF,477,0.1156461353078202,1.5435234453326714,0.2889355814293198
random,2,sim_knn_k5,477,0.5734078227467384,0.9284189473720467,0.762151850919299
random,2,additive,477,0.25337476648329327,1.356518175061881,0.7578614874653187
random,2,host_only_RF,477,0.361133929206257,1.1484502055599801,0.6474495292866691
random,2,guest_only_RF,477,0.3809065715519264,1.1185534808400708,0.6760563228460122
random,2,cond_only_RF,477,0.0763368139753503,1.4968466008396657,0.31557793152590385
random,2,source_only_RF,477,0.018261311372399835,1.582209575846136,0.15777110332311114
random,3,sim_knn_k5,476,0.6043297394651699,0.8664071653194788,0.7926557242001924
random,3,additive,476,0.3535408390145933,1.221991935851443,0.8026066226916189
random,3,host_only_RF,476,0.5257389487824895,0.965757286235252,0.7352721902964795
random,3,guest_only_RF,476,0.40976026666428034,1.0986242215737156,0.6689210019815365
random,3,cond_only_RF,476,0.1333941823716881,1.4257232553612202,0.3172728191835991
random,3,source_only_RF,476,0.08287347256807698,1.4816785862938069,0.27335495489205863
random,4,sim_knn_k5,476,0.5760476353820867,0.9006477965339392,0.7840159954527512
random,4,additive,476,0.27413461798194694,1.3531062504674167,0.7621143494739016
random,4,host_only_RF,476,0.4406256646865466,1.1121874489215913,0.6787052833965245
random,4,guest_only_RF,476,0.3775852878390409,1.0923242841095324,0.6753334650771163
random,4,cond_only_RF,476,0.17802095601982437,1.3950560433335017,0.39062355055031955
random,4,source_only_RF,476,0.11260395130091938,1.4774561235511898,0.29366952750858116
host_cold,0,sim_knn_k5,477,0.39139893670262593,1.2520621742592417,0.6502575294369156
host_cold,0,additive,477,0.33514537952506285,1.397938317067925,0.72071099989064
host_cold,0,host_only_RF,477,0.19965892813444397,1.501989648538619,0.41733401462572023
host_cold,0,guest_only_RF,477,0.31081973659640816,1.3263544220112038,0.6521747170885063
host_cold,0,cond_only_RF,477,-0.24992137511421952,1.7966173605053557,0.27786510244146745
host_cold,0,source_only_RF,477,,1.9272392283494117,
host_cold,1,sim_knn_k5,477,0.20679756791703463,1.465499734978506,0.5931856545657095
host_cold,1,additive,477,0.11683489635781419,1.6182117340949522,0.5897416767871124
host_cold,1,host_only_RF,477,0.10268818219611353,1.6043106751485103,0.3037523826757041
host_cold,1,guest_only_RF,477,0.1290630690237441,1.4784256359149235,0.563399445299182
host_cold,1,cond_only_RF,477,-0.17879710197242082,1.7738751507511417,0.10930514651493356
host_cold,1,source_only_RF,477,,1.8219088948596438,
host_cold,2,sim_knn_k5,477,0.420724432791717,0.8448532880977014,0.5514951955961886
host_cold,2,additive,477,-0.08484748141483234,1.2054146164252484,0.5451076374116823
host_cold,2,host_only_RF,477,-0.044652941889413045,1.2616903583236223,0.3635936689281949
host_cold,2,guest_only_RF,477,-0.34214510584694535,1.3661101425341777,0.5057929870521798
host_cold,2,cond_only_RF,477,-0.605747754428305,1.7069919457555869,0.02653622047314829
host_cold,2,source_only_RF,477,,1.5618195926727387,
host_cold,3,sim_knn_k5,476,0.26205568164453563,1.115093634315148,0.5952353758363957
host_cold,3,additive,476,0.0933755756155582,1.2702447282572564,0.6177614593465068
host_cold,3,host_only_RF,476,0.17579230165387127,1.2437662996359906,0.3437802591709874
host_cold,3,guest_only_RF,476,0.23789231552032963,1.1196896701019028,0.6146377746214785
host_cold,3,cond_only_RF,476,-0.04452402393733257,1.3963879079508927,0.19148225410966252
host_cold,3,source_only_RF,476,,1.3842606900444683,
host_cold,4,sim_knn_k5,476,-1.2268670676060234,1.8407462310953802,0.23193815956209435
host_cold,4,additive,476,-0.14485915425552576,1.3163414201312067,0.3553581880000435
host_cold,4,host_only_RF,476,-0.2971693663644468,1.461403380384124,0.12380457510814644
host_cold,4,guest_only_RF,476,-0.09025387664689188,1.2410536420387004,0.38708456338869873
host_cold,4,cond_only_RF,476,-0.5500235842387531,1.5588532445346162,-0.042959371319008004
host_cold,4,source_only_RF,476,,1.4429226454926407,
guest_cold,0,sim_knn_k5,477,0.5280136255698709,1.0323563175006483,0.7088788651062594
guest_cold,0,additive,477,0.2807166196536163,1.3234812505451325,0.7146746184480812
guest_cold,0,host_only_RF,477,0.38044109851825003,1.1640127046812727,0.6625714695585245
guest_cold,0,guest_only_RF,477,0.2534003501374106,1.3003289653336172,0.5279889118476139
guest_cold,0,cond_only_RF,477,0.11605442324394866,1.45638517447391,0.31771848410191417
guest_cold,0,source_only_RF,477,0.048054117208418345,1.5256362283215597,0.21883095280086212
guest_cold,1,sim_knn_k5,477,0.6007852753345126,0.9799496817326395,0.7482170829657426
guest_cold,1,additive,477,0.4050304130858602,1.3467843532759198,0.7124823950688768
guest_cold,1,host_only_RF,477,0.4004698015248952,1.2058947616837674,0.6494763797245982
guest_cold,1,guest_only_RF,477,0.3295765784031778,1.3185322357710534,0.569194146652126
guest_cold,1,cond_only_RF,477,0.1250596960304382,1.5706948453171412,0.29979301733962954
guest_cold,1,source_only_RF,477,0.09954770588302164,1.584805879361935,0.27135791444870905
guest_cold,2,sim_knn_k5,477,0.5702260958689317,0.9916880778983954,0.7516965411960879
guest_cold,2,additive,477,0.4623896070095789,1.1962305251385552,0.7837510354406785
guest_cold,2,host_only_RF,477,0.4621835174794042,1.1152260579015045,0.7172404524275178
guest_cold,2,guest_only_RF,477,0.3908259647957385,1.2114378882571546,0.6418105555732359
guest_cold,2,cond_only_RF,477,0.16181386465131808,1.5101614008932924,0.3442580596589084
guest_cold,2,source_only_RF,477,0.11361455307438306,1.580754654854952,0.27587859331995235
guest_cold,3,sim_knn_k5,476,0.47400124819558576,1.0128820045154636,0.6987045588926352
guest_cold,3,additive,476,0.34088652487859183,1.245377390897837,0.7306136213125516
guest_cold,3,host_only_RF,476,0.34947007383942275,1.1437542112635568,0.6413874961446477
guest_cold,3,guest_only_RF,476,0.3627046519523799,1.1661647367675085,0.6042952065541941
guest_cold,3,cond_only_RF,476,0.13097877357919707,1.4333202102555203,0.397458658824863
guest_cold,3,source_only_RF,476,0.04038748850831064,1.5424993781968863,0.1994779810489104
guest_cold,4,sim_knn_k5,476,0.4789324197468604,0.893020792668607,0.7515256594631401
guest_cold,4,additive,476,0.13722973096166646,1.293436663950163,0.7123577070421269
guest_cold,4,host_only_RF,476,0.43917379190143035,1.0223491169159526,0.6555898149795147
guest_cold,4,guest_only_RF,476,0.1671882154972123,1.2160674501218762,0.5208263485932044
guest_cold,4,cond_only_RF,476,0.13261995401982352,1.3104231375833768,0.3799609548276493
guest_cold,4,source_only_RF,476,0.07877164117305857,1.378585805106307,0.2744855922914122
family_cold,calixarene,sim_knn_k5,536,-0.41786967432458466,1.3356283737429933,0.4132504487302871
family_cold,calixarene,additive,536,0.004026300616636447,1.1970976065054892,0.49570268876743545
family_cold,calixarene,host_only_RF,536,-0.17207622850005277,1.2677472442731172,0.13121382241808036
family_cold,calixarene,guest_only_RF,536,0.27120102923583667,0.979778013018958,0.5398050997488286
family_cold,calixarene,cond_only_RF,536,-0.06795827268089139,1.255960588876181,0.24331844537710492
family_cold,calixarene,source_only_RF,536,,1.2629771659697533,
family_cold,cavitand,sim_knn_k5,79,-0.18455340693974254,1.4201550242267078,-0.017405592924103718
family_cold,cavitand,additive,79,-0.592263120089298,1.6586792813412785,0.12193355607307146
family_cold,cavitand,host_only_RF,79,-0.14090848774750642,1.3503203433618949,-0.18625009706110174
family_cold,cavitand,guest_only_RF,79,-0.19230744009780332,1.42040281561798,0.20407070383772227
family_cold,cavitand,cond_only_RF,79,0.1569820062994044,1.1386081865799882,0.4014384836208016
family_cold,cavitand,source_only_RF,79,,1.2592834179562562,
family_cold,crown_ether,sim_knn_k5,17,-1.2971556504561392,1.5660411645384396,0.7622549019607844
family_cold,crown_ether,additive,17,-1.1272367663726897,1.343575575838033,0.36274509803921573
family_cold,crown_ether,host_only_RF,17,-2.1233087870922858,1.8500296176938087,-0.21586862835039822
family_cold,crown_ether,guest_only_RF,17,-1.0638170490861247,1.3610221292333642,0.5637254901960785
family_cold,crown_ether,cond_only_RF,17,-2.53700160452514,1.9875788858244807,0.21586862835039822
family_cold,crown_ether,source_only_RF,17,,1.7195060163691687,
family_cold,cucurbituril,sim_knn_k5,733,-0.24944850267289786,1.9166869204821724,0.2569513347382324
family_cold,cucurbituril,additive,733,-0.055814314778280805,1.7352705213117294,0.4300353775194111
family_cold,cucurbituril,host_only_RF,733,-0.2802963427836216,1.9604622671374201,-0.21614465322306073
family_cold,cucurbituril,guest_only_RF,733,-0.2649505590968142,1.9148266103007132,0.4617367173482702
family_cold,cucurbituril,cond_only_RF,733,-0.5114984184811315,2.116925142975337,0.023094245305651514
family_cold,cucurbituril,source_only_RF,733,,2.1326715049807787,
family_cold,cyclodextrin,sim_knn_k5,352,-4.7818909396761935,2.3047552220523357,0.41484070649159643
family_cold,cyclodextrin,additive,352,-7.755961889621222,2.8872161523658484,0.4700764514845765
family_cold,cyclodextrin,host_only_RF,352,-4.524580509487346,2.4063587431193296,0.12067406199804244
family_cold,cyclodextrin,guest_only_RF,352,-3.839666514068101,2.0612784732087785,0.4714091224457696
family_cold,cyclodextrin,cond_only_RF,352,-2.394659256933538,1.827831888816874,-0.03717741030073175
family_cold,cyclodextrin,source_only_RF,352,,1.451757621347342,
family_cold,cyclophane,sim_knn_k5,28,-0.7766179970336782,1.078753228698458,0.6099236122675942
family_cold,cyclophane,additive,28,-0.9146498861335297,1.2052315744542048,0.7217657847643036
family_cold,cyclophane,host_only_RF,28,0.26605260879059756,0.6902321577072144,0.4293060075972265
family_cold,cyclophane,guest_only_RF,28,-0.30213218868246083,0.9055959590245832,0.6916122578656809
family_cold,cyclophane,cond_only_RF,28,-1.2723763894969111,1.2343600251513769,0.145874339280931
family_cold,cyclophane,source_only_RF,28,,1.0813866625255588,
family_cold,other,sim_knn_k5,581,-0.3372862255722422,1.5914666610104697,0.3074395627887747
family_cold,other,additive,581,-0.4131572057179138,1.5897311769961948,0.451857529155889
family_cold,other,host_only_RF,581,-0.12519937710075935,1.4538385177771804,0.3765486427957966
family_cold,other,guest_only_RF,581,-0.15649356784228985,1.454231197793451,0.3891193652843624
family_cold,other,cond_only_RF,581,-0.24071297302955874,1.5104126474526003,0.027774397673533586
family_cold,other,source_only_RF,581,,1.487794421410528,
family_cold,pillararene,sim_knn_k5,57,-5.452085102601497,2.0430072713316534,-0.05098121835903513
family_cold,pillararene,additive,57,-1.8783712447937981,1.422256769994125,-0.21737509951306333
family_cold,pillararene,host_only_RF,57,-3.956501053979757,1.9059377136169469,-0.46053533113311307
family_cold,pillararene,guest_only_RF,57,-2.0867307615085258,1.4671066667155221,0.04047128079934986
family_cold,pillararene,cond_only_RF,57,-8.067776996195594,2.917063263195703,0.10743898878615823
family_cold,pillararene,source_only_RF,57,,2.8291729923770994,
