row_index	host_id	guest_id	level_hit	in_test
48	1	47	DESIGN	1
315	1	254	DESIGN	1
27	21	27	MECH	1
48	1	47	MECH	1
176	68	27	MECH	1
315	1	254	MECH	1
343	68	275	MECH	1
458	1	348	MECH	1
495	105	374	MECH	1
597	21	275	MECH	1
612	121	275	MECH	1
752	1	27	MECH	1
890	1	374	MECH	1
1173	121	27	MECH	1
1464	1	275	MECH	1
1950	1	1023	MECH	1
1961	21	27	MECH	1
2129	21	275	MECH	1
27	21	27	STRESS	1
48	1	47	STRESS	1
176	68	27	STRESS	1
315	1	254	STRESS	1
343	68	275	STRESS	1
458	1	348	STRESS	1
495	105	374	STRESS	1
597	21	275	STRESS	1
612	121	275	STRESS	1
752	1	27	STRESS	1
890	1	374	STRESS	1
1173	121	27	STRESS	1
1464	1	275	STRESS	1
1950	1	1023	STRESS	1
1961	21	27	STRESS	1
2129	21	275	STRESS	1
