record_type	split	block_id	seed	fold	held_family	protected_axis	row_index	host_id	guest_id	canonical_host_sha256	canonical_guest_sha256	raw_host_recurrence	canonical_host_recurrence	raw_guest_recurrence	canonical_guest_recurrence	protected_canonical_recurrence	affected_blocks	appearance_count	block_count	test_appearances	test_unique_rows	train_rows	raw_host_recurrence_appearances	canonical_host_recurrence_appearances	raw_guest_recurrence_appearances	canonical_guest_recurrence_appearances	protected_raw_recurrence_appearances	protected_canonical_recurrence_appearances	protected_canonical_recurrence_unique_rows	affected_raw_pairs	affected_canonical_pairs	blocks_affected	raw_disjoint_status	canonical_disjoint_status	definition	source_files	source_shas	policy_id	rdkit_version	status
method_summary	random					none													5	2383	2383		2329	2331	1583	1595							NOT_APPLICABLE	NOT_APPLICABLE	appearance-weighted recurrence across recorded test blocks; unique rows and pairs are deduplicated within split	repro/folds/folds_random.csv;repro/folds/host_id_map.csv;repro/folds/guest_id_map.csv	random:64ADEA7E030BD7B756965D2FC9F40C74A8BE0B4AFD74EF5AEB074ABD61564848;host_map:2286010652FE0AD54D2C8EE152A76C57A3F755C8535E2CC0888929FDC34DF634;guest_map:3448A3366FE7CC7B0BC2246D0A703C76BA7AE0241739473CFD096A749B513002	rdkit_2026.03.3_canonical_isomeric_preserve_fragments_charge_isotopes_stereo	2026.03.3	PASS
method_summary	host_cold					host													5	2383	2383		0	2	1444	1459	0	2	2	2	1	2	PASS	FAIL	appearance-weighted recurrence across recorded test blocks; unique rows and pairs are deduplicated within split	repro/folds/folds_random.csv;repro/folds/folds_host_cold.csv;repro/folds/host_id_map.csv;repro/folds/guest_id_map.csv	random:64ADEA7E030BD7B756965D2FC9F40C74A8BE0B4AFD74EF5AEB074ABD61564848;host_cold:3CB3D93B2F50693CE39B03BC2ACF9BF0191E20C67AEDBC5363CBF299D3F952CC;host_map:2286010652FE0AD54D2C8EE152A76C57A3F755C8535E2CC0888929FDC34DF634;guest_map:3448A3366FE7CC7B0BC2246D0A703C76BA7AE0241739473CFD096A749B513002	rdkit_2026.03.3_canonical_isomeric_preserve_fragments_charge_isotopes_stereo	2026.03.3	PASS
method_summary	guest_cold					guest													5	2383	2383		2324	2324	0	25	0	25	25	21	19	5	PASS	FAIL	appearance-weighted recurrence across recorded test blocks; unique rows and pairs are deduplicated within split	repro/folds/folds_random.csv;repro/folds/folds_guest_cold.csv;repro/folds/host_id_map.csv;repro/folds/guest_id_map.csv	random:64ADEA7E030BD7B756965D2FC9F40C74A8BE0B4AFD74EF5AEB074ABD61564848;guest_cold:E4F4842155EA9D378A29FCFB88F4145BE20117981647B6F24325FEE28EB273E3;host_map:2286010652FE0AD54D2C8EE152A76C57A3F755C8535E2CC0888929FDC34DF634;guest_map:3448A3366FE7CC7B0BC2246D0A703C76BA7AE0241739473CFD096A749B513002	rdkit_2026.03.3_canonical_isomeric_preserve_fragments_charge_isotopes_stereo	2026.03.3	PASS
method_summary	family_cold					host													8	2383	2383		0	0	899	926	0	0	0	0	0	0	PASS	PASS	appearance-weighted recurrence across recorded test blocks; unique rows and pairs are deduplicated within split	repro/folds/folds_random.csv;repro/folds/folds_family_cold.csv;repro/folds/host_id_map.csv;repro/folds/guest_id_map.csv	random:64ADEA7E030BD7B756965D2FC9F40C74A8BE0B4AFD74EF5AEB074ABD61564848;family_cold:12C99D8DF84E238C603D22B68536BA88E30A00F1F05D0DDA4F2DE24C51040E02;host_map:2286010652FE0AD54D2C8EE152A76C57A3F755C8535E2CC0888929FDC34DF634;guest_map:3448A3366FE7CC7B0BC2246D0A703C76BA7AE0241739473CFD096A749B513002	rdkit_2026.03.3_canonical_isomeric_preserve_fragments_charge_isotopes_stereo	2026.03.3	PASS
method_summary	double_cold					both													12	1984	1382		0	0	0	37	0	37	31	29	28	9	PASS	FAIL	appearance-weighted recurrence across recorded test blocks; unique rows and pairs are deduplicated within split	repro/folds/folds_random.csv;repro/folds/folds_double_cold_test.csv;repro/folds/folds_double_cold_heldout_groups.csv;repro/folds/host_id_map.csv;repro/folds/guest_id_map.csv	random:64ADEA7E030BD7B756965D2FC9F40C74A8BE0B4AFD74EF5AEB074ABD61564848;double_cold:14ADDF87E70BAF45E6325126B04266F5162CFE91439DA28A7B79022D99E20DE5;double_groups:A2C33FF217B5B7E5E23FD2A67505A1AA990EE1883A708D858E1E5B756FAA7211;host_map:2286010652FE0AD54D2C8EE152A76C57A3F755C8535E2CC0888929FDC34DF634;guest_map:3448A3366FE7CC7B0BC2246D0A703C76BA7AE0241739473CFD096A749B513002	rdkit_2026.03.3_canonical_isomeric_preserve_fragments_charge_isotopes_stereo	2026.03.3	PASS
block_detail	random	fold_0		0		none														477	477	1906	466	467	330	333							NOT_APPLICABLE	NOT_APPLICABLE	test identity membership in the mechanically derived training set for this block	repro/folds/folds_random.csv;repro/folds/host_id_map.csv;repro/folds/guest_id_map.csv	random:64ADEA7E030BD7B756965D2FC9F40C74A8BE0B4AFD74EF5AEB074ABD61564848;host_map:2286010652FE0AD54D2C8EE152A76C57A3F755C8535E2CC0888929FDC34DF634;guest_map:3448A3366FE7CC7B0BC2246D0A703C76BA7AE0241739473CFD096A749B513002	rdkit_2026.03.3_canonical_isomeric_preserve_fragments_charge_isotopes_stereo	2026.03.3	PASS
block_detail	random	fold_1		1		none														477	477	1906	464	465	311	314							NOT_APPLICABLE	NOT_APPLICABLE	test identity membership in the mechanically derived training set for this block	repro/folds/folds_random.csv;repro/folds/host_id_map.csv;repro/folds/guest_id_map.csv	random:64ADEA7E030BD7B756965D2FC9F40C74A8BE0B4AFD74EF5AEB074ABD61564848;host_map:2286010652FE0AD54D2C8EE152A76C57A3F755C8535E2CC0888929FDC34DF634;guest_map:3448A3366FE7CC7B0BC2246D0A703C76BA7AE0241739473CFD096A749B513002	rdkit_2026.03.3_canonical_isomeric_preserve_fragments_charge_isotopes_stereo	2026.03.3	PASS
block_detail	random	fold_2		2		none														477	477	1906	469	469	327	328							NOT_APPLICABLE	NOT_APPLICABLE	test identity membership in the mechanically derived training set for this block	repro/folds/folds_random.csv;repro/folds/host_id_map.csv;repro/folds/guest_id_map.csv	random:64ADEA7E030BD7B756965D2FC9F40C74A8BE0B4AFD74EF5AEB074ABD61564848;host_map:2286010652FE0AD54D2C8EE152A76C57A3F755C8535E2CC0888929FDC34DF634;guest_map:3448A3366FE7CC7B0BC2246D0A703C76BA7AE0241739473CFD096A749B513002	rdkit_2026.03.3_canonical_isomeric_preserve_fragments_charge_isotopes_stereo	2026.03.3	PASS
block_detail	random	fold_3		3		none														476	476	1907	460	460	293	295							NOT_APPLICABLE	NOT_APPLICABLE	test identity membership in the mechanically derived training set for this block	repro/folds/folds_random.csv;repro/folds/host_id_map.csv;repro/folds/guest_id_map.csv	random:64ADEA7E030BD7B756965D2FC9F40C74A8BE0B4AFD74EF5AEB074ABD61564848;host_map:2286010652FE0AD54D2C8EE152A76C57A3F755C8535E2CC0888929FDC34DF634;guest_map:3448A3366FE7CC7B0BC2246D0A703C76BA7AE0241739473CFD096A749B513002	rdkit_2026.03.3_canonical_isomeric_preserve_fragments_charge_isotopes_stereo	2026.03.3	PASS
block_detail	random	fold_4		4		none														476	476	1907	470	470	322	325							NOT_APPLICABLE	NOT_APPLICABLE	test identity membership in the mechanically derived training set for this block	repro/folds/folds_random.csv;repro/folds/host_id_map.csv;repro/folds/guest_id_map.csv	random:64ADEA7E030BD7B756965D2FC9F40C74A8BE0B4AFD74EF5AEB074ABD61564848;host_map:2286010652FE0AD54D2C8EE152A76C57A3F755C8535E2CC0888929FDC34DF634;guest_map:3448A3366FE7CC7B0BC2246D0A703C76BA7AE0241739473CFD096A749B513002	rdkit_2026.03.3_canonical_isomeric_preserve_fragments_charge_isotopes_stereo	2026.03.3	PASS
block_detail	host_cold	fold_0		0		host														477	477	1906	0	1	253	254	0	1	1	1	1		PASS	FAIL	test identity membership in the mechanically derived training set for this block	repro/folds/folds_random.csv;repro/folds/folds_host_cold.csv;repro/folds/host_id_map.csv;repro/folds/guest_id_map.csv	random:64ADEA7E030BD7B756965D2FC9F40C74A8BE0B4AFD74EF5AEB074ABD61564848;host_cold:3CB3D93B2F50693CE39B03BC2ACF9BF0191E20C67AEDBC5363CBF299D3F952CC;host_map:2286010652FE0AD54D2C8EE152A76C57A3F755C8535E2CC0888929FDC34DF634;guest_map:3448A3366FE7CC7B0BC2246D0A703C76BA7AE0241739473CFD096A749B513002	rdkit_2026.03.3_canonical_isomeric_preserve_fragments_charge_isotopes_stereo	2026.03.3	PASS
block_detail	host_cold	fold_1		1		host														477	477	1906	0	0	310	312	0	0	0	0	0		PASS	PASS	test identity membership in the mechanically derived training set for this block	repro/folds/folds_random.csv;repro/folds/folds_host_cold.csv;repro/folds/host_id_map.csv;repro/folds/guest_id_map.csv	random:64ADEA7E030BD7B756965D2FC9F40C74A8BE0B4AFD74EF5AEB074ABD61564848;host_cold:3CB3D93B2F50693CE39B03BC2ACF9BF0191E20C67AEDBC5363CBF299D3F952CC;host_map:2286010652FE0AD54D2C8EE152A76C57A3F755C8535E2CC0888929FDC34DF634;guest_map:3448A3366FE7CC7B0BC2246D0A703C76BA7AE0241739473CFD096A749B513002	rdkit_2026.03.3_canonical_isomeric_preserve_fragments_charge_isotopes_stereo	2026.03.3	PASS
block_detail	host_cold	fold_2		2		host														477	477	1906	0	0	297	301	0	0	0	0	0		PASS	PASS	test identity membership in the mechanically derived training set for this block	repro/folds/folds_random.csv;repro/folds/folds_host_cold.csv;repro/folds/host_id_map.csv;repro/folds/guest_id_map.csv	random:64ADEA7E030BD7B756965D2FC9F40C74A8BE0B4AFD74EF5AEB074ABD61564848;host_cold:3CB3D93B2F50693CE39B03BC2ACF9BF0191E20C67AEDBC5363CBF299D3F952CC;host_map:2286010652FE0AD54D2C8EE152A76C57A3F755C8535E2CC0888929FDC34DF634;guest_map:3448A3366FE7CC7B0BC2246D0A703C76BA7AE0241739473CFD096A749B513002	rdkit_2026.03.3_canonical_isomeric_preserve_fragments_charge_isotopes_stereo	2026.03.3	PASS
block_detail	host_cold	fold_3		3		host														476	476	1907	0	1	319	321	0	1	1	1	1		PASS	FAIL	test identity membership in the mechanically derived training set for this block	repro/folds/folds_random.csv;repro/folds/folds_host_cold.csv;repro/folds/host_id_map.csv;repro/folds/guest_id_map.csv	random:64ADEA7E030BD7B756965D2FC9F40C74A8BE0B4AFD74EF5AEB074ABD61564848;host_cold:3CB3D93B2F50693CE39B03BC2ACF9BF0191E20C67AEDBC5363CBF299D3F952CC;host_map:2286010652FE0AD54D2C8EE152A76C57A3F755C8535E2CC0888929FDC34DF634;guest_map:3448A3366FE7CC7B0BC2246D0A703C76BA7AE0241739473CFD096A749B513002	rdkit_2026.03.3_canonical_isomeric_preserve_fragments_charge_isotopes_stereo	2026.03.3	PASS
block_detail	host_cold	fold_4		4		host														476	476	1907	0	0	265	271	0	0	0	0	0		PASS	PASS	test identity membership in the mechanically derived training set for this block	repro/folds/folds_random.csv;repro/folds/folds_host_cold.csv;repro/folds/host_id_map.csv;repro/folds/guest_id_map.csv	random:64ADEA7E030BD7B756965D2FC9F40C74A8BE0B4AFD74EF5AEB074ABD61564848;host_cold:3CB3D93B2F50693CE39B03BC2ACF9BF0191E20C67AEDBC5363CBF299D3F952CC;host_map:2286010652FE0AD54D2C8EE152A76C57A3F755C8535E2CC0888929FDC34DF634;guest_map:3448A3366FE7CC7B0BC2246D0A703C76BA7AE0241739473CFD096A749B513002	rdkit_2026.03.3_canonical_isomeric_preserve_fragments_charge_isotopes_stereo	2026.03.3	PASS
block_detail	guest_cold	fold_0		0		guest														477	477	1906	455	455	0	5	0	5	5	5	5		PASS	FAIL	test identity membership in the mechanically derived training set for this block	repro/folds/folds_random.csv;repro/folds/folds_guest_cold.csv;repro/folds/host_id_map.csv;repro/folds/guest_id_map.csv	random:64ADEA7E030BD7B756965D2FC9F40C74A8BE0B4AFD74EF5AEB074ABD61564848;guest_cold:E4F4842155EA9D378A29FCFB88F4145BE20117981647B6F24325FEE28EB273E3;host_map:2286010652FE0AD54D2C8EE152A76C57A3F755C8535E2CC0888929FDC34DF634;guest_map:3448A3366FE7CC7B0BC2246D0A703C76BA7AE0241739473CFD096A749B513002	rdkit_2026.03.3_canonical_isomeric_preserve_fragments_charge_isotopes_stereo	2026.03.3	PASS
block_detail	guest_cold	fold_1		1		guest														477	477	1906	467	467	0	1	0	1	1	1	1		PASS	FAIL	test identity membership in the mechanically derived training set for this block	repro/folds/folds_random.csv;repro/folds/folds_guest_cold.csv;repro/folds/host_id_map.csv;repro/folds/guest_id_map.csv	random:64ADEA7E030BD7B756965D2FC9F40C74A8BE0B4AFD74EF5AEB074ABD61564848;guest_cold:E4F4842155EA9D378A29FCFB88F4145BE20117981647B6F24325FEE28EB273E3;host_map:2286010652FE0AD54D2C8EE152A76C57A3F755C8535E2CC0888929FDC34DF634;guest_map:3448A3366FE7CC7B0BC2246D0A703C76BA7AE0241739473CFD096A749B513002	rdkit_2026.03.3_canonical_isomeric_preserve_fragments_charge_isotopes_stereo	2026.03.3	PASS
block_detail	guest_cold	fold_2		2		guest														477	477	1906	469	469	0	6	0	6	6	6	6		PASS	FAIL	test identity membership in the mechanically derived training set for this block	repro/folds/folds_random.csv;repro/folds/folds_guest_cold.csv;repro/folds/host_id_map.csv;repro/folds/guest_id_map.csv	random:64ADEA7E030BD7B756965D2FC9F40C74A8BE0B4AFD74EF5AEB074ABD61564848;guest_cold:E4F4842155EA9D378A29FCFB88F4145BE20117981647B6F24325FEE28EB273E3;host_map:2286010652FE0AD54D2C8EE152A76C57A3F755C8535E2CC0888929FDC34DF634;guest_map:3448A3366FE7CC7B0BC2246D0A703C76BA7AE0241739473CFD096A749B513002	rdkit_2026.03.3_canonical_isomeric_preserve_fragments_charge_isotopes_stereo	2026.03.3	PASS
block_detail	guest_cold	fold_3		3		guest														476	476	1907	472	472	0	4	0	4	4	2	2		PASS	FAIL	test identity membership in the mechanically derived training set for this block	repro/folds/folds_random.csv;repro/folds/folds_guest_cold.csv;repro/folds/host_id_map.csv;repro/folds/guest_id_map.csv	random:64ADEA7E030BD7B756965D2FC9F40C74A8BE0B4AFD74EF5AEB074ABD61564848;guest_cold:E4F4842155EA9D378A29FCFB88F4145BE20117981647B6F24325FEE28EB273E3;host_map:2286010652FE0AD54D2C8EE152A76C57A3F755C8535E2CC0888929FDC34DF634;guest_map:3448A3366FE7CC7B0BC2246D0A703C76BA7AE0241739473CFD096A749B513002	rdkit_2026.03.3_canonical_isomeric_preserve_fragments_charge_isotopes_stereo	2026.03.3	PASS
block_detail	guest_cold	fold_4		4		guest														476	476	1907	461	461	0	9	0	9	9	7	7		PASS	FAIL	test identity membership in the mechanically derived training set for this block	repro/folds/folds_random.csv;repro/folds/folds_guest_cold.csv;repro/folds/host_id_map.csv;repro/folds/guest_id_map.csv	random:64ADEA7E030BD7B756965D2FC9F40C74A8BE0B4AFD74EF5AEB074ABD61564848;guest_cold:E4F4842155EA9D378A29FCFB88F4145BE20117981647B6F24325FEE28EB273E3;host_map:2286010652FE0AD54D2C8EE152A76C57A3F755C8535E2CC0888929FDC34DF634;guest_map:3448A3366FE7CC7B0BC2246D0A703C76BA7AE0241739473CFD096A749B513002	rdkit_2026.03.3_canonical_isomeric_preserve_fragments_charge_isotopes_stereo	2026.03.3	PASS
block_detail	family_cold	family_calixarene			calixarene	host														536	536	1847	0	0	207	220	0	0	0	0	0		PASS	PASS	test identity membership in the mechanically derived training set for this block	repro/folds/folds_random.csv;repro/folds/folds_family_cold.csv;repro/folds/host_id_map.csv;repro/folds/guest_id_map.csv	random:64ADEA7E030BD7B756965D2FC9F40C74A8BE0B4AFD74EF5AEB074ABD61564848;family_cold:12C99D8DF84E238C603D22B68536BA88E30A00F1F05D0DDA4F2DE24C51040E02;host_map:2286010652FE0AD54D2C8EE152A76C57A3F755C8535E2CC0888929FDC34DF634;guest_map:3448A3366FE7CC7B0BC2246D0A703C76BA7AE0241739473CFD096A749B513002	rdkit_2026.03.3_canonical_isomeric_preserve_fragments_charge_isotopes_stereo	2026.03.3	PASS
block_detail	family_cold	family_cavitand			cavitand	host														79	79	2304	0	0	40	40	0	0	0	0	0		PASS	PASS	test identity membership in the mechanically derived training set for this block	repro/folds/folds_random.csv;repro/folds/folds_family_cold.csv;repro/folds/host_id_map.csv;repro/folds/guest_id_map.csv	random:64ADEA7E030BD7B756965D2FC9F40C74A8BE0B4AFD74EF5AEB074ABD61564848;family_cold:12C99D8DF84E238C603D22B68536BA88E30A00F1F05D0DDA4F2DE24C51040E02;host_map:2286010652FE0AD54D2C8EE152A76C57A3F755C8535E2CC0888929FDC34DF634;guest_map:3448A3366FE7CC7B0BC2246D0A703C76BA7AE0241739473CFD096A749B513002	rdkit_2026.03.3_canonical_isomeric_preserve_fragments_charge_isotopes_stereo	2026.03.3	PASS
block_detail	family_cold	family_crown_ether			crown_ether	host														17	17	2366	0	0	11	11	0	0	0	0	0		PASS	PASS	test identity membership in the mechanically derived training set for this block	repro/folds/folds_random.csv;repro/folds/folds_family_cold.csv;repro/folds/host_id_map.csv;repro/folds/guest_id_map.csv	random:64ADEA7E030BD7B756965D2FC9F40C74A8BE0B4AFD74EF5AEB074ABD61564848;family_cold:12C99D8DF84E238C603D22B68536BA88E30A00F1F05D0DDA4F2DE24C51040E02;host_map:2286010652FE0AD54D2C8EE152A76C57A3F755C8535E2CC0888929FDC34DF634;guest_map:3448A3366FE7CC7B0BC2246D0A703C76BA7AE0241739473CFD096A749B513002	rdkit_2026.03.3_canonical_isomeric_preserve_fragments_charge_isotopes_stereo	2026.03.3	PASS
block_detail	family_cold	family_cucurbituril			cucurbituril	host														733	733	1650	0	0	232	235	0	0	0	0	0		PASS	PASS	test identity membership in the mechanically derived training set for this block	repro/folds/folds_random.csv;repro/folds/folds_family_cold.csv;repro/folds/host_id_map.csv;repro/folds/guest_id_map.csv	random:64ADEA7E030BD7B756965D2FC9F40C74A8BE0B4AFD74EF5AEB074ABD61564848;family_cold:12C99D8DF84E238C603D22B68536BA88E30A00F1F05D0DDA4F2DE24C51040E02;host_map:2286010652FE0AD54D2C8EE152A76C57A3F755C8535E2CC0888929FDC34DF634;guest_map:3448A3366FE7CC7B0BC2246D0A703C76BA7AE0241739473CFD096A749B513002	rdkit_2026.03.3_canonical_isomeric_preserve_fragments_charge_isotopes_stereo	2026.03.3	PASS
block_detail	family_cold	family_cyclodextrin			cyclodextrin	host														352	352	2031	0	0	120	124	0	0	0	0	0		PASS	PASS	test identity membership in the mechanically derived training set for this block	repro/folds/folds_random.csv;repro/folds/folds_family_cold.csv;repro/folds/host_id_map.csv;repro/folds/guest_id_map.csv	random:64ADEA7E030BD7B756965D2FC9F40C74A8BE0B4AFD74EF5AEB074ABD61564848;family_cold:12C99D8DF84E238C603D22B68536BA88E30A00F1F05D0DDA4F2DE24C51040E02;host_map:2286010652FE0AD54D2C8EE152A76C57A3F755C8535E2CC0888929FDC34DF634;guest_map:3448A3366FE7CC7B0BC2246D0A703C76BA7AE0241739473CFD096A749B513002	rdkit_2026.03.3_canonical_isomeric_preserve_fragments_charge_isotopes_stereo	2026.03.3	PASS
block_detail	family_cold	family_cyclophane			cyclophane	host														28	28	2355	0	0	10	10	0	0	0	0	0		PASS	PASS	test identity membership in the mechanically derived training set for this block	repro/folds/folds_random.csv;repro/folds/folds_family_cold.csv;repro/folds/host_id_map.csv;repro/folds/guest_id_map.csv	random:64ADEA7E030BD7B756965D2FC9F40C74A8BE0B4AFD74EF5AEB074ABD61564848;family_cold:12C99D8DF84E238C603D22B68536BA88E30A00F1F05D0DDA4F2DE24C51040E02;host_map:2286010652FE0AD54D2C8EE152A76C57A3F755C8535E2CC0888929FDC34DF634;guest_map:3448A3366FE7CC7B0BC2246D0A703C76BA7AE0241739473CFD096A749B513002	rdkit_2026.03.3_canonical_isomeric_preserve_fragments_charge_isotopes_stereo	2026.03.3	PASS
block_detail	family_cold	family_other			other	host														581	581	1802	0	0	246	253	0	0	0	0	0		PASS	PASS	test identity membership in the mechanically derived training set for this block	repro/folds/folds_random.csv;repro/folds/folds_family_cold.csv;repro/folds/host_id_map.csv;repro/folds/guest_id_map.csv	random:64ADEA7E030BD7B756965D2FC9F40C74A8BE0B4AFD74EF5AEB074ABD61564848;family_cold:12C99D8DF84E238C603D22B68536BA88E30A00F1F05D0DDA4F2DE24C51040E02;host_map:2286010652FE0AD54D2C8EE152A76C57A3F755C8535E2CC0888929FDC34DF634;guest_map:3448A3366FE7CC7B0BC2246D0A703C76BA7AE0241739473CFD096A749B513002	rdkit_2026.03.3_canonical_isomeric_preserve_fragments_charge_isotopes_stereo	2026.03.3	PASS
block_detail	family_cold	family_pillararene			pillararene	host														57	57	2326	0	0	33	33	0	0	0	0	0		PASS	PASS	test identity membership in the mechanically derived training set for this block	repro/folds/folds_random.csv;repro/folds/folds_family_cold.csv;repro/folds/host_id_map.csv;repro/folds/guest_id_map.csv	random:64ADEA7E030BD7B756965D2FC9F40C74A8BE0B4AFD74EF5AEB074ABD61564848;family_cold:12C99D8DF84E238C603D22B68536BA88E30A00F1F05D0DDA4F2DE24C51040E02;host_map:2286010652FE0AD54D2C8EE152A76C57A3F755C8535E2CC0888929FDC34DF634;guest_map:3448A3366FE7CC7B0BC2246D0A703C76BA7AE0241739473CFD096A749B513002	rdkit_2026.03.3_canonical_isomeric_preserve_fragments_charge_isotopes_stereo	2026.03.3	PASS
block_detail	double_cold	seed_0	0	0		both														100	100	1439	0	0	0	7	0	7	7	7	7		PASS	FAIL	test identity membership in the mechanically derived training set for this block	repro/folds/folds_random.csv;repro/folds/folds_double_cold_test.csv;repro/folds/folds_double_cold_heldout_groups.csv;repro/folds/host_id_map.csv;repro/folds/guest_id_map.csv	random:64ADEA7E030BD7B756965D2FC9F40C74A8BE0B4AFD74EF5AEB074ABD61564848;double_cold:14ADDF87E70BAF45E6325126B04266F5162CFE91439DA28A7B79022D99E20DE5;double_groups:A2C33FF217B5B7E5E23FD2A67505A1AA990EE1883A708D858E1E5B756FAA7211;host_map:2286010652FE0AD54D2C8EE152A76C57A3F755C8535E2CC0888929FDC34DF634;guest_map:3448A3366FE7CC7B0BC2246D0A703C76BA7AE0241739473CFD096A749B513002	rdkit_2026.03.3_canonical_isomeric_preserve_fragments_charge_isotopes_stereo	2026.03.3	PASS
block_detail	double_cold	seed_1	1	1		both														128	128	1357	0	0	0	0	0	0	0	0	0		PASS	PASS	test identity membership in the mechanically derived training set for this block	repro/folds/folds_random.csv;repro/folds/folds_double_cold_test.csv;repro/folds/folds_double_cold_heldout_groups.csv;repro/folds/host_id_map.csv;repro/folds/guest_id_map.csv	random:64ADEA7E030BD7B756965D2FC9F40C74A8BE0B4AFD74EF5AEB074ABD61564848;double_cold:14ADDF87E70BAF45E6325126B04266F5162CFE91439DA28A7B79022D99E20DE5;double_groups:A2C33FF217B5B7E5E23FD2A67505A1AA990EE1883A708D858E1E5B756FAA7211;host_map:2286010652FE0AD54D2C8EE152A76C57A3F755C8535E2CC0888929FDC34DF634;guest_map:3448A3366FE7CC7B0BC2246D0A703C76BA7AE0241739473CFD096A749B513002	rdkit_2026.03.3_canonical_isomeric_preserve_fragments_charge_isotopes_stereo	2026.03.3	PASS
block_detail	double_cold	seed_10	10	10		both														195	195	1221	0	0	0	9	0	9	9	8	8		PASS	FAIL	test identity membership in the mechanically derived training set for this block	repro/folds/folds_random.csv;repro/folds/folds_double_cold_test.csv;repro/folds/folds_double_cold_heldout_groups.csv;repro/folds/host_id_map.csv;repro/folds/guest_id_map.csv	random:64ADEA7E030BD7B756965D2FC9F40C74A8BE0B4AFD74EF5AEB074ABD61564848;double_cold:14ADDF87E70BAF45E6325126B04266F5162CFE91439DA28A7B79022D99E20DE5;double_groups:A2C33FF217B5B7E5E23FD2A67505A1AA990EE1883A708D858E1E5B756FAA7211;host_map:2286010652FE0AD54D2C8EE152A76C57A3F755C8535E2CC0888929FDC34DF634;guest_map:3448A3366FE7CC7B0BC2246D0A703C76BA7AE0241739473CFD096A749B513002	rdkit_2026.03.3_canonical_isomeric_preserve_fragments_charge_isotopes_stereo	2026.03.3	PASS
block_detail	double_cold	seed_11	11	11		both														211	211	1126	0	0	0	2	0	2	2	2	2		PASS	FAIL	test identity membership in the mechanically derived training set for this block	repro/folds/folds_random.csv;repro/folds/folds_double_cold_test.csv;repro/folds/folds_double_cold_heldout_groups.csv;repro/folds/host_id_map.csv;repro/folds/guest_id_map.csv	random:64ADEA7E030BD7B756965D2FC9F40C74A8BE0B4AFD74EF5AEB074ABD61564848;double_cold:14ADDF87E70BAF45E6325126B04266F5162CFE91439DA28A7B79022D99E20DE5;double_groups:A2C33FF217B5B7E5E23FD2A67505A1AA990EE1883A708D858E1E5B756FAA7211;host_map:2286010652FE0AD54D2C8EE152A76C57A3F755C8535E2CC0888929FDC34DF634;guest_map:3448A3366FE7CC7B0BC2246D0A703C76BA7AE0241739473CFD096A749B513002	rdkit_2026.03.3_canonical_isomeric_preserve_fragments_charge_isotopes_stereo	2026.03.3	PASS
block_detail	double_cold	seed_2	2	2		both														244	244	1057	0	0	0	4	0	4	4	4	4		PASS	FAIL	test identity membership in the mechanically derived training set for this block	repro/folds/folds_random.csv;repro/folds/folds_double_cold_test.csv;repro/folds/folds_double_cold_heldout_groups.csv;repro/folds/host_id_map.csv;repro/folds/guest_id_map.csv	random:64ADEA7E030BD7B756965D2FC9F40C74A8BE0B4AFD74EF5AEB074ABD61564848;double_cold:14ADDF87E70BAF45E6325126B04266F5162CFE91439DA28A7B79022D99E20DE5;double_groups:A2C33FF217B5B7E5E23FD2A67505A1AA990EE1883A708D858E1E5B756FAA7211;host_map:2286010652FE0AD54D2C8EE152A76C57A3F755C8535E2CC0888929FDC34DF634;guest_map:3448A3366FE7CC7B0BC2246D0A703C76BA7AE0241739473CFD096A749B513002	rdkit_2026.03.3_canonical_isomeric_preserve_fragments_charge_isotopes_stereo	2026.03.3	PASS
block_detail	double_cold	seed_3	3	3		both														165	165	1370	0	0	0	1	0	1	1	1	1		PASS	FAIL	test identity membership in the mechanically derived training set for this block	repro/folds/folds_random.csv;repro/folds/folds_double_cold_test.csv;repro/folds/folds_double_cold_heldout_groups.csv;repro/folds/host_id_map.csv;repro/folds/guest_id_map.csv	random:64ADEA7E030BD7B756965D2FC9F40C74A8BE0B4AFD74EF5AEB074ABD61564848;double_cold:14ADDF87E70BAF45E6325126B04266F5162CFE91439DA28A7B79022D99E20DE5;double_groups:A2C33FF217B5B7E5E23FD2A67505A1AA990EE1883A708D858E1E5B756FAA7211;host_map:2286010652FE0AD54D2C8EE152A76C57A3F755C8535E2CC0888929FDC34DF634;guest_map:3448A3366FE7CC7B0BC2246D0A703C76BA7AE0241739473CFD096A749B513002	rdkit_2026.03.3_canonical_isomeric_preserve_fragments_charge_isotopes_stereo	2026.03.3	PASS
block_detail	double_cold	seed_4	4	4		both														170	170	1254	0	0	0	2	0	2	2	1	1		PASS	FAIL	test identity membership in the mechanically derived training set for this block	repro/folds/folds_random.csv;repro/folds/folds_double_cold_test.csv;repro/folds/folds_double_cold_heldout_groups.csv;repro/folds/host_id_map.csv;repro/folds/guest_id_map.csv	random:64ADEA7E030BD7B756965D2FC9F40C74A8BE0B4AFD74EF5AEB074ABD61564848;double_cold:14ADDF87E70BAF45E6325126B04266F5162CFE91439DA28A7B79022D99E20DE5;double_groups:A2C33FF217B5B7E5E23FD2A67505A1AA990EE1883A708D858E1E5B756FAA7211;host_map:2286010652FE0AD54D2C8EE152A76C57A3F755C8535E2CC0888929FDC34DF634;guest_map:3448A3366FE7CC7B0BC2246D0A703C76BA7AE0241739473CFD096A749B513002	rdkit_2026.03.3_canonical_isomeric_preserve_fragments_charge_isotopes_stereo	2026.03.3	PASS
block_detail	double_cold	seed_5	5	5		both														197	197	1174	0	0	0	0	0	0	0	0	0		PASS	PASS	test identity membership in the mechanically derived training set for this block	repro/folds/folds_random.csv;repro/folds/folds_double_cold_test.csv;repro/folds/folds_double_cold_heldout_groups.csv;repro/folds/host_id_map.csv;repro/folds/guest_id_map.csv	random:64ADEA7E030BD7B756965D2FC9F40C74A8BE0B4AFD74EF5AEB074ABD61564848;double_cold:14ADDF87E70BAF45E6325126B04266F5162CFE91439DA28A7B79022D99E20DE5;double_groups:A2C33FF217B5B7E5E23FD2A67505A1AA990EE1883A708D858E1E5B756FAA7211;host_map:2286010652FE0AD54D2C8EE152A76C57A3F755C8535E2CC0888929FDC34DF634;guest_map:3448A3366FE7CC7B0BC2246D0A703C76BA7AE0241739473CFD096A749B513002	rdkit_2026.03.3_canonical_isomeric_preserve_fragments_charge_isotopes_stereo	2026.03.3	PASS
block_detail	double_cold	seed_6	6	6		both														159	159	1302	0	0	0	0	0	0	0	0	0		PASS	PASS	test identity membership in the mechanically derived training set for this block	repro/folds/folds_random.csv;repro/folds/folds_double_cold_test.csv;repro/folds/folds_double_cold_heldout_groups.csv;repro/folds/host_id_map.csv;repro/folds/guest_id_map.csv	random:64ADEA7E030BD7B756965D2FC9F40C74A8BE0B4AFD74EF5AEB074ABD61564848;double_cold:14ADDF87E70BAF45E6325126B04266F5162CFE91439DA28A7B79022D99E20DE5;double_groups:A2C33FF217B5B7E5E23FD2A67505A1AA990EE1883A708D858E1E5B756FAA7211;host_map:2286010652FE0AD54D2C8EE152A76C57A3F755C8535E2CC0888929FDC34DF634;guest_map:3448A3366FE7CC7B0BC2246D0A703C76BA7AE0241739473CFD096A749B513002	rdkit_2026.03.3_canonical_isomeric_preserve_fragments_charge_isotopes_stereo	2026.03.3	PASS
block_detail	double_cold	seed_7	7	7		both														76	76	1526	0	0	0	1	0	1	1	1	1		PASS	FAIL	test identity membership in the mechanically derived training set for this block	repro/folds/folds_random.csv;repro/folds/folds_double_cold_test.csv;repro/folds/folds_double_cold_heldout_groups.csv;repro/folds/host_id_map.csv;repro/folds/guest_id_map.csv	random:64ADEA7E030BD7B756965D2FC9F40C74A8BE0B4AFD74EF5AEB074ABD61564848;double_cold:14ADDF87E70BAF45E6325126B04266F5162CFE91439DA28A7B79022D99E20DE5;double_groups:A2C33FF217B5B7E5E23FD2A67505A1AA990EE1883A708D858E1E5B756FAA7211;host_map:2286010652FE0AD54D2C8EE152A76C57A3F755C8535E2CC0888929FDC34DF634;guest_map:3448A3366FE7CC7B0BC2246D0A703C76BA7AE0241739473CFD096A749B513002	rdkit_2026.03.3_canonical_isomeric_preserve_fragments_charge_isotopes_stereo	2026.03.3	PASS
block_detail	double_cold	seed_8	8	8		both														232	232	1070	0	0	0	9	0	9	9	8	8		PASS	FAIL	test identity membership in the mechanically derived training set for this block	repro/folds/folds_random.csv;repro/folds/folds_double_cold_test.csv;repro/folds/folds_double_cold_heldout_groups.csv;repro/folds/host_id_map.csv;repro/folds/guest_id_map.csv	random:64ADEA7E030BD7B756965D2FC9F40C74A8BE0B4AFD74EF5AEB074ABD61564848;double_cold:14ADDF87E70BAF45E6325126B04266F5162CFE91439DA28A7B79022D99E20DE5;double_groups:A2C33FF217B5B7E5E23FD2A67505A1AA990EE1883A708D858E1E5B756FAA7211;host_map:2286010652FE0AD54D2C8EE152A76C57A3F755C8535E2CC0888929FDC34DF634;guest_map:3448A3366FE7CC7B0BC2246D0A703C76BA7AE0241739473CFD096A749B513002	rdkit_2026.03.3_canonical_isomeric_preserve_fragments_charge_isotopes_stereo	2026.03.3	PASS
block_detail	double_cold	seed_9	9	9		both														107	107	1485	0	0	0	2	0	2	2	2	2		PASS	FAIL	test identity membership in the mechanically derived training set for this block	repro/folds/folds_random.csv;repro/folds/folds_double_cold_test.csv;repro/folds/folds_double_cold_heldout_groups.csv;repro/folds/host_id_map.csv;repro/folds/guest_id_map.csv	random:64ADEA7E030BD7B756965D2FC9F40C74A8BE0B4AFD74EF5AEB074ABD61564848;double_cold:14ADDF87E70BAF45E6325126B04266F5162CFE91439DA28A7B79022D99E20DE5;double_groups:A2C33FF217B5B7E5E23FD2A67505A1AA990EE1883A708D858E1E5B756FAA7211;host_map:2286010652FE0AD54D2C8EE152A76C57A3F755C8535E2CC0888929FDC34DF634;guest_map:3448A3366FE7CC7B0BC2246D0A703C76BA7AE0241739473CFD096A749B513002	rdkit_2026.03.3_canonical_isomeric_preserve_fragments_charge_isotopes_stereo	2026.03.3	PASS
double_affected_appearance	double_cold	seed_0	0	0		both	422	8	326	2526C525F966BEE6CB589BBB60C9F4124C02584847747BDAFF4E92B4462536E8	D6FEDAD390E53EAC3D6B344582A6B5BEC80CB34C617B9276317B4FAD7825C62C	0	0	0	1	1		1																	one affected double-cold test appearance	repro/folds/folds_random.csv;repro/folds/folds_double_cold_test.csv;repro/folds/folds_double_cold_heldout_groups.csv;repro/folds/host_id_map.csv;repro/folds/guest_id_map.csv	random:64ADEA7E030BD7B756965D2FC9F40C74A8BE0B4AFD74EF5AEB074ABD61564848;double_cold:14ADDF87E70BAF45E6325126B04266F5162CFE91439DA28A7B79022D99E20DE5;double_groups:A2C33FF217B5B7E5E23FD2A67505A1AA990EE1883A708D858E1E5B756FAA7211;host_map:2286010652FE0AD54D2C8EE152A76C57A3F755C8535E2CC0888929FDC34DF634;guest_map:3448A3366FE7CC7B0BC2246D0A703C76BA7AE0241739473CFD096A749B513002	rdkit_2026.03.3_canonical_isomeric_preserve_fragments_charge_isotopes_stereo	2026.03.3	CANONICAL_RECURRENCE
double_affected_appearance	double_cold	seed_0	0	0		both	748	45	520	001BA14F081450375618B4DEC192A3633931B27A166EE11658CCCBFAB45E327F	6F01F86620AC902D0CD8F3B98B4E927D3F052E6DEDC983DDF5FABA0A62103F7D	0	0	0	1	1		1																	one affected double-cold test appearance	repro/folds/folds_random.csv;repro/folds/folds_double_cold_test.csv;repro/folds/folds_double_cold_heldout_groups.csv;repro/folds/host_id_map.csv;repro/folds/guest_id_map.csv	random:64ADEA7E030BD7B756965D2FC9F40C74A8BE0B4AFD74EF5AEB074ABD61564848;double_cold:14ADDF87E70BAF45E6325126B04266F5162CFE91439DA28A7B79022D99E20DE5;double_groups:A2C33FF217B5B7E5E23FD2A67505A1AA990EE1883A708D858E1E5B756FAA7211;host_map:2286010652FE0AD54D2C8EE152A76C57A3F755C8535E2CC0888929FDC34DF634;guest_map:3448A3366FE7CC7B0BC2246D0A703C76BA7AE0241739473CFD096A749B513002	rdkit_2026.03.3_canonical_isomeric_preserve_fragments_charge_isotopes_stereo	2026.03.3	CANONICAL_RECURRENCE
double_affected_appearance	double_cold	seed_0	0	0		both	964	108	477	BD6B34731933265D03CE9AFCE130892456A328BC5C42751231203ABC90CAB3FC	4B6B1236F1C31D28D9F95F736FF46B2960AFF4F6FCE3D9E76CF43DE2ADDE8B08	0	0	0	1	1		1																	one affected double-cold test appearance	repro/folds/folds_random.csv;repro/folds/folds_double_cold_test.csv;repro/folds/folds_double_cold_heldout_groups.csv;repro/folds/host_id_map.csv;repro/folds/guest_id_map.csv	random:64ADEA7E030BD7B756965D2FC9F40C74A8BE0B4AFD74EF5AEB074ABD61564848;double_cold:14ADDF87E70BAF45E6325126B04266F5162CFE91439DA28A7B79022D99E20DE5;double_groups:A2C33FF217B5B7E5E23FD2A67505A1AA990EE1883A708D858E1E5B756FAA7211;host_map:2286010652FE0AD54D2C8EE152A76C57A3F755C8535E2CC0888929FDC34DF634;guest_map:3448A3366FE7CC7B0BC2246D0A703C76BA7AE0241739473CFD096A749B513002	rdkit_2026.03.3_canonical_isomeric_preserve_fragments_charge_isotopes_stereo	2026.03.3	CANONICAL_RECURRENCE
double_affected_appearance	double_cold	seed_0	0	0		both	1020	8	477	2526C525F966BEE6CB589BBB60C9F4124C02584847747BDAFF4E92B4462536E8	4B6B1236F1C31D28D9F95F736FF46B2960AFF4F6FCE3D9E76CF43DE2ADDE8B08	0	0	0	1	1		1																	one affected double-cold test appearance	repro/folds/folds_random.csv;repro/folds/folds_double_cold_test.csv;repro/folds/folds_double_cold_heldout_groups.csv;repro/folds/host_id_map.csv;repro/folds/guest_id_map.csv	random:64ADEA7E030BD7B756965D2FC9F40C74A8BE0B4AFD74EF5AEB074ABD61564848;double_cold:14ADDF87E70BAF45E6325126B04266F5162CFE91439DA28A7B79022D99E20DE5;double_groups:A2C33FF217B5B7E5E23FD2A67505A1AA990EE1883A708D858E1E5B756FAA7211;host_map:2286010652FE0AD54D2C8EE152A76C57A3F755C8535E2CC0888929FDC34DF634;guest_map:3448A3366FE7CC7B0BC2246D0A703C76BA7AE0241739473CFD096A749B513002	rdkit_2026.03.3_canonical_isomeric_preserve_fragments_charge_isotopes_stereo	2026.03.3	CANONICAL_RECURRENCE
double_affected_appearance	double_cold	seed_0	0	0		both	1105	94	477	BA584CA32AF40B5CC01118169993C3B68F1DD55FC57084F45766D3D97748C6AD	4B6B1236F1C31D28D9F95F736FF46B2960AFF4F6FCE3D9E76CF43DE2ADDE8B08	0	0	0	1	1		1																	one affected double-cold test appearance	repro/folds/folds_random.csv;repro/folds/folds_double_cold_test.csv;repro/folds/folds_double_cold_heldout_groups.csv;repro/folds/host_id_map.csv;repro/folds/guest_id_map.csv	random:64ADEA7E030BD7B756965D2FC9F40C74A8BE0B4AFD74EF5AEB074ABD61564848;double_cold:14ADDF87E70BAF45E6325126B04266F5162CFE91439DA28A7B79022D99E20DE5;double_groups:A2C33FF217B5B7E5E23FD2A67505A1AA990EE1883A708D858E1E5B756FAA7211;host_map:2286010652FE0AD54D2C8EE152A76C57A3F755C8535E2CC0888929FDC34DF634;guest_map:3448A3366FE7CC7B0BC2246D0A703C76BA7AE0241739473CFD096A749B513002	rdkit_2026.03.3_canonical_isomeric_preserve_fragments_charge_isotopes_stereo	2026.03.3	CANONICAL_RECURRENCE
double_affected_appearance	double_cold	seed_0	0	0		both	1839	55	18	46CD7FE84C8D6C4EF795EC2A85AC98203C8613778274664FF650C7423640E7D1	640E1867764F94CAFE2D991B23E1B000681C8619E07309C47EB26888B7938B6E	0	0	0	1	1		1																	one affected double-cold test appearance	repro/folds/folds_random.csv;repro/folds/folds_double_cold_test.csv;repro/folds/folds_double_cold_heldout_groups.csv;repro/folds/host_id_map.csv;repro/folds/guest_id_map.csv	random:64ADEA7E030BD7B756965D2FC9F40C74A8BE0B4AFD74EF5AEB074ABD61564848;double_cold:14ADDF87E70BAF45E6325126B04266F5162CFE91439DA28A7B79022D99E20DE5;double_groups:A2C33FF217B5B7E5E23FD2A67505A1AA990EE1883A708D858E1E5B756FAA7211;host_map:2286010652FE0AD54D2C8EE152A76C57A3F755C8535E2CC0888929FDC34DF634;guest_map:3448A3366FE7CC7B0BC2246D0A703C76BA7AE0241739473CFD096A749B513002	rdkit_2026.03.3_canonical_isomeric_preserve_fragments_charge_isotopes_stereo	2026.03.3	CANONICAL_RECURRENCE
double_affected_appearance	double_cold	seed_0	0	0		both	1943	63	18	3C24C9B25872FE0768A640DF44D242D9AEC5F3FA9C167A457997BAE8D628FFF1	640E1867764F94CAFE2D991B23E1B000681C8619E07309C47EB26888B7938B6E	0	0	0	1	1		1																	one affected double-cold test appearance	repro/folds/folds_random.csv;repro/folds/folds_double_cold_test.csv;repro/folds/folds_double_cold_heldout_groups.csv;repro/folds/host_id_map.csv;repro/folds/guest_id_map.csv	random:64ADEA7E030BD7B756965D2FC9F40C74A8BE0B4AFD74EF5AEB074ABD61564848;double_cold:14ADDF87E70BAF45E6325126B04266F5162CFE91439DA28A7B79022D99E20DE5;double_groups:A2C33FF217B5B7E5E23FD2A67505A1AA990EE1883A708D858E1E5B756FAA7211;host_map:2286010652FE0AD54D2C8EE152A76C57A3F755C8535E2CC0888929FDC34DF634;guest_map:3448A3366FE7CC7B0BC2246D0A703C76BA7AE0241739473CFD096A749B513002	rdkit_2026.03.3_canonical_isomeric_preserve_fragments_charge_isotopes_stereo	2026.03.3	CANONICAL_RECURRENCE
double_affected_appearance	double_cold	seed_10	10	10		both	148	63	126	3C24C9B25872FE0768A640DF44D242D9AEC5F3FA9C167A457997BAE8D628FFF1	4B6B1236F1C31D28D9F95F736FF46B2960AFF4F6FCE3D9E76CF43DE2ADDE8B08	0	0	0	1	1		1																	one affected double-cold test appearance	repro/folds/folds_random.csv;repro/folds/folds_double_cold_test.csv;repro/folds/folds_double_cold_heldout_groups.csv;repro/folds/host_id_map.csv;repro/folds/guest_id_map.csv	random:64ADEA7E030BD7B756965D2FC9F40C74A8BE0B4AFD74EF5AEB074ABD61564848;double_cold:14ADDF87E70BAF45E6325126B04266F5162CFE91439DA28A7B79022D99E20DE5;double_groups:A2C33FF217B5B7E5E23FD2A67505A1AA990EE1883A708D858E1E5B756FAA7211;host_map:2286010652FE0AD54D2C8EE152A76C57A3F755C8535E2CC0888929FDC34DF634;guest_map:3448A3366FE7CC7B0BC2246D0A703C76BA7AE0241739473CFD096A749B513002	rdkit_2026.03.3_canonical_isomeric_preserve_fragments_charge_isotopes_stereo	2026.03.3	CANONICAL_RECURRENCE
double_affected_appearance	double_cold	seed_10	10	10		both	616	69	126	E69AC36986BDADC1E5A61FE9021251B6D5437DB096F231021CE94D055FF4BCBF	4B6B1236F1C31D28D9F95F736FF46B2960AFF4F6FCE3D9E76CF43DE2ADDE8B08	0	0	0	1	1		1																	one affected double-cold test appearance	repro/folds/folds_random.csv;repro/folds/folds_double_cold_test.csv;repro/folds/folds_double_cold_heldout_groups.csv;repro/folds/host_id_map.csv;repro/folds/guest_id_map.csv	random:64ADEA7E030BD7B756965D2FC9F40C74A8BE0B4AFD74EF5AEB074ABD61564848;double_cold:14ADDF87E70BAF45E6325126B04266F5162CFE91439DA28A7B79022D99E20DE5;double_groups:A2C33FF217B5B7E5E23FD2A67505A1AA990EE1883A708D858E1E5B756FAA7211;host_map:2286010652FE0AD54D2C8EE152A76C57A3F755C8535E2CC0888929FDC34DF634;guest_map:3448A3366FE7CC7B0BC2246D0A703C76BA7AE0241739473CFD096A749B513002	rdkit_2026.03.3_canonical_isomeric_preserve_fragments_charge_isotopes_stereo	2026.03.3	CANONICAL_RECURRENCE
double_affected_appearance	double_cold	seed_10	10	10		both	1265	1	126	C1130CCDC8DA0C6458EF6C2E07E7F3330D8F8B055CBE4DEAADB70DC00C8CDFC1	4B6B1236F1C31D28D9F95F736FF46B2960AFF4F6FCE3D9E76CF43DE2ADDE8B08	0	0	0	1	1		1																	one affected double-cold test appearance	repro/folds/folds_random.csv;repro/folds/folds_double_cold_test.csv;repro/folds/folds_double_cold_heldout_groups.csv;repro/folds/host_id_map.csv;repro/folds/guest_id_map.csv	random:64ADEA7E030BD7B756965D2FC9F40C74A8BE0B4AFD74EF5AEB074ABD61564848;double_cold:14ADDF87E70BAF45E6325126B04266F5162CFE91439DA28A7B79022D99E20DE5;double_groups:A2C33FF217B5B7E5E23FD2A67505A1AA990EE1883A708D858E1E5B756FAA7211;host_map:2286010652FE0AD54D2C8EE152A76C57A3F755C8535E2CC0888929FDC34DF634;guest_map:3448A3366FE7CC7B0BC2246D0A703C76BA7AE0241739473CFD096A749B513002	rdkit_2026.03.3_canonical_isomeric_preserve_fragments_charge_isotopes_stereo	2026.03.3	CANONICAL_RECURRENCE
double_affected_appearance	double_cold	seed_10	10	10		both	1363	87	808	A699E12937358A216FBA45A53678131D8F7DBBB042BA5E7F52621C78F0465945	0B02CE89B1DB28D22345212D26E06F3F4037FC87280F51638F33F1C22928BCE8	0	0	0	1	1		1																	one affected double-cold test appearance	repro/folds/folds_random.csv;repro/folds/folds_double_cold_test.csv;repro/folds/folds_double_cold_heldout_groups.csv;repro/folds/host_id_map.csv;repro/folds/guest_id_map.csv	random:64ADEA7E030BD7B756965D2FC9F40C74A8BE0B4AFD74EF5AEB074ABD61564848;double_cold:14ADDF87E70BAF45E6325126B04266F5162CFE91439DA28A7B79022D99E20DE5;double_groups:A2C33FF217B5B7E5E23FD2A67505A1AA990EE1883A708D858E1E5B756FAA7211;host_map:2286010652FE0AD54D2C8EE152A76C57A3F755C8535E2CC0888929FDC34DF634;guest_map:3448A3366FE7CC7B0BC2246D0A703C76BA7AE0241739473CFD096A749B513002	rdkit_2026.03.3_canonical_isomeric_preserve_fragments_charge_isotopes_stereo	2026.03.3	CANONICAL_RECURRENCE
double_affected_appearance	double_cold	seed_10	10	10		both	1441	69	126	E69AC36986BDADC1E5A61FE9021251B6D5437DB096F231021CE94D055FF4BCBF	4B6B1236F1C31D28D9F95F736FF46B2960AFF4F6FCE3D9E76CF43DE2ADDE8B08	0	0	0	1	1		1																	one affected double-cold test appearance	repro/folds/folds_random.csv;repro/folds/folds_double_cold_test.csv;repro/folds/folds_double_cold_heldout_groups.csv;repro/folds/host_id_map.csv;repro/folds/guest_id_map.csv	random:64ADEA7E030BD7B756965D2FC9F40C74A8BE0B4AFD74EF5AEB074ABD61564848;double_cold:14ADDF87E70BAF45E6325126B04266F5162CFE91439DA28A7B79022D99E20DE5;double_groups:A2C33FF217B5B7E5E23FD2A67505A1AA990EE1883A708D858E1E5B756FAA7211;host_map:2286010652FE0AD54D2C8EE152A76C57A3F755C8535E2CC0888929FDC34DF634;guest_map:3448A3366FE7CC7B0BC2246D0A703C76BA7AE0241739473CFD096A749B513002	rdkit_2026.03.3_canonical_isomeric_preserve_fragments_charge_isotopes_stereo	2026.03.3	CANONICAL_RECURRENCE
double_affected_appearance	double_cold	seed_10	10	10		both	1758	52	126	89AB142F8D041F89710D49168CBEF0FA0D792576B82031818BFF7C2DE5D92117	4B6B1236F1C31D28D9F95F736FF46B2960AFF4F6FCE3D9E76CF43DE2ADDE8B08	0	0	0	1	1		1																	one affected double-cold test appearance	repro/folds/folds_random.csv;repro/folds/folds_double_cold_test.csv;repro/folds/folds_double_cold_heldout_groups.csv;repro/folds/host_id_map.csv;repro/folds/guest_id_map.csv	random:64ADEA7E030BD7B756965D2FC9F40C74A8BE0B4AFD74EF5AEB074ABD61564848;double_cold:14ADDF87E70BAF45E6325126B04266F5162CFE91439DA28A7B79022D99E20DE5;double_groups:A2C33FF217B5B7E5E23FD2A67505A1AA990EE1883A708D858E1E5B756FAA7211;host_map:2286010652FE0AD54D2C8EE152A76C57A3F755C8535E2CC0888929FDC34DF634;guest_map:3448A3366FE7CC7B0BC2246D0A703C76BA7AE0241739473CFD096A749B513002	rdkit_2026.03.3_canonical_isomeric_preserve_fragments_charge_isotopes_stereo	2026.03.3	CANONICAL_RECURRENCE
double_affected_appearance	double_cold	seed_10	10	10		both	1910	1	397	C1130CCDC8DA0C6458EF6C2E07E7F3330D8F8B055CBE4DEAADB70DC00C8CDFC1	640E1867764F94CAFE2D991B23E1B000681C8619E07309C47EB26888B7938B6E	0	0	0	1	1		1																	one affected double-cold test appearance	repro/folds/folds_random.csv;repro/folds/folds_double_cold_test.csv;repro/folds/folds_double_cold_heldout_groups.csv;repro/folds/host_id_map.csv;repro/folds/guest_id_map.csv	random:64ADEA7E030BD7B756965D2FC9F40C74A8BE0B4AFD74EF5AEB074ABD61564848;double_cold:14ADDF87E70BAF45E6325126B04266F5162CFE91439DA28A7B79022D99E20DE5;double_groups:A2C33FF217B5B7E5E23FD2A67505A1AA990EE1883A708D858E1E5B756FAA7211;host_map:2286010652FE0AD54D2C8EE152A76C57A3F755C8535E2CC0888929FDC34DF634;guest_map:3448A3366FE7CC7B0BC2246D0A703C76BA7AE0241739473CFD096A749B513002	rdkit_2026.03.3_canonical_isomeric_preserve_fragments_charge_isotopes_stereo	2026.03.3	CANONICAL_RECURRENCE
double_affected_appearance	double_cold	seed_10	10	10		both	2156	99	126	9C5AE9DC33FB7183D6DE570E4F40C5ED225E59EFD3C7E5485333524BCCF933C0	4B6B1236F1C31D28D9F95F736FF46B2960AFF4F6FCE3D9E76CF43DE2ADDE8B08	0	0	0	1	1		1																	one affected double-cold test appearance	repro/folds/folds_random.csv;repro/folds/folds_double_cold_test.csv;repro/folds/folds_double_cold_heldout_groups.csv;repro/folds/host_id_map.csv;repro/folds/guest_id_map.csv	random:64ADEA7E030BD7B756965D2FC9F40C74A8BE0B4AFD74EF5AEB074ABD61564848;double_cold:14ADDF87E70BAF45E6325126B04266F5162CFE91439DA28A7B79022D99E20DE5;double_groups:A2C33FF217B5B7E5E23FD2A67505A1AA990EE1883A708D858E1E5B756FAA7211;host_map:2286010652FE0AD54D2C8EE152A76C57A3F755C8535E2CC0888929FDC34DF634;guest_map:3448A3366FE7CC7B0BC2246D0A703C76BA7AE0241739473CFD096A749B513002	rdkit_2026.03.3_canonical_isomeric_preserve_fragments_charge_isotopes_stereo	2026.03.3	CANONICAL_RECURRENCE
double_affected_appearance	double_cold	seed_10	10	10		both	2221	188	397	2DC65D621E765ED6549674FF1EC52FA438C064AF813048BB637692837EF09315	640E1867764F94CAFE2D991B23E1B000681C8619E07309C47EB26888B7938B6E	0	0	0	1	1		1																	one affected double-cold test appearance	repro/folds/folds_random.csv;repro/folds/folds_double_cold_test.csv;repro/folds/folds_double_cold_heldout_groups.csv;repro/folds/host_id_map.csv;repro/folds/guest_id_map.csv	random:64ADEA7E030BD7B756965D2FC9F40C74A8BE0B4AFD74EF5AEB074ABD61564848;double_cold:14ADDF87E70BAF45E6325126B04266F5162CFE91439DA28A7B79022D99E20DE5;double_groups:A2C33FF217B5B7E5E23FD2A67505A1AA990EE1883A708D858E1E5B756FAA7211;host_map:2286010652FE0AD54D2C8EE152A76C57A3F755C8535E2CC0888929FDC34DF634;guest_map:3448A3366FE7CC7B0BC2246D0A703C76BA7AE0241739473CFD096A749B513002	rdkit_2026.03.3_canonical_isomeric_preserve_fragments_charge_isotopes_stereo	2026.03.3	CANONICAL_RECURRENCE
double_affected_appearance	double_cold	seed_11	11	11		both	264	83	220	22BBC4A6182BB69D6F23E2210FF6FE0897FAD28735E766CF137DD2649852025C	6F01F86620AC902D0CD8F3B98B4E927D3F052E6DEDC983DDF5FABA0A62103F7D	0	0	0	1	1		1																	one affected double-cold test appearance	repro/folds/folds_random.csv;repro/folds/folds_double_cold_test.csv;repro/folds/folds_double_cold_heldout_groups.csv;repro/folds/host_id_map.csv;repro/folds/guest_id_map.csv	random:64ADEA7E030BD7B756965D2FC9F40C74A8BE0B4AFD74EF5AEB074ABD61564848;double_cold:14ADDF87E70BAF45E6325126B04266F5162CFE91439DA28A7B79022D99E20DE5;double_groups:A2C33FF217B5B7E5E23FD2A67505A1AA990EE1883A708D858E1E5B756FAA7211;host_map:2286010652FE0AD54D2C8EE152A76C57A3F755C8535E2CC0888929FDC34DF634;guest_map:3448A3366FE7CC7B0BC2246D0A703C76BA7AE0241739473CFD096A749B513002	rdkit_2026.03.3_canonical_isomeric_preserve_fragments_charge_isotopes_stereo	2026.03.3	CANONICAL_RECURRENCE
double_affected_appearance	double_cold	seed_11	11	11		both	959	11	43	E82CB7F52437B0147F435E3074F006752062FF8924E87C1DAF3210D182FF633B	14818FE10F046EBD0B8696923FD529607C8E7F65FCD645EC173AF08C6F65A94F	0	0	0	1	1		1																	one affected double-cold test appearance	repro/folds/folds_random.csv;repro/folds/folds_double_cold_test.csv;repro/folds/folds_double_cold_heldout_groups.csv;repro/folds/host_id_map.csv;repro/folds/guest_id_map.csv	random:64ADEA7E030BD7B756965D2FC9F40C74A8BE0B4AFD74EF5AEB074ABD61564848;double_cold:14ADDF87E70BAF45E6325126B04266F5162CFE91439DA28A7B79022D99E20DE5;double_groups:A2C33FF217B5B7E5E23FD2A67505A1AA990EE1883A708D858E1E5B756FAA7211;host_map:2286010652FE0AD54D2C8EE152A76C57A3F755C8535E2CC0888929FDC34DF634;guest_map:3448A3366FE7CC7B0BC2246D0A703C76BA7AE0241739473CFD096A749B513002	rdkit_2026.03.3_canonical_isomeric_preserve_fragments_charge_isotopes_stereo	2026.03.3	CANONICAL_RECURRENCE
double_affected_appearance	double_cold	seed_2	2	2		both	480	14	126	C787A22C599703D921FA29CACAF002E9FF6ED12C44482B2905C84DCBDD5B4AC1	4B6B1236F1C31D28D9F95F736FF46B2960AFF4F6FCE3D9E76CF43DE2ADDE8B08	0	0	0	1	1		1																	one affected double-cold test appearance	repro/folds/folds_random.csv;repro/folds/folds_double_cold_test.csv;repro/folds/folds_double_cold_heldout_groups.csv;repro/folds/host_id_map.csv;repro/folds/guest_id_map.csv	random:64ADEA7E030BD7B756965D2FC9F40C74A8BE0B4AFD74EF5AEB074ABD61564848;double_cold:14ADDF87E70BAF45E6325126B04266F5162CFE91439DA28A7B79022D99E20DE5;double_groups:A2C33FF217B5B7E5E23FD2A67505A1AA990EE1883A708D858E1E5B756FAA7211;host_map:2286010652FE0AD54D2C8EE152A76C57A3F755C8535E2CC0888929FDC34DF634;guest_map:3448A3366FE7CC7B0BC2246D0A703C76BA7AE0241739473CFD096A749B513002	rdkit_2026.03.3_canonical_isomeric_preserve_fragments_charge_isotopes_stereo	2026.03.3	CANONICAL_RECURRENCE
double_affected_appearance	double_cold	seed_2	2	2		both	623	64	454	05C5083FBF551B3C1AE048E85E6B7F5EB796F7835740F408D7B4DF1173E7C142	129DC49EF4AB93F0D7CFF5529A53286D3BDA797A045B296BD0D89008262A749F	0	0	0	1	1		1																	one affected double-cold test appearance	repro/folds/folds_random.csv;repro/folds/folds_double_cold_test.csv;repro/folds/folds_double_cold_heldout_groups.csv;repro/folds/host_id_map.csv;repro/folds/guest_id_map.csv	random:64ADEA7E030BD7B756965D2FC9F40C74A8BE0B4AFD74EF5AEB074ABD61564848;double_cold:14ADDF87E70BAF45E6325126B04266F5162CFE91439DA28A7B79022D99E20DE5;double_groups:A2C33FF217B5B7E5E23FD2A67505A1AA990EE1883A708D858E1E5B756FAA7211;host_map:2286010652FE0AD54D2C8EE152A76C57A3F755C8535E2CC0888929FDC34DF634;guest_map:3448A3366FE7CC7B0BC2246D0A703C76BA7AE0241739473CFD096A749B513002	rdkit_2026.03.3_canonical_isomeric_preserve_fragments_charge_isotopes_stereo	2026.03.3	CANONICAL_RECURRENCE
double_affected_appearance	double_cold	seed_2	2	2		both	1282	11	781	E82CB7F52437B0147F435E3074F006752062FF8924E87C1DAF3210D182FF633B	14818FE10F046EBD0B8696923FD529607C8E7F65FCD645EC173AF08C6F65A94F	0	0	0	1	1		1																	one affected double-cold test appearance	repro/folds/folds_random.csv;repro/folds/folds_double_cold_test.csv;repro/folds/folds_double_cold_heldout_groups.csv;repro/folds/host_id_map.csv;repro/folds/guest_id_map.csv	random:64ADEA7E030BD7B756965D2FC9F40C74A8BE0B4AFD74EF5AEB074ABD61564848;double_cold:14ADDF87E70BAF45E6325126B04266F5162CFE91439DA28A7B79022D99E20DE5;double_groups:A2C33FF217B5B7E5E23FD2A67505A1AA990EE1883A708D858E1E5B756FAA7211;host_map:2286010652FE0AD54D2C8EE152A76C57A3F755C8535E2CC0888929FDC34DF634;guest_map:3448A3366FE7CC7B0BC2246D0A703C76BA7AE0241739473CFD096A749B513002	rdkit_2026.03.3_canonical_isomeric_preserve_fragments_charge_isotopes_stereo	2026.03.3	CANONICAL_RECURRENCE
double_affected_appearance	double_cold	seed_2	2	2		both	1454	64	781	05C5083FBF551B3C1AE048E85E6B7F5EB796F7835740F408D7B4DF1173E7C142	14818FE10F046EBD0B8696923FD529607C8E7F65FCD645EC173AF08C6F65A94F	0	0	0	1	1		1																	one affected double-cold test appearance	repro/folds/folds_random.csv;repro/folds/folds_double_cold_test.csv;repro/folds/folds_double_cold_heldout_groups.csv;repro/folds/host_id_map.csv;repro/folds/guest_id_map.csv	random:64ADEA7E030BD7B756965D2FC9F40C74A8BE0B4AFD74EF5AEB074ABD61564848;double_cold:14ADDF87E70BAF45E6325126B04266F5162CFE91439DA28A7B79022D99E20DE5;double_groups:A2C33FF217B5B7E5E23FD2A67505A1AA990EE1883A708D858E1E5B756FAA7211;host_map:2286010652FE0AD54D2C8EE152A76C57A3F755C8535E2CC0888929FDC34DF634;guest_map:3448A3366FE7CC7B0BC2246D0A703C76BA7AE0241739473CFD096A749B513002	rdkit_2026.03.3_canonical_isomeric_preserve_fragments_charge_isotopes_stereo	2026.03.3	CANONICAL_RECURRENCE
double_affected_appearance	double_cold	seed_3	3	3		both	1454	64	781	05C5083FBF551B3C1AE048E85E6B7F5EB796F7835740F408D7B4DF1173E7C142	14818FE10F046EBD0B8696923FD529607C8E7F65FCD645EC173AF08C6F65A94F	0	0	0	1	1		1																	one affected double-cold test appearance	repro/folds/folds_random.csv;repro/folds/folds_double_cold_test.csv;repro/folds/folds_double_cold_heldout_groups.csv;repro/folds/host_id_map.csv;repro/folds/guest_id_map.csv	random:64ADEA7E030BD7B756965D2FC9F40C74A8BE0B4AFD74EF5AEB074ABD61564848;double_cold:14ADDF87E70BAF45E6325126B04266F5162CFE91439DA28A7B79022D99E20DE5;double_groups:A2C33FF217B5B7E5E23FD2A67505A1AA990EE1883A708D858E1E5B756FAA7211;host_map:2286010652FE0AD54D2C8EE152A76C57A3F755C8535E2CC0888929FDC34DF634;guest_map:3448A3366FE7CC7B0BC2246D0A703C76BA7AE0241739473CFD096A749B513002	rdkit_2026.03.3_canonical_isomeric_preserve_fragments_charge_isotopes_stereo	2026.03.3	CANONICAL_RECURRENCE
double_affected_appearance	double_cold	seed_4	4	4		both	595	69	437	E69AC36986BDADC1E5A61FE9021251B6D5437DB096F231021CE94D055FF4BCBF	E9397338BFA2DF2426F5EAFAC89A6A669CCB8C215710730D405A0EAD1E19A161	0	0	0	1	1		1																	one affected double-cold test appearance	repro/folds/folds_random.csv;repro/folds/folds_double_cold_test.csv;repro/folds/folds_double_cold_heldout_groups.csv;repro/folds/host_id_map.csv;repro/folds/guest_id_map.csv	random:64ADEA7E030BD7B756965D2FC9F40C74A8BE0B4AFD74EF5AEB074ABD61564848;double_cold:14ADDF87E70BAF45E6325126B04266F5162CFE91439DA28A7B79022D99E20DE5;double_groups:A2C33FF217B5B7E5E23FD2A67505A1AA990EE1883A708D858E1E5B756FAA7211;host_map:2286010652FE0AD54D2C8EE152A76C57A3F755C8535E2CC0888929FDC34DF634;guest_map:3448A3366FE7CC7B0BC2246D0A703C76BA7AE0241739473CFD096A749B513002	rdkit_2026.03.3_canonical_isomeric_preserve_fragments_charge_isotopes_stereo	2026.03.3	CANONICAL_RECURRENCE
double_affected_appearance	double_cold	seed_4	4	4		both	1292	69	437	E69AC36986BDADC1E5A61FE9021251B6D5437DB096F231021CE94D055FF4BCBF	E9397338BFA2DF2426F5EAFAC89A6A669CCB8C215710730D405A0EAD1E19A161	0	0	0	1	1		1																	one affected double-cold test appearance	repro/folds/folds_random.csv;repro/folds/folds_double_cold_test.csv;repro/folds/folds_double_cold_heldout_groups.csv;repro/folds/host_id_map.csv;repro/folds/guest_id_map.csv	random:64ADEA7E030BD7B756965D2FC9F40C74A8BE0B4AFD74EF5AEB074ABD61564848;double_cold:14ADDF87E70BAF45E6325126B04266F5162CFE91439DA28A7B79022D99E20DE5;double_groups:A2C33FF217B5B7E5E23FD2A67505A1AA990EE1883A708D858E1E5B756FAA7211;host_map:2286010652FE0AD54D2C8EE152A76C57A3F755C8535E2CC0888929FDC34DF634;guest_map:3448A3366FE7CC7B0BC2246D0A703C76BA7AE0241739473CFD096A749B513002	rdkit_2026.03.3_canonical_isomeric_preserve_fragments_charge_isotopes_stereo	2026.03.3	CANONICAL_RECURRENCE
double_affected_appearance	double_cold	seed_7	7	7		both	532	108	397	BD6B34731933265D03CE9AFCE130892456A328BC5C42751231203ABC90CAB3FC	640E1867764F94CAFE2D991B23E1B000681C8619E07309C47EB26888B7938B6E	0	0	0	1	1		1																	one affected double-cold test appearance	repro/folds/folds_random.csv;repro/folds/folds_double_cold_test.csv;repro/folds/folds_double_cold_heldout_groups.csv;repro/folds/host_id_map.csv;repro/folds/guest_id_map.csv	random:64ADEA7E030BD7B756965D2FC9F40C74A8BE0B4AFD74EF5AEB074ABD61564848;double_cold:14ADDF87E70BAF45E6325126B04266F5162CFE91439DA28A7B79022D99E20DE5;double_groups:A2C33FF217B5B7E5E23FD2A67505A1AA990EE1883A708D858E1E5B756FAA7211;host_map:2286010652FE0AD54D2C8EE152A76C57A3F755C8535E2CC0888929FDC34DF634;guest_map:3448A3366FE7CC7B0BC2246D0A703C76BA7AE0241739473CFD096A749B513002	rdkit_2026.03.3_canonical_isomeric_preserve_fragments_charge_isotopes_stereo	2026.03.3	CANONICAL_RECURRENCE
double_affected_appearance	double_cold	seed_8	8	8		both	386	82	126	943BCEA8586BE526CE8501B61202A05D77257BC2BB9DA3A3C52BD077795B3D50	4B6B1236F1C31D28D9F95F736FF46B2960AFF4F6FCE3D9E76CF43DE2ADDE8B08	0	0	0	1	1		1																	one affected double-cold test appearance	repro/folds/folds_random.csv;repro/folds/folds_double_cold_test.csv;repro/folds/folds_double_cold_heldout_groups.csv;repro/folds/host_id_map.csv;repro/folds/guest_id_map.csv	random:64ADEA7E030BD7B756965D2FC9F40C74A8BE0B4AFD74EF5AEB074ABD61564848;double_cold:14ADDF87E70BAF45E6325126B04266F5162CFE91439DA28A7B79022D99E20DE5;double_groups:A2C33FF217B5B7E5E23FD2A67505A1AA990EE1883A708D858E1E5B756FAA7211;host_map:2286010652FE0AD54D2C8EE152A76C57A3F755C8535E2CC0888929FDC34DF634;guest_map:3448A3366FE7CC7B0BC2246D0A703C76BA7AE0241739473CFD096A749B513002	rdkit_2026.03.3_canonical_isomeric_preserve_fragments_charge_isotopes_stereo	2026.03.3	CANONICAL_RECURRENCE
double_affected_appearance	double_cold	seed_8	8	8		both	616	69	126	E69AC36986BDADC1E5A61FE9021251B6D5437DB096F231021CE94D055FF4BCBF	4B6B1236F1C31D28D9F95F736FF46B2960AFF4F6FCE3D9E76CF43DE2ADDE8B08	0	0	0	1	1		1																	one affected double-cold test appearance	repro/folds/folds_random.csv;repro/folds/folds_double_cold_test.csv;repro/folds/folds_double_cold_heldout_groups.csv;repro/folds/host_id_map.csv;repro/folds/guest_id_map.csv	random:64ADEA7E030BD7B756965D2FC9F40C74A8BE0B4AFD74EF5AEB074ABD61564848;double_cold:14ADDF87E70BAF45E6325126B04266F5162CFE91439DA28A7B79022D99E20DE5;double_groups:A2C33FF217B5B7E5E23FD2A67505A1AA990EE1883A708D858E1E5B756FAA7211;host_map:2286010652FE0AD54D2C8EE152A76C57A3F755C8535E2CC0888929FDC34DF634;guest_map:3448A3366FE7CC7B0BC2246D0A703C76BA7AE0241739473CFD096A749B513002	rdkit_2026.03.3_canonical_isomeric_preserve_fragments_charge_isotopes_stereo	2026.03.3	CANONICAL_RECURRENCE
double_affected_appearance	double_cold	seed_8	8	8		both	1093	30	126	175E9D01D3A7DD7BE73E9B8659E8BAA0A16B2D5C4CCEFE3BEFED10121429BF10	4B6B1236F1C31D28D9F95F736FF46B2960AFF4F6FCE3D9E76CF43DE2ADDE8B08	0	0	0	1	1		1																	one affected double-cold test appearance	repro/folds/folds_random.csv;repro/folds/folds_double_cold_test.csv;repro/folds/folds_double_cold_heldout_groups.csv;repro/folds/host_id_map.csv;repro/folds/guest_id_map.csv	random:64ADEA7E030BD7B756965D2FC9F40C74A8BE0B4AFD74EF5AEB074ABD61564848;double_cold:14ADDF87E70BAF45E6325126B04266F5162CFE91439DA28A7B79022D99E20DE5;double_groups:A2C33FF217B5B7E5E23FD2A67505A1AA990EE1883A708D858E1E5B756FAA7211;host_map:2286010652FE0AD54D2C8EE152A76C57A3F755C8535E2CC0888929FDC34DF634;guest_map:3448A3366FE7CC7B0BC2246D0A703C76BA7AE0241739473CFD096A749B513002	rdkit_2026.03.3_canonical_isomeric_preserve_fragments_charge_isotopes_stereo	2026.03.3	CANONICAL_RECURRENCE
double_affected_appearance	double_cold	seed_8	8	8		both	1265	1	126	C1130CCDC8DA0C6458EF6C2E07E7F3330D8F8B055CBE4DEAADB70DC00C8CDFC1	4B6B1236F1C31D28D9F95F736FF46B2960AFF4F6FCE3D9E76CF43DE2ADDE8B08	0	0	0	1	1		1																	one affected double-cold test appearance	repro/folds/folds_random.csv;repro/folds/folds_double_cold_test.csv;repro/folds/folds_double_cold_heldout_groups.csv;repro/folds/host_id_map.csv;repro/folds/guest_id_map.csv	random:64ADEA7E030BD7B756965D2FC9F40C74A8BE0B4AFD74EF5AEB074ABD61564848;double_cold:14ADDF87E70BAF45E6325126B04266F5162CFE91439DA28A7B79022D99E20DE5;double_groups:A2C33FF217B5B7E5E23FD2A67505A1AA990EE1883A708D858E1E5B756FAA7211;host_map:2286010652FE0AD54D2C8EE152A76C57A3F755C8535E2CC0888929FDC34DF634;guest_map:3448A3366FE7CC7B0BC2246D0A703C76BA7AE0241739473CFD096A749B513002	rdkit_2026.03.3_canonical_isomeric_preserve_fragments_charge_isotopes_stereo	2026.03.3	CANONICAL_RECURRENCE
double_affected_appearance	double_cold	seed_8	8	8		both	1441	69	126	E69AC36986BDADC1E5A61FE9021251B6D5437DB096F231021CE94D055FF4BCBF	4B6B1236F1C31D28D9F95F736FF46B2960AFF4F6FCE3D9E76CF43DE2ADDE8B08	0	0	0	1	1		1																	one affected double-cold test appearance	repro/folds/folds_random.csv;repro/folds/folds_double_cold_test.csv;repro/folds/folds_double_cold_heldout_groups.csv;repro/folds/host_id_map.csv;repro/folds/guest_id_map.csv	random:64ADEA7E030BD7B756965D2FC9F40C74A8BE0B4AFD74EF5AEB074ABD61564848;double_cold:14ADDF87E70BAF45E6325126B04266F5162CFE91439DA28A7B79022D99E20DE5;double_groups:A2C33FF217B5B7E5E23FD2A67505A1AA990EE1883A708D858E1E5B756FAA7211;host_map:2286010652FE0AD54D2C8EE152A76C57A3F755C8535E2CC0888929FDC34DF634;guest_map:3448A3366FE7CC7B0BC2246D0A703C76BA7AE0241739473CFD096A749B513002	rdkit_2026.03.3_canonical_isomeric_preserve_fragments_charge_isotopes_stereo	2026.03.3	CANONICAL_RECURRENCE
double_affected_appearance	double_cold	seed_8	8	8		both	1611	1	897	C1130CCDC8DA0C6458EF6C2E07E7F3330D8F8B055CBE4DEAADB70DC00C8CDFC1	129DC49EF4AB93F0D7CFF5529A53286D3BDA797A045B296BD0D89008262A749F	0	0	0	1	1		1																	one affected double-cold test appearance	repro/folds/folds_random.csv;repro/folds/folds_double_cold_test.csv;repro/folds/folds_double_cold_heldout_groups.csv;repro/folds/host_id_map.csv;repro/folds/guest_id_map.csv	random:64ADEA7E030BD7B756965D2FC9F40C74A8BE0B4AFD74EF5AEB074ABD61564848;double_cold:14ADDF87E70BAF45E6325126B04266F5162CFE91439DA28A7B79022D99E20DE5;double_groups:A2C33FF217B5B7E5E23FD2A67505A1AA990EE1883A708D858E1E5B756FAA7211;host_map:2286010652FE0AD54D2C8EE152A76C57A3F755C8535E2CC0888929FDC34DF634;guest_map:3448A3366FE7CC7B0BC2246D0A703C76BA7AE0241739473CFD096A749B513002	rdkit_2026.03.3_canonical_isomeric_preserve_fragments_charge_isotopes_stereo	2026.03.3	CANONICAL_RECURRENCE
double_affected_appearance	double_cold	seed_8	8	8		both	1758	52	126	89AB142F8D041F89710D49168CBEF0FA0D792576B82031818BFF7C2DE5D92117	4B6B1236F1C31D28D9F95F736FF46B2960AFF4F6FCE3D9E76CF43DE2ADDE8B08	0	0	0	1	1		1																	one affected double-cold test appearance	repro/folds/folds_random.csv;repro/folds/folds_double_cold_test.csv;repro/folds/folds_double_cold_heldout_groups.csv;repro/folds/host_id_map.csv;repro/folds/guest_id_map.csv	random:64ADEA7E030BD7B756965D2FC9F40C74A8BE0B4AFD74EF5AEB074ABD61564848;double_cold:14ADDF87E70BAF45E6325126B04266F5162CFE91439DA28A7B79022D99E20DE5;double_groups:A2C33FF217B5B7E5E23FD2A67505A1AA990EE1883A708D858E1E5B756FAA7211;host_map:2286010652FE0AD54D2C8EE152A76C57A3F755C8535E2CC0888929FDC34DF634;guest_map:3448A3366FE7CC7B0BC2246D0A703C76BA7AE0241739473CFD096A749B513002	rdkit_2026.03.3_canonical_isomeric_preserve_fragments_charge_isotopes_stereo	2026.03.3	CANONICAL_RECURRENCE
double_affected_appearance	double_cold	seed_8	8	8		both	2156	99	126	9C5AE9DC33FB7183D6DE570E4F40C5ED225E59EFD3C7E5485333524BCCF933C0	4B6B1236F1C31D28D9F95F736FF46B2960AFF4F6FCE3D9E76CF43DE2ADDE8B08	0	0	0	1	1		1																	one affected double-cold test appearance	repro/folds/folds_random.csv;repro/folds/folds_double_cold_test.csv;repro/folds/folds_double_cold_heldout_groups.csv;repro/folds/host_id_map.csv;repro/folds/guest_id_map.csv	random:64ADEA7E030BD7B756965D2FC9F40C74A8BE0B4AFD74EF5AEB074ABD61564848;double_cold:14ADDF87E70BAF45E6325126B04266F5162CFE91439DA28A7B79022D99E20DE5;double_groups:A2C33FF217B5B7E5E23FD2A67505A1AA990EE1883A708D858E1E5B756FAA7211;host_map:2286010652FE0AD54D2C8EE152A76C57A3F755C8535E2CC0888929FDC34DF634;guest_map:3448A3366FE7CC7B0BC2246D0A703C76BA7AE0241739473CFD096A749B513002	rdkit_2026.03.3_canonical_isomeric_preserve_fragments_charge_isotopes_stereo	2026.03.3	CANONICAL_RECURRENCE
double_affected_appearance	double_cold	seed_8	8	8		both	2226	188	897	2DC65D621E765ED6549674FF1EC52FA438C064AF813048BB637692837EF09315	129DC49EF4AB93F0D7CFF5529A53286D3BDA797A045B296BD0D89008262A749F	0	0	0	1	1		1																	one affected double-cold test appearance	repro/folds/folds_random.csv;repro/folds/folds_double_cold_test.csv;repro/folds/folds_double_cold_heldout_groups.csv;repro/folds/host_id_map.csv;repro/folds/guest_id_map.csv	random:64ADEA7E030BD7B756965D2FC9F40C74A8BE0B4AFD74EF5AEB074ABD61564848;double_cold:14ADDF87E70BAF45E6325126B04266F5162CFE91439DA28A7B79022D99E20DE5;double_groups:A2C33FF217B5B7E5E23FD2A67505A1AA990EE1883A708D858E1E5B756FAA7211;host_map:2286010652FE0AD54D2C8EE152A76C57A3F755C8535E2CC0888929FDC34DF634;guest_map:3448A3366FE7CC7B0BC2246D0A703C76BA7AE0241739473CFD096A749B513002	rdkit_2026.03.3_canonical_isomeric_preserve_fragments_charge_isotopes_stereo	2026.03.3	CANONICAL_RECURRENCE
double_affected_appearance	double_cold	seed_9	9	9		both	43	28	43	C06DBA8CB1A01AEB8337B71D87CD1B30E9CBAC6D34129CB5457249ED32FE0331	14818FE10F046EBD0B8696923FD529607C8E7F65FCD645EC173AF08C6F65A94F	0	0	0	1	1		1																	one affected double-cold test appearance	repro/folds/folds_random.csv;repro/folds/folds_double_cold_test.csv;repro/folds/folds_double_cold_heldout_groups.csv;repro/folds/host_id_map.csv;repro/folds/guest_id_map.csv	random:64ADEA7E030BD7B756965D2FC9F40C74A8BE0B4AFD74EF5AEB074ABD61564848;double_cold:14ADDF87E70BAF45E6325126B04266F5162CFE91439DA28A7B79022D99E20DE5;double_groups:A2C33FF217B5B7E5E23FD2A67505A1AA990EE1883A708D858E1E5B756FAA7211;host_map:2286010652FE0AD54D2C8EE152A76C57A3F755C8535E2CC0888929FDC34DF634;guest_map:3448A3366FE7CC7B0BC2246D0A703C76BA7AE0241739473CFD096A749B513002	rdkit_2026.03.3_canonical_isomeric_preserve_fragments_charge_isotopes_stereo	2026.03.3	CANONICAL_RECURRENCE
double_affected_appearance	double_cold	seed_9	9	9		both	1112	23	477	9CB41F926A4386D7C0E23599753E6EDC60802BE1DCF577DB9B32CBB20691DB1D	4B6B1236F1C31D28D9F95F736FF46B2960AFF4F6FCE3D9E76CF43DE2ADDE8B08	0	0	0	1	1		1																	one affected double-cold test appearance	repro/folds/folds_random.csv;repro/folds/folds_double_cold_test.csv;repro/folds/folds_double_cold_heldout_groups.csv;repro/folds/host_id_map.csv;repro/folds/guest_id_map.csv	random:64ADEA7E030BD7B756965D2FC9F40C74A8BE0B4AFD74EF5AEB074ABD61564848;double_cold:14ADDF87E70BAF45E6325126B04266F5162CFE91439DA28A7B79022D99E20DE5;double_groups:A2C33FF217B5B7E5E23FD2A67505A1AA990EE1883A708D858E1E5B756FAA7211;host_map:2286010652FE0AD54D2C8EE152A76C57A3F755C8535E2CC0888929FDC34DF634;guest_map:3448A3366FE7CC7B0BC2246D0A703C76BA7AE0241739473CFD096A749B513002	rdkit_2026.03.3_canonical_isomeric_preserve_fragments_charge_isotopes_stereo	2026.03.3	CANONICAL_RECURRENCE
double_affected_row	double_cold					both	43	28	43	C06DBA8CB1A01AEB8337B71D87CD1B30E9CBAC6D34129CB5457249ED32FE0331	14818FE10F046EBD0B8696923FD529607C8E7F65FCD645EC173AF08C6F65A94F	0	0	0	1	1	seed_9	1																	one unique affected double-cold measurement row	repro/folds/folds_random.csv;repro/folds/folds_double_cold_test.csv;repro/folds/folds_double_cold_heldout_groups.csv;repro/folds/host_id_map.csv;repro/folds/guest_id_map.csv	random:64ADEA7E030BD7B756965D2FC9F40C74A8BE0B4AFD74EF5AEB074ABD61564848;double_cold:14ADDF87E70BAF45E6325126B04266F5162CFE91439DA28A7B79022D99E20DE5;double_groups:A2C33FF217B5B7E5E23FD2A67505A1AA990EE1883A708D858E1E5B756FAA7211;host_map:2286010652FE0AD54D2C8EE152A76C57A3F755C8535E2CC0888929FDC34DF634;guest_map:3448A3366FE7CC7B0BC2246D0A703C76BA7AE0241739473CFD096A749B513002	rdkit_2026.03.3_canonical_isomeric_preserve_fragments_charge_isotopes_stereo	2026.03.3	CANONICAL_RECURRENCE
double_affected_row	double_cold					both	148	63	126	3C24C9B25872FE0768A640DF44D242D9AEC5F3FA9C167A457997BAE8D628FFF1	4B6B1236F1C31D28D9F95F736FF46B2960AFF4F6FCE3D9E76CF43DE2ADDE8B08	0	0	0	1	1	seed_10	1																	one unique affected double-cold measurement row	repro/folds/folds_random.csv;repro/folds/folds_double_cold_test.csv;repro/folds/folds_double_cold_heldout_groups.csv;repro/folds/host_id_map.csv;repro/folds/guest_id_map.csv	random:64ADEA7E030BD7B756965D2FC9F40C74A8BE0B4AFD74EF5AEB074ABD61564848;double_cold:14ADDF87E70BAF45E6325126B04266F5162CFE91439DA28A7B79022D99E20DE5;double_groups:A2C33FF217B5B7E5E23FD2A67505A1AA990EE1883A708D858E1E5B756FAA7211;host_map:2286010652FE0AD54D2C8EE152A76C57A3F755C8535E2CC0888929FDC34DF634;guest_map:3448A3366FE7CC7B0BC2246D0A703C76BA7AE0241739473CFD096A749B513002	rdkit_2026.03.3_canonical_isomeric_preserve_fragments_charge_isotopes_stereo	2026.03.3	CANONICAL_RECURRENCE
double_affected_row	double_cold					both	264	83	220	22BBC4A6182BB69D6F23E2210FF6FE0897FAD28735E766CF137DD2649852025C	6F01F86620AC902D0CD8F3B98B4E927D3F052E6DEDC983DDF5FABA0A62103F7D	0	0	0	1	1	seed_11	1																	one unique affected double-cold measurement row	repro/folds/folds_random.csv;repro/folds/folds_double_cold_test.csv;repro/folds/folds_double_cold_heldout_groups.csv;repro/folds/host_id_map.csv;repro/folds/guest_id_map.csv	random:64ADEA7E030BD7B756965D2FC9F40C74A8BE0B4AFD74EF5AEB074ABD61564848;double_cold:14ADDF87E70BAF45E6325126B04266F5162CFE91439DA28A7B79022D99E20DE5;double_groups:A2C33FF217B5B7E5E23FD2A67505A1AA990EE1883A708D858E1E5B756FAA7211;host_map:2286010652FE0AD54D2C8EE152A76C57A3F755C8535E2CC0888929FDC34DF634;guest_map:3448A3366FE7CC7B0BC2246D0A703C76BA7AE0241739473CFD096A749B513002	rdkit_2026.03.3_canonical_isomeric_preserve_fragments_charge_isotopes_stereo	2026.03.3	CANONICAL_RECURRENCE
double_affected_row	double_cold					both	386	82	126	943BCEA8586BE526CE8501B61202A05D77257BC2BB9DA3A3C52BD077795B3D50	4B6B1236F1C31D28D9F95F736FF46B2960AFF4F6FCE3D9E76CF43DE2ADDE8B08	0	0	0	1	1	seed_8	1																	one unique affected double-cold measurement row	repro/folds/folds_random.csv;repro/folds/folds_double_cold_test.csv;repro/folds/folds_double_cold_heldout_groups.csv;repro/folds/host_id_map.csv;repro/folds/guest_id_map.csv	random:64ADEA7E030BD7B756965D2FC9F40C74A8BE0B4AFD74EF5AEB074ABD61564848;double_cold:14ADDF87E70BAF45E6325126B04266F5162CFE91439DA28A7B79022D99E20DE5;double_groups:A2C33FF217B5B7E5E23FD2A67505A1AA990EE1883A708D858E1E5B756FAA7211;host_map:2286010652FE0AD54D2C8EE152A76C57A3F755C8535E2CC0888929FDC34DF634;guest_map:3448A3366FE7CC7B0BC2246D0A703C76BA7AE0241739473CFD096A749B513002	rdkit_2026.03.3_canonical_isomeric_preserve_fragments_charge_isotopes_stereo	2026.03.3	CANONICAL_RECURRENCE
double_affected_row	double_cold					both	422	8	326	2526C525F966BEE6CB589BBB60C9F4124C02584847747BDAFF4E92B4462536E8	D6FEDAD390E53EAC3D6B344582A6B5BEC80CB34C617B9276317B4FAD7825C62C	0	0	0	1	1	seed_0	1																	one unique affected double-cold measurement row	repro/folds/folds_random.csv;repro/folds/folds_double_cold_test.csv;repro/folds/folds_double_cold_heldout_groups.csv;repro/folds/host_id_map.csv;repro/folds/guest_id_map.csv	random:64ADEA7E030BD7B756965D2FC9F40C74A8BE0B4AFD74EF5AEB074ABD61564848;double_cold:14ADDF87E70BAF45E6325126B04266F5162CFE91439DA28A7B79022D99E20DE5;double_groups:A2C33FF217B5B7E5E23FD2A67505A1AA990EE1883A708D858E1E5B756FAA7211;host_map:2286010652FE0AD54D2C8EE152A76C57A3F755C8535E2CC0888929FDC34DF634;guest_map:3448A3366FE7CC7B0BC2246D0A703C76BA7AE0241739473CFD096A749B513002	rdkit_2026.03.3_canonical_isomeric_preserve_fragments_charge_isotopes_stereo	2026.03.3	CANONICAL_RECURRENCE
double_affected_row	double_cold					both	480	14	126	C787A22C599703D921FA29CACAF002E9FF6ED12C44482B2905C84DCBDD5B4AC1	4B6B1236F1C31D28D9F95F736FF46B2960AFF4F6FCE3D9E76CF43DE2ADDE8B08	0	0	0	1	1	seed_2	1																	one unique affected double-cold measurement row	repro/folds/folds_random.csv;repro/folds/folds_double_cold_test.csv;repro/folds/folds_double_cold_heldout_groups.csv;repro/folds/host_id_map.csv;repro/folds/guest_id_map.csv	random:64ADEA7E030BD7B756965D2FC9F40C74A8BE0B4AFD74EF5AEB074ABD61564848;double_cold:14ADDF87E70BAF45E6325126B04266F5162CFE91439DA28A7B79022D99E20DE5;double_groups:A2C33FF217B5B7E5E23FD2A67505A1AA990EE1883A708D858E1E5B756FAA7211;host_map:2286010652FE0AD54D2C8EE152A76C57A3F755C8535E2CC0888929FDC34DF634;guest_map:3448A3366FE7CC7B0BC2246D0A703C76BA7AE0241739473CFD096A749B513002	rdkit_2026.03.3_canonical_isomeric_preserve_fragments_charge_isotopes_stereo	2026.03.3	CANONICAL_RECURRENCE
double_affected_row	double_cold					both	532	108	397	BD6B34731933265D03CE9AFCE130892456A328BC5C42751231203ABC90CAB3FC	640E1867764F94CAFE2D991B23E1B000681C8619E07309C47EB26888B7938B6E	0	0	0	1	1	seed_7	1																	one unique affected double-cold measurement row	repro/folds/folds_random.csv;repro/folds/folds_double_cold_test.csv;repro/folds/folds_double_cold_heldout_groups.csv;repro/folds/host_id_map.csv;repro/folds/guest_id_map.csv	random:64ADEA7E030BD7B756965D2FC9F40C74A8BE0B4AFD74EF5AEB074ABD61564848;double_cold:14ADDF87E70BAF45E6325126B04266F5162CFE91439DA28A7B79022D99E20DE5;double_groups:A2C33FF217B5B7E5E23FD2A67505A1AA990EE1883A708D858E1E5B756FAA7211;host_map:2286010652FE0AD54D2C8EE152A76C57A3F755C8535E2CC0888929FDC34DF634;guest_map:3448A3366FE7CC7B0BC2246D0A703C76BA7AE0241739473CFD096A749B513002	rdkit_2026.03.3_canonical_isomeric_preserve_fragments_charge_isotopes_stereo	2026.03.3	CANONICAL_RECURRENCE
double_affected_row	double_cold					both	595	69	437	E69AC36986BDADC1E5A61FE9021251B6D5437DB096F231021CE94D055FF4BCBF	E9397338BFA2DF2426F5EAFAC89A6A669CCB8C215710730D405A0EAD1E19A161	0	0	0	1	1	seed_4	1																	one unique affected double-cold measurement row	repro/folds/folds_random.csv;repro/folds/folds_double_cold_test.csv;repro/folds/folds_double_cold_heldout_groups.csv;repro/folds/host_id_map.csv;repro/folds/guest_id_map.csv	random:64ADEA7E030BD7B756965D2FC9F40C74A8BE0B4AFD74EF5AEB074ABD61564848;double_cold:14ADDF87E70BAF45E6325126B04266F5162CFE91439DA28A7B79022D99E20DE5;double_groups:A2C33FF217B5B7E5E23FD2A67505A1AA990EE1883A708D858E1E5B756FAA7211;host_map:2286010652FE0AD54D2C8EE152A76C57A3F755C8535E2CC0888929FDC34DF634;guest_map:3448A3366FE7CC7B0BC2246D0A703C76BA7AE0241739473CFD096A749B513002	rdkit_2026.03.3_canonical_isomeric_preserve_fragments_charge_isotopes_stereo	2026.03.3	CANONICAL_RECURRENCE
double_affected_row	double_cold					both	616	69	126	E69AC36986BDADC1E5A61FE9021251B6D5437DB096F231021CE94D055FF4BCBF	4B6B1236F1C31D28D9F95F736FF46B2960AFF4F6FCE3D9E76CF43DE2ADDE8B08	0	0	0	1	1	seed_10;seed_8	2																	one unique affected double-cold measurement row	repro/folds/folds_random.csv;repro/folds/folds_double_cold_test.csv;repro/folds/folds_double_cold_heldout_groups.csv;repro/folds/host_id_map.csv;repro/folds/guest_id_map.csv	random:64ADEA7E030BD7B756965D2FC9F40C74A8BE0B4AFD74EF5AEB074ABD61564848;double_cold:14ADDF87E70BAF45E6325126B04266F5162CFE91439DA28A7B79022D99E20DE5;double_groups:A2C33FF217B5B7E5E23FD2A67505A1AA990EE1883A708D858E1E5B756FAA7211;host_map:2286010652FE0AD54D2C8EE152A76C57A3F755C8535E2CC0888929FDC34DF634;guest_map:3448A3366FE7CC7B0BC2246D0A703C76BA7AE0241739473CFD096A749B513002	rdkit_2026.03.3_canonical_isomeric_preserve_fragments_charge_isotopes_stereo	2026.03.3	CANONICAL_RECURRENCE
double_affected_row	double_cold					both	623	64	454	05C5083FBF551B3C1AE048E85E6B7F5EB796F7835740F408D7B4DF1173E7C142	129DC49EF4AB93F0D7CFF5529A53286D3BDA797A045B296BD0D89008262A749F	0	0	0	1	1	seed_2	1																	one unique affected double-cold measurement row	repro/folds/folds_random.csv;repro/folds/folds_double_cold_test.csv;repro/folds/folds_double_cold_heldout_groups.csv;repro/folds/host_id_map.csv;repro/folds/guest_id_map.csv	random:64ADEA7E030BD7B756965D2FC9F40C74A8BE0B4AFD74EF5AEB074ABD61564848;double_cold:14ADDF87E70BAF45E6325126B04266F5162CFE91439DA28A7B79022D99E20DE5;double_groups:A2C33FF217B5B7E5E23FD2A67505A1AA990EE1883A708D858E1E5B756FAA7211;host_map:2286010652FE0AD54D2C8EE152A76C57A3F755C8535E2CC0888929FDC34DF634;guest_map:3448A3366FE7CC7B0BC2246D0A703C76BA7AE0241739473CFD096A749B513002	rdkit_2026.03.3_canonical_isomeric_preserve_fragments_charge_isotopes_stereo	2026.03.3	CANONICAL_RECURRENCE
double_affected_row	double_cold					both	748	45	520	001BA14F081450375618B4DEC192A3633931B27A166EE11658CCCBFAB45E327F	6F01F86620AC902D0CD8F3B98B4E927D3F052E6DEDC983DDF5FABA0A62103F7D	0	0	0	1	1	seed_0	1																	one unique affected double-cold measurement row	repro/folds/folds_random.csv;repro/folds/folds_double_cold_test.csv;repro/folds/folds_double_cold_heldout_groups.csv;repro/folds/host_id_map.csv;repro/folds/guest_id_map.csv	random:64ADEA7E030BD7B756965D2FC9F40C74A8BE0B4AFD74EF5AEB074ABD61564848;double_cold:14ADDF87E70BAF45E6325126B04266F5162CFE91439DA28A7B79022D99E20DE5;double_groups:A2C33FF217B5B7E5E23FD2A67505A1AA990EE1883A708D858E1E5B756FAA7211;host_map:2286010652FE0AD54D2C8EE152A76C57A3F755C8535E2CC0888929FDC34DF634;guest_map:3448A3366FE7CC7B0BC2246D0A703C76BA7AE0241739473CFD096A749B513002	rdkit_2026.03.3_canonical_isomeric_preserve_fragments_charge_isotopes_stereo	2026.03.3	CANONICAL_RECURRENCE
double_affected_row	double_cold					both	959	11	43	E82CB7F52437B0147F435E3074F006752062FF8924E87C1DAF3210D182FF633B	14818FE10F046EBD0B8696923FD529607C8E7F65FCD645EC173AF08C6F65A94F	0	0	0	1	1	seed_11	1																	one unique affected double-cold measurement row	repro/folds/folds_random.csv;repro/folds/folds_double_cold_test.csv;repro/folds/folds_double_cold_heldout_groups.csv;repro/folds/host_id_map.csv;repro/folds/guest_id_map.csv	random:64ADEA7E030BD7B756965D2FC9F40C74A8BE0B4AFD74EF5AEB074ABD61564848;double_cold:14ADDF87E70BAF45E6325126B04266F5162CFE91439DA28A7B79022D99E20DE5;double_groups:A2C33FF217B5B7E5E23FD2A67505A1AA990EE1883A708D858E1E5B756FAA7211;host_map:2286010652FE0AD54D2C8EE152A76C57A3F755C8535E2CC0888929FDC34DF634;guest_map:3448A3366FE7CC7B0BC2246D0A703C76BA7AE0241739473CFD096A749B513002	rdkit_2026.03.3_canonical_isomeric_preserve_fragments_charge_isotopes_stereo	2026.03.3	CANONICAL_RECURRENCE
double_affected_row	double_cold					both	964	108	477	BD6B34731933265D03CE9AFCE130892456A328BC5C42751231203ABC90CAB3FC	4B6B1236F1C31D28D9F95F736FF46B2960AFF4F6FCE3D9E76CF43DE2ADDE8B08	0	0	0	1	1	seed_0	1																	one unique affected double-cold measurement row	repro/folds/folds_random.csv;repro/folds/folds_double_cold_test.csv;repro/folds/folds_double_cold_heldout_groups.csv;repro/folds/host_id_map.csv;repro/folds/guest_id_map.csv	random:64ADEA7E030BD7B756965D2FC9F40C74A8BE0B4AFD74EF5AEB074ABD61564848;double_cold:14ADDF87E70BAF45E6325126B04266F5162CFE91439DA28A7B79022D99E20DE5;double_groups:A2C33FF217B5B7E5E23FD2A67505A1AA990EE1883A708D858E1E5B756FAA7211;host_map:2286010652FE0AD54D2C8EE152A76C57A3F755C8535E2CC0888929FDC34DF634;guest_map:3448A3366FE7CC7B0BC2246D0A703C76BA7AE0241739473CFD096A749B513002	rdkit_2026.03.3_canonical_isomeric_preserve_fragments_charge_isotopes_stereo	2026.03.3	CANONICAL_RECURRENCE
double_affected_row	double_cold					both	1020	8	477	2526C525F966BEE6CB589BBB60C9F4124C02584847747BDAFF4E92B4462536E8	4B6B1236F1C31D28D9F95F736FF46B2960AFF4F6FCE3D9E76CF43DE2ADDE8B08	0	0	0	1	1	seed_0	1																	one unique affected double-cold measurement row	repro/folds/folds_random.csv;repro/folds/folds_double_cold_test.csv;repro/folds/folds_double_cold_heldout_groups.csv;repro/folds/host_id_map.csv;repro/folds/guest_id_map.csv	random:64ADEA7E030BD7B756965D2FC9F40C74A8BE0B4AFD74EF5AEB074ABD61564848;double_cold:14ADDF87E70BAF45E6325126B04266F5162CFE91439DA28A7B79022D99E20DE5;double_groups:A2C33FF217B5B7E5E23FD2A67505A1AA990EE1883A708D858E1E5B756FAA7211;host_map:2286010652FE0AD54D2C8EE152A76C57A3F755C8535E2CC0888929FDC34DF634;guest_map:3448A3366FE7CC7B0BC2246D0A703C76BA7AE0241739473CFD096A749B513002	rdkit_2026.03.3_canonical_isomeric_preserve_fragments_charge_isotopes_stereo	2026.03.3	CANONICAL_RECURRENCE
double_affected_row	double_cold					both	1093	30	126	175E9D01D3A7DD7BE73E9B8659E8BAA0A16B2D5C4CCEFE3BEFED10121429BF10	4B6B1236F1C31D28D9F95F736FF46B2960AFF4F6FCE3D9E76CF43DE2ADDE8B08	0	0	0	1	1	seed_8	1																	one unique affected double-cold measurement row	repro/folds/folds_random.csv;repro/folds/folds_double_cold_test.csv;repro/folds/folds_double_cold_heldout_groups.csv;repro/folds/host_id_map.csv;repro/folds/guest_id_map.csv	random:64ADEA7E030BD7B756965D2FC9F40C74A8BE0B4AFD74EF5AEB074ABD61564848;double_cold:14ADDF87E70BAF45E6325126B04266F5162CFE91439DA28A7B79022D99E20DE5;double_groups:A2C33FF217B5B7E5E23FD2A67505A1AA990EE1883A708D858E1E5B756FAA7211;host_map:2286010652FE0AD54D2C8EE152A76C57A3F755C8535E2CC0888929FDC34DF634;guest_map:3448A3366FE7CC7B0BC2246D0A703C76BA7AE0241739473CFD096A749B513002	rdkit_2026.03.3_canonical_isomeric_preserve_fragments_charge_isotopes_stereo	2026.03.3	CANONICAL_RECURRENCE
double_affected_row	double_cold					both	1105	94	477	BA584CA32AF40B5CC01118169993C3B68F1DD55FC57084F45766D3D97748C6AD	4B6B1236F1C31D28D9F95F736FF46B2960AFF4F6FCE3D9E76CF43DE2ADDE8B08	0	0	0	1	1	seed_0	1																	one unique affected double-cold measurement row	repro/folds/folds_random.csv;repro/folds/folds_double_cold_test.csv;repro/folds/folds_double_cold_heldout_groups.csv;repro/folds/host_id_map.csv;repro/folds/guest_id_map.csv	random:64ADEA7E030BD7B756965D2FC9F40C74A8BE0B4AFD74EF5AEB074ABD61564848;double_cold:14ADDF87E70BAF45E6325126B04266F5162CFE91439DA28A7B79022D99E20DE5;double_groups:A2C33FF217B5B7E5E23FD2A67505A1AA990EE1883A708D858E1E5B756FAA7211;host_map:2286010652FE0AD54D2C8EE152A76C57A3F755C8535E2CC0888929FDC34DF634;guest_map:3448A3366FE7CC7B0BC2246D0A703C76BA7AE0241739473CFD096A749B513002	rdkit_2026.03.3_canonical_isomeric_preserve_fragments_charge_isotopes_stereo	2026.03.3	CANONICAL_RECURRENCE
double_affected_row	double_cold					both	1112	23	477	9CB41F926A4386D7C0E23599753E6EDC60802BE1DCF577DB9B32CBB20691DB1D	4B6B1236F1C31D28D9F95F736FF46B2960AFF4F6FCE3D9E76CF43DE2ADDE8B08	0	0	0	1	1	seed_9	1																	one unique affected double-cold measurement row	repro/folds/folds_random.csv;repro/folds/folds_double_cold_test.csv;repro/folds/folds_double_cold_heldout_groups.csv;repro/folds/host_id_map.csv;repro/folds/guest_id_map.csv	random:64ADEA7E030BD7B756965D2FC9F40C74A8BE0B4AFD74EF5AEB074ABD61564848;double_cold:14ADDF87E70BAF45E6325126B04266F5162CFE91439DA28A7B79022D99E20DE5;double_groups:A2C33FF217B5B7E5E23FD2A67505A1AA990EE1883A708D858E1E5B756FAA7211;host_map:2286010652FE0AD54D2C8EE152A76C57A3F755C8535E2CC0888929FDC34DF634;guest_map:3448A3366FE7CC7B0BC2246D0A703C76BA7AE0241739473CFD096A749B513002	rdkit_2026.03.3_canonical_isomeric_preserve_fragments_charge_isotopes_stereo	2026.03.3	CANONICAL_RECURRENCE
double_affected_row	double_cold					both	1265	1	126	C1130CCDC8DA0C6458EF6C2E07E7F3330D8F8B055CBE4DEAADB70DC00C8CDFC1	4B6B1236F1C31D28D9F95F736FF46B2960AFF4F6FCE3D9E76CF43DE2ADDE8B08	0	0	0	1	1	seed_10;seed_8	2																	one unique affected double-cold measurement row	repro/folds/folds_random.csv;repro/folds/folds_double_cold_test.csv;repro/folds/folds_double_cold_heldout_groups.csv;repro/folds/host_id_map.csv;repro/folds/guest_id_map.csv	random:64ADEA7E030BD7B756965D2FC9F40C74A8BE0B4AFD74EF5AEB074ABD61564848;double_cold:14ADDF87E70BAF45E6325126B04266F5162CFE91439DA28A7B79022D99E20DE5;double_groups:A2C33FF217B5B7E5E23FD2A67505A1AA990EE1883A708D858E1E5B756FAA7211;host_map:2286010652FE0AD54D2C8EE152A76C57A3F755C8535E2CC0888929FDC34DF634;guest_map:3448A3366FE7CC7B0BC2246D0A703C76BA7AE0241739473CFD096A749B513002	rdkit_2026.03.3_canonical_isomeric_preserve_fragments_charge_isotopes_stereo	2026.03.3	CANONICAL_RECURRENCE
double_affected_row	double_cold					both	1282	11	781	E82CB7F52437B0147F435E3074F006752062FF8924E87C1DAF3210D182FF633B	14818FE10F046EBD0B8696923FD529607C8E7F65FCD645EC173AF08C6F65A94F	0	0	0	1	1	seed_2	1																	one unique affected double-cold measurement row	repro/folds/folds_random.csv;repro/folds/folds_double_cold_test.csv;repro/folds/folds_double_cold_heldout_groups.csv;repro/folds/host_id_map.csv;repro/folds/guest_id_map.csv	random:64ADEA7E030BD7B756965D2FC9F40C74A8BE0B4AFD74EF5AEB074ABD61564848;double_cold:14ADDF87E70BAF45E6325126B04266F5162CFE91439DA28A7B79022D99E20DE5;double_groups:A2C33FF217B5B7E5E23FD2A67505A1AA990EE1883A708D858E1E5B756FAA7211;host_map:2286010652FE0AD54D2C8EE152A76C57A3F755C8535E2CC0888929FDC34DF634;guest_map:3448A3366FE7CC7B0BC2246D0A703C76BA7AE0241739473CFD096A749B513002	rdkit_2026.03.3_canonical_isomeric_preserve_fragments_charge_isotopes_stereo	2026.03.3	CANONICAL_RECURRENCE
double_affected_row	double_cold					both	1292	69	437	E69AC36986BDADC1E5A61FE9021251B6D5437DB096F231021CE94D055FF4BCBF	E9397338BFA2DF2426F5EAFAC89A6A669CCB8C215710730D405A0EAD1E19A161	0	0	0	1	1	seed_4	1																	one unique affected double-cold measurement row	repro/folds/folds_random.csv;repro/folds/folds_double_cold_test.csv;repro/folds/folds_double_cold_heldout_groups.csv;repro/folds/host_id_map.csv;repro/folds/guest_id_map.csv	random:64ADEA7E030BD7B756965D2FC9F40C74A8BE0B4AFD74EF5AEB074ABD61564848;double_cold:14ADDF87E70BAF45E6325126B04266F5162CFE91439DA28A7B79022D99E20DE5;double_groups:A2C33FF217B5B7E5E23FD2A67505A1AA990EE1883A708D858E1E5B756FAA7211;host_map:2286010652FE0AD54D2C8EE152A76C57A3F755C8535E2CC0888929FDC34DF634;guest_map:3448A3366FE7CC7B0BC2246D0A703C76BA7AE0241739473CFD096A749B513002	rdkit_2026.03.3_canonical_isomeric_preserve_fragments_charge_isotopes_stereo	2026.03.3	CANONICAL_RECURRENCE
double_affected_row	double_cold					both	1363	87	808	A699E12937358A216FBA45A53678131D8F7DBBB042BA5E7F52621C78F0465945	0B02CE89B1DB28D22345212D26E06F3F4037FC87280F51638F33F1C22928BCE8	0	0	0	1	1	seed_10	1																	one unique affected double-cold measurement row	repro/folds/folds_random.csv;repro/folds/folds_double_cold_test.csv;repro/folds/folds_double_cold_heldout_groups.csv;repro/folds/host_id_map.csv;repro/folds/guest_id_map.csv	random:64ADEA7E030BD7B756965D2FC9F40C74A8BE0B4AFD74EF5AEB074ABD61564848;double_cold:14ADDF87E70BAF45E6325126B04266F5162CFE91439DA28A7B79022D99E20DE5;double_groups:A2C33FF217B5B7E5E23FD2A67505A1AA990EE1883A708D858E1E5B756FAA7211;host_map:2286010652FE0AD54D2C8EE152A76C57A3F755C8535E2CC0888929FDC34DF634;guest_map:3448A3366FE7CC7B0BC2246D0A703C76BA7AE0241739473CFD096A749B513002	rdkit_2026.03.3_canonical_isomeric_preserve_fragments_charge_isotopes_stereo	2026.03.3	CANONICAL_RECURRENCE
double_affected_row	double_cold					both	1441	69	126	E69AC36986BDADC1E5A61FE9021251B6D5437DB096F231021CE94D055FF4BCBF	4B6B1236F1C31D28D9F95F736FF46B2960AFF4F6FCE3D9E76CF43DE2ADDE8B08	0	0	0	1	1	seed_10;seed_8	2																	one unique affected double-cold measurement row	repro/folds/folds_random.csv;repro/folds/folds_double_cold_test.csv;repro/folds/folds_double_cold_heldout_groups.csv;repro/folds/host_id_map.csv;repro/folds/guest_id_map.csv	random:64ADEA7E030BD7B756965D2FC9F40C74A8BE0B4AFD74EF5AEB074ABD61564848;double_cold:14ADDF87E70BAF45E6325126B04266F5162CFE91439DA28A7B79022D99E20DE5;double_groups:A2C33FF217B5B7E5E23FD2A67505A1AA990EE1883A708D858E1E5B756FAA7211;host_map:2286010652FE0AD54D2C8EE152A76C57A3F755C8535E2CC0888929FDC34DF634;guest_map:3448A3366FE7CC7B0BC2246D0A703C76BA7AE0241739473CFD096A749B513002	rdkit_2026.03.3_canonical_isomeric_preserve_fragments_charge_isotopes_stereo	2026.03.3	CANONICAL_RECURRENCE
double_affected_row	double_cold					both	1454	64	781	05C5083FBF551B3C1AE048E85E6B7F5EB796F7835740F408D7B4DF1173E7C142	14818FE10F046EBD0B8696923FD529607C8E7F65FCD645EC173AF08C6F65A94F	0	0	0	1	1	seed_2;seed_3	2																	one unique affected double-cold measurement row	repro/folds/folds_random.csv;repro/folds/folds_double_cold_test.csv;repro/folds/folds_double_cold_heldout_groups.csv;repro/folds/host_id_map.csv;repro/folds/guest_id_map.csv	random:64ADEA7E030BD7B756965D2FC9F40C74A8BE0B4AFD74EF5AEB074ABD61564848;double_cold:14ADDF87E70BAF45E6325126B04266F5162CFE91439DA28A7B79022D99E20DE5;double_groups:A2C33FF217B5B7E5E23FD2A67505A1AA990EE1883A708D858E1E5B756FAA7211;host_map:2286010652FE0AD54D2C8EE152A76C57A3F755C8535E2CC0888929FDC34DF634;guest_map:3448A3366FE7CC7B0BC2246D0A703C76BA7AE0241739473CFD096A749B513002	rdkit_2026.03.3_canonical_isomeric_preserve_fragments_charge_isotopes_stereo	2026.03.3	CANONICAL_RECURRENCE
double_affected_row	double_cold					both	1611	1	897	C1130CCDC8DA0C6458EF6C2E07E7F3330D8F8B055CBE4DEAADB70DC00C8CDFC1	129DC49EF4AB93F0D7CFF5529A53286D3BDA797A045B296BD0D89008262A749F	0	0	0	1	1	seed_8	1																	one unique affected double-cold measurement row	repro/folds/folds_random.csv;repro/folds/folds_double_cold_test.csv;repro/folds/folds_double_cold_heldout_groups.csv;repro/folds/host_id_map.csv;repro/folds/guest_id_map.csv	random:64ADEA7E030BD7B756965D2FC9F40C74A8BE0B4AFD74EF5AEB074ABD61564848;double_cold:14ADDF87E70BAF45E6325126B04266F5162CFE91439DA28A7B79022D99E20DE5;double_groups:A2C33FF217B5B7E5E23FD2A67505A1AA990EE1883A708D858E1E5B756FAA7211;host_map:2286010652FE0AD54D2C8EE152A76C57A3F755C8535E2CC0888929FDC34DF634;guest_map:3448A3366FE7CC7B0BC2246D0A703C76BA7AE0241739473CFD096A749B513002	rdkit_2026.03.3_canonical_isomeric_preserve_fragments_charge_isotopes_stereo	2026.03.3	CANONICAL_RECURRENCE
double_affected_row	double_cold					both	1758	52	126	89AB142F8D041F89710D49168CBEF0FA0D792576B82031818BFF7C2DE5D92117	4B6B1236F1C31D28D9F95F736FF46B2960AFF4F6FCE3D9E76CF43DE2ADDE8B08	0	0	0	1	1	seed_10;seed_8	2																	one unique affected double-cold measurement row	repro/folds/folds_random.csv;repro/folds/folds_double_cold_test.csv;repro/folds/folds_double_cold_heldout_groups.csv;repro/folds/host_id_map.csv;repro/folds/guest_id_map.csv	random:64ADEA7E030BD7B756965D2FC9F40C74A8BE0B4AFD74EF5AEB074ABD61564848;double_cold:14ADDF87E70BAF45E6325126B04266F5162CFE91439DA28A7B79022D99E20DE5;double_groups:A2C33FF217B5B7E5E23FD2A67505A1AA990EE1883A708D858E1E5B756FAA7211;host_map:2286010652FE0AD54D2C8EE152A76C57A3F755C8535E2CC0888929FDC34DF634;guest_map:3448A3366FE7CC7B0BC2246D0A703C76BA7AE0241739473CFD096A749B513002	rdkit_2026.03.3_canonical_isomeric_preserve_fragments_charge_isotopes_stereo	2026.03.3	CANONICAL_RECURRENCE
double_affected_row	double_cold					both	1839	55	18	46CD7FE84C8D6C4EF795EC2A85AC98203C8613778274664FF650C7423640E7D1	640E1867764F94CAFE2D991B23E1B000681C8619E07309C47EB26888B7938B6E	0	0	0	1	1	seed_0	1																	one unique affected double-cold measurement row	repro/folds/folds_random.csv;repro/folds/folds_double_cold_test.csv;repro/folds/folds_double_cold_heldout_groups.csv;repro/folds/host_id_map.csv;repro/folds/guest_id_map.csv	random:64ADEA7E030BD7B756965D2FC9F40C74A8BE0B4AFD74EF5AEB074ABD61564848;double_cold:14ADDF87E70BAF45E6325126B04266F5162CFE91439DA28A7B79022D99E20DE5;double_groups:A2C33FF217B5B7E5E23FD2A67505A1AA990EE1883A708D858E1E5B756FAA7211;host_map:2286010652FE0AD54D2C8EE152A76C57A3F755C8535E2CC0888929FDC34DF634;guest_map:3448A3366FE7CC7B0BC2246D0A703C76BA7AE0241739473CFD096A749B513002	rdkit_2026.03.3_canonical_isomeric_preserve_fragments_charge_isotopes_stereo	2026.03.3	CANONICAL_RECURRENCE
double_affected_row	double_cold					both	1910	1	397	C1130CCDC8DA0C6458EF6C2E07E7F3330D8F8B055CBE4DEAADB70DC00C8CDFC1	640E1867764F94CAFE2D991B23E1B000681C8619E07309C47EB26888B7938B6E	0	0	0	1	1	seed_10	1																	one unique affected double-cold measurement row	repro/folds/folds_random.csv;repro/folds/folds_double_cold_test.csv;repro/folds/folds_double_cold_heldout_groups.csv;repro/folds/host_id_map.csv;repro/folds/guest_id_map.csv	random:64ADEA7E030BD7B756965D2FC9F40C74A8BE0B4AFD74EF5AEB074ABD61564848;double_cold:14ADDF87E70BAF45E6325126B04266F5162CFE91439DA28A7B79022D99E20DE5;double_groups:A2C33FF217B5B7E5E23FD2A67505A1AA990EE1883A708D858E1E5B756FAA7211;host_map:2286010652FE0AD54D2C8EE152A76C57A3F755C8535E2CC0888929FDC34DF634;guest_map:3448A3366FE7CC7B0BC2246D0A703C76BA7AE0241739473CFD096A749B513002	rdkit_2026.03.3_canonical_isomeric_preserve_fragments_charge_isotopes_stereo	2026.03.3	CANONICAL_RECURRENCE
double_affected_row	double_cold					both	1943	63	18	3C24C9B25872FE0768A640DF44D242D9AEC5F3FA9C167A457997BAE8D628FFF1	640E1867764F94CAFE2D991B23E1B000681C8619E07309C47EB26888B7938B6E	0	0	0	1	1	seed_0	1																	one unique affected double-cold measurement row	repro/folds/folds_random.csv;repro/folds/folds_double_cold_test.csv;repro/folds/folds_double_cold_heldout_groups.csv;repro/folds/host_id_map.csv;repro/folds/guest_id_map.csv	random:64ADEA7E030BD7B756965D2FC9F40C74A8BE0B4AFD74EF5AEB074ABD61564848;double_cold:14ADDF87E70BAF45E6325126B04266F5162CFE91439DA28A7B79022D99E20DE5;double_groups:A2C33FF217B5B7E5E23FD2A67505A1AA990EE1883A708D858E1E5B756FAA7211;host_map:2286010652FE0AD54D2C8EE152A76C57A3F755C8535E2CC0888929FDC34DF634;guest_map:3448A3366FE7CC7B0BC2246D0A703C76BA7AE0241739473CFD096A749B513002	rdkit_2026.03.3_canonical_isomeric_preserve_fragments_charge_isotopes_stereo	2026.03.3	CANONICAL_RECURRENCE
double_affected_row	double_cold					both	2156	99	126	9C5AE9DC33FB7183D6DE570E4F40C5ED225E59EFD3C7E5485333524BCCF933C0	4B6B1236F1C31D28D9F95F736FF46B2960AFF4F6FCE3D9E76CF43DE2ADDE8B08	0	0	0	1	1	seed_10;seed_8	2																	one unique affected double-cold measurement row	repro/folds/folds_random.csv;repro/folds/folds_double_cold_test.csv;repro/folds/folds_double_cold_heldout_groups.csv;repro/folds/host_id_map.csv;repro/folds/guest_id_map.csv	random:64ADEA7E030BD7B756965D2FC9F40C74A8BE0B4AFD74EF5AEB074ABD61564848;double_cold:14ADDF87E70BAF45E6325126B04266F5162CFE91439DA28A7B79022D99E20DE5;double_groups:A2C33FF217B5B7E5E23FD2A67505A1AA990EE1883A708D858E1E5B756FAA7211;host_map:2286010652FE0AD54D2C8EE152A76C57A3F755C8535E2CC0888929FDC34DF634;guest_map:3448A3366FE7CC7B0BC2246D0A703C76BA7AE0241739473CFD096A749B513002	rdkit_2026.03.3_canonical_isomeric_preserve_fragments_charge_isotopes_stereo	2026.03.3	CANONICAL_RECURRENCE
double_affected_row	double_cold					both	2221	188	397	2DC65D621E765ED6549674FF1EC52FA438C064AF813048BB637692837EF09315	640E1867764F94CAFE2D991B23E1B000681C8619E07309C47EB26888B7938B6E	0	0	0	1	1	seed_10	1																	one unique affected double-cold measurement row	repro/folds/folds_random.csv;repro/folds/folds_double_cold_test.csv;repro/folds/folds_double_cold_heldout_groups.csv;repro/folds/host_id_map.csv;repro/folds/guest_id_map.csv	random:64ADEA7E030BD7B756965D2FC9F40C74A8BE0B4AFD74EF5AEB074ABD61564848;double_cold:14ADDF87E70BAF45E6325126B04266F5162CFE91439DA28A7B79022D99E20DE5;double_groups:A2C33FF217B5B7E5E23FD2A67505A1AA990EE1883A708D858E1E5B756FAA7211;host_map:2286010652FE0AD54D2C8EE152A76C57A3F755C8535E2CC0888929FDC34DF634;guest_map:3448A3366FE7CC7B0BC2246D0A703C76BA7AE0241739473CFD096A749B513002	rdkit_2026.03.3_canonical_isomeric_preserve_fragments_charge_isotopes_stereo	2026.03.3	CANONICAL_RECURRENCE
double_affected_row	double_cold					both	2226	188	897	2DC65D621E765ED6549674FF1EC52FA438C064AF813048BB637692837EF09315	129DC49EF4AB93F0D7CFF5529A53286D3BDA797A045B296BD0D89008262A749F	0	0	0	1	1	seed_8	1																	one unique affected double-cold measurement row	repro/folds/folds_random.csv;repro/folds/folds_double_cold_test.csv;repro/folds/folds_double_cold_heldout_groups.csv;repro/folds/host_id_map.csv;repro/folds/guest_id_map.csv	random:64ADEA7E030BD7B756965D2FC9F40C74A8BE0B4AFD74EF5AEB074ABD61564848;double_cold:14ADDF87E70BAF45E6325126B04266F5162CFE91439DA28A7B79022D99E20DE5;double_groups:A2C33FF217B5B7E5E23FD2A67505A1AA990EE1883A708D858E1E5B756FAA7211;host_map:2286010652FE0AD54D2C8EE152A76C57A3F755C8535E2CC0888929FDC34DF634;guest_map:3448A3366FE7CC7B0BC2246D0A703C76BA7AE0241739473CFD096A749B513002	rdkit_2026.03.3_canonical_isomeric_preserve_fragments_charge_isotopes_stereo	2026.03.3	CANONICAL_RECURRENCE
