host_id,n_measurements,SSE,mean_observed,mean_predicted,SSE_share
2,26,36.43690825054068,3.1065038419686832,2.8134987445978017,0.006210802319315775
6,7,20.237688957673473,3.596671453544072,4.691937719072614,0.0034495870135755695
11,261,5446.6237520204295,5.4332624596197485,6.815631715730689,0.9283966465784568
13,8,15.069570713021903,7.405312538146973,6.899565279483795,0.0025686626343809148
19,11,40.916665615907164,4.92886361208829,4.246195272965864,0.0069743931059840485
20,22,45.753571036955236,6.961095506494695,6.427325118671764,0.007798861065800882
24,14,12.11202747382572,3.1578500270843506,3.8747284752982005,0.002064538731134986
27,10,20.251273275916716,2.0378600001335143,3.2119144439697265,0.003451902509574059
41,4,13.094016550655226,4.69994992017746,2.9237518310546875,0.0022319223080833664
54,5,4.85814537366214,2.8072399854660035,3.4310203552246095,0.0008280883862825075
55,9,1.6387203401766044,2.285511122809516,2.5783357090420194,0.00027932578745420213
60,7,48.95860204345087,6.628685712814331,5.237995760781424,0.008345170150856875
74,6,0.44120558821799705,2.754883329073588,2.515871206919352,7.520508248826943e-05
79,4,32.06080493584926,1.9625000357627869,4.6878156661987305,0.005464879739124092
80,1,1.0574053994869246,6.361700057983398,5.33339786529541,0.00018023856092381173
83,16,41.40827604591425,4.0618812292814255,5.290366426110268,0.007058189875399646
88,2,1.4975759864355496,7.016499996185303,6.152546405792236,0.0002552672237158734
90,5,3.7324481835109964,6.1195399284362795,6.177120208740234,0.0006362092435362449
97,3,1.1632680612015065,4.872766653696696,4.4818196296691895,0.00019828323311128006
99,9,2.275102922221052,2.173888908492194,2.5338428815205893,0.0003877994919012628
108,8,31.38109184421029,5.081087499856949,5.886104345321655,0.005349020193166101
109,9,5.167631084575078,2.0388666788736978,2.480539745754666,0.0008808413410040335
113,4,1.9728324816343275,3.3153499960899353,2.923265516757965,0.000336276406008574
119,1,0.46686503006276325,6.728099822998047,6.044824600219727,7.957882681986917e-05
127,4,5.098347894671008,4.0578500628471375,4.525346636772156,0.0008690317716084356
128,2,1.1392812834219654,2.224999964237213,2.6261136531829834,0.00019419460039739233
137,3,1.9119097911188874,5.188733259836833,4.4089023272196455,0.00032589191386257424
140,1,5.620752642714763,3.8636999130249023,1.492887258529663,0.0009580775435071416
148,4,7.57008225402393,3.8398249745368958,2.5179978609085083,0.0012903478005712888
149,1,6.861477567506938,1.0,3.6194422245025635,0.001169563578149441
162,3,1.2216718792589063,3.5879666805267334,2.9519081910451255,0.00020823837436952368
163,1,0.5943754204565721,5.37470006942749,4.603742599487305,0.00010131343237282457
170,1,2.9196530462295414,6.322199821472168,4.613500595092773,0.0004976653833095382
173,2,2.0434344258542296,2.6516000032424927,2.058815121650696,0.0003483107618297121
176,1,1.2591059923906869,5.361700057983398,4.239601135253906,0.0002146191538544829
182,1,0.19776148518127457,3.6089999675750732,4.053703784942627,3.370915782397554e-05
187,1,1.6857767391959442,2.5999999046325684,3.898374557495117,0.00028734672024461325
