model,seed,fold,n_measurements,guarded_R2,standard_R2,rho,slope,offset,MAE,prediction_sd,constant_guard
AttentiveFP,0,0,477,0.4122127890586853,0.4122127890586853,0.732159839386458,0.806393831114941,-0.5585951805114746,1.298126459121704,1.922244906425476,False
AttentiveFP,0,1,477,0.323181688785553,0.323181688785553,0.6287811351530573,0.746729379477566,0.3513174057006836,1.3846558332443237,1.9420390129089355,False
AttentiveFP,0,2,477,0.46237391233444214,0.46237391233444214,0.5991183180463098,0.7936437341097138,0.1304931640625,0.8214156031608582,1.3757376670837402,False
AttentiveFP,0,3,476,0.3515893816947937,0.3515893816947937,0.6899748730172158,1.2521521841877814,0.4792344570159912,1.058760166168213,0.9441510438919067,False
AttentiveFP,0,4,476,-0.19643640518188477,-0.19643640518188477,0.3939746329754828,0.4515538818408713,-0.5543806552886963,1.2664120197296143,1.3955475091934204,False
AttentiveFP,1,0,477,0.24354279041290283,0.24354279041290283,0.7009838121074687,0.6243540054346824,-0.3210129737854004,1.3874214887619019,2.247659921646118,False
AttentiveFP,1,1,477,0.285591185092926,0.285591185092926,0.6450803503217417,0.7192748886613554,0.350616455078125,1.4126731157302856,1.9446697235107422,False
AttentiveFP,1,2,477,0.5002681016921997,0.5002681016921997,0.5760157542016974,0.9281492685868122,0.12048459053039551,0.8020585179328918,1.1831680536270142,False
AttentiveFP,1,3,476,0.38750749826431274,0.38750749826431274,0.6687927332007322,1.0917596595658146,0.44551920890808105,1.0666831731796265,1.0966389179229736,False
AttentiveFP,1,4,476,-0.18573498725891113,-0.18573498725891113,0.4349583125940564,0.4325079843899456,-0.3428003787994385,1.2542186975479126,1.613707423210144,False
AttentiveFP,2,0,477,0.4158751964569092,0.4158751964569092,0.7029201836142589,0.8782764540165214,-0.32447385787963867,1.2818880081176758,1.6560577154159546,False
AttentiveFP,2,1,477,0.2885376811027527,0.2885376811027527,0.6244609592236128,0.8848013333801116,0.5599493980407715,1.3843932151794434,1.5566771030426025,False
AttentiveFP,2,2,477,0.45864206552505493,0.45864206552505493,0.5881356054963233,0.7828263134523844,0.20591974258422852,0.8524187803268433,1.41219162940979,False
AttentiveFP,2,3,476,0.5025373101234436,0.5025373101234436,0.7330784445581514,0.9746700455050518,0.13442087173461914,0.9378414750099182,1.3008517026901245,False
AttentiveFP,2,4,476,-0.4209866523742676,-0.4209866523742676,0.3158714604849923,0.3228633704021366,-0.3706231117248535,1.3843947649002075,1.6164746284484863,False
AttentiveFP,3,0,477,0.5220644474029541,0.5220644474029541,0.755366263403395,0.9251954186251334,-0.16871356964111328,1.124829888343811,1.7149207592010498,False
AttentiveFP,3,1,477,0.3120453953742981,0.3120453953742981,0.6466082470417881,0.9749743886192029,0.5263419151306152,1.3672542572021484,1.4345099925994873,False
AttentiveFP,3,2,477,0.4902538061141968,0.4902538061141968,0.5922014913284736,0.8607239034409923,0.09273362159729004,0.8168840408325195,1.272984504699707,False
AttentiveFP,3,3,476,0.42246246337890625,0.42246246337890625,0.7305287651119478,1.2410208979829978,0.41213083267211914,1.0159854888916016,1.00777268409729,False
AttentiveFP,3,4,476,-0.18462061882019043,-0.18462061882019043,0.40259912619041927,0.43840401504889076,-0.3933446407318115,1.2482609748840332,1.590106725692749,False
AttentiveFP,4,0,477,-1.596954107284546,-1.596954107284546,0.7352027519671642,0.24363675589271205,-0.7871427536010742,1.7169468402862549,3.680006504058838,False
AttentiveFP,4,1,477,0.31565213203430176,0.31565213203430176,0.6475474942790364,0.9056332653099457,0.40016794204711914,1.3712321519851685,1.5130764245986938,False
AttentiveFP,4,2,477,0.48059380054473877,0.48059380054473877,0.5708346424158792,0.8313907233453435,0.09339499473571777,0.8221579790115356,1.3151473999023438,False
AttentiveFP,4,3,476,0.4902319312095642,0.4902319312095642,0.7369402830948645,1.064643647711496,0.25088024139404297,0.943352460861206,1.1949312686920166,False
AttentiveFP,4,4,476,-0.32042062282562256,-0.32042062282562256,0.422213536564197,0.43202189543167946,-0.696824312210083,1.3202648162841797,1.5426905155181885,False
GINE,0,0,477,0.38833582401275635,0.38833582401275635,0.6542905368636044,0.848881770512435,0.45030689239501953,1.2771164178848267,1.7106715440750122,False
GINE,0,1,477,0.33567363023757935,0.33567363023757935,0.6486550437370255,0.8430001031693062,0.6324114799499512,1.3910833597183228,1.792750597000122,False
GINE,0,2,477,0.3608543872833252,0.3608543872833252,0.5594026184836383,0.7773344726972142,0.45774412155151367,0.9472998380661011,1.384832501411438,False
GINE,0,3,476,0.3912196159362793,0.3912196159362793,0.6505834776136542,0.9095776826651287,-0.019672870635986328,1.0656530857086182,1.2288347482681274,False
GINE,0,4,476,-0.47446370124816895,-0.47446370124816895,0.3716051581533323,0.3544774627010855,-0.6198441982269287,1.3768835067749023,1.672273874282837,False
GINE,1,0,477,0.3671976327896118,0.3671976327896118,0.649686307634252,0.8833244837280508,0.4855780601501465,1.2938283681869507,1.60496985912323,False
GINE,1,1,477,0.1664709448814392,0.1664709448814392,0.6094915297347506,0.6411439856599331,0.6575989723205566,1.5778247117996216,2.1685638427734375,False
GINE,1,2,477,0.24172961711883545,0.24172961711883545,0.5771580727581177,0.7782933592903916,0.6832458972930908,1.0301144123077393,1.3663064241409302,False
GINE,1,3,476,0.3466449975967407,0.3466449975967407,0.6466938013634715,0.8439248449179222,0.309645414352417,1.101135492324829,1.3161648511886597,False
GINE,1,4,476,-0.5289628505706787,-0.5289628505706787,0.3670882389564009,0.33497906896254864,-0.556344747543335,1.3898289203643799,1.7633352279663086,False
GINE,2,0,477,0.22687220573425293,0.22687220573425293,0.5894425622850714,0.7415865068340236,0.6755237579345703,1.4409760236740112,1.7799490690231323,False
GINE,2,1,477,0.302375853061676,0.302375853061676,0.6437411216816057,0.7591543604573822,0.5243005752563477,1.4201035499572754,1.9149658679962158,False
GINE,2,2,477,0.24685800075531006,0.24685800075531006,0.5916280573757752,0.752127332578712,0.6201193332672119,1.0515388250350952,1.3861603736877441,False
GINE,2,3,476,0.36864012479782104,0.36864012479782104,0.6768418576667591,0.9269518150488849,0.3028576374053955,1.0663117170333862,1.2132474184036255,False
GINE,2,4,476,-0.49206483364105225,-0.49206483364105225,0.32315301742225877,0.3318713297223508,-0.6156768798828125,1.4363703727722168,1.6024926900863647,False
GINE,3,0,477,0.32924413681030273,0.32924413681030273,0.653089315806415,0.7039243383272309,0.2539081573486328,1.3149445056915283,1.9953196048736572,False
GINE,3,1,477,0.2817382216453552,0.2817382216453552,0.6279482305442202,0.8669531141395496,0.6288776397705078,1.4321097135543823,1.6133655309677124,False
GINE,3,2,477,0.35632920265197754,0.35632920265197754,0.5773857296879273,0.751411461049181,0.3970787525177002,0.9435561299324036,1.41105055809021,False
GINE,3,3,476,0.3345922827720642,0.3345922827720642,0.6406192124154395,0.7858831479755897,0.2116224765777588,1.078468918800354,1.388522744178772,False
GINE,3,4,476,-0.6233794689178467,-0.6233794689178467,0.35836059326058034,0.3127317697827609,-0.5863587856292725,1.426277995109558,1.8124475479125977,False
GINE,4,0,477,0.2610200047492981,0.2610200047492981,0.6065075526235414,0.7188001854265488,0.576235294342041,1.4290684461593628,1.8930715322494507,False
GINE,4,1,477,0.302497923374176,0.302497923374176,0.604570691792226,0.781163576943496,0.49781274795532227,1.4183965921401978,1.8256667852401733,False
GINE,4,2,477,0.2985115051269531,0.2985115051269531,0.6017031385364215,0.8570064453318893,0.5990536212921143,0.9827982783317566,1.2215756177902222,False
GINE,4,3,476,0.37010258436203003,0.37010258436203003,0.6484270129336184,0.8459383206688912,-0.11963653564453125,1.0743138790130615,1.3082351684570312,False
GINE,4,4,476,-0.43568289279937744,-0.43568289279937744,0.34109694820157666,0.3626037418823242,-0.6274909973144531,1.4276012182235718,1.6033755540847778,False
