model,family,metric,n_seeds,mean,sample_sd,minimum,maximum,flag
AttentiveFP,calixarene,guarded_R2,5,0.13479093313217164,0.32580256033537985,-0.4131249189376831,0.3639683723449707,ok
AttentiveFP,calixarene,rho,5,0.59547258342646,0.04294733846987195,0.5577056205289349,0.6549293738662791,ok
AttentiveFP,calixarene,slope,5,0.753518085614631,0.2921371250500422,0.4076988753132557,1.2109117164319618,ok
AttentiveFP,calixarene,offset,5,-0.19103455543518066,0.43229009907398047,-0.6037096977233887,0.394589900970459,ok
AttentiveFP,calixarene,MAE,5,1.0879228115081787,0.17254855845501993,0.952470600605011,1.3511472940444946,ok
AttentiveFP,cavitand,guarded_R2,5,-0.22069880962371827,0.36696019476168296,-0.48185694217681885,0.3322427272796631,NO_CONCLUSION_small
AttentiveFP,cavitand,rho,5,0.3720058422590069,0.19272876371601078,0.1258763388510224,0.5965920155793574,NO_CONCLUSION_small
AttentiveFP,cavitand,slope,5,0.6228589264408282,0.202651787886697,0.3604481669780459,0.8726787285975616,NO_CONCLUSION_small
AttentiveFP,cavitand,offset,5,0.7936007022857666,0.41247633672836026,0.12068629264831543,1.1559274196624756,NO_CONCLUSION_small
AttentiveFP,cavitand,MAE,5,1.4284318208694458,0.25341751506079807,1.0188738107681274,1.6151106357574463,NO_CONCLUSION_small
AttentiveFP,crown_ether,guarded_R2,5,-0.20355011224746705,0.30298599351098454,-0.6798841953277588,0.09592360258102417,NO_CONCLUSION_small
AttentiveFP,crown_ether,rho,5,0.43547326404312087,0.0587382292615398,0.35961027460574463,0.4926168145284173,NO_CONCLUSION_small
AttentiveFP,crown_ether,slope,5,0.7223314974205008,0.22222483473171928,0.5055140318722933,1.0529952823579534,NO_CONCLUSION_small
AttentiveFP,crown_ether,offset,5,-0.6228745937347412,0.22410862348257785,-0.9983131885528564,-0.4397871494293213,NO_CONCLUSION_small
AttentiveFP,crown_ether,MAE,5,0.9913826227188111,0.13100118695983892,0.8294863700866699,1.195769190788269,NO_CONCLUSION_small
AttentiveFP,cucurbituril,guarded_R2,5,0.019213974475860596,0.12671828031138155,-0.12612402439117432,0.15981829166412354,ok
AttentiveFP,cucurbituril,rho,5,0.37616422261636373,0.15757678238531989,0.18920898650150525,0.5452148243004645,ok
AttentiveFP,cucurbituril,slope,5,0.9540420426061873,0.5201138858315106,0.40003303288257025,1.7116243909312134,ok
AttentiveFP,cucurbituril,offset,5,0.5705695152282715,0.26103222031892176,0.27524709701538086,0.9440698623657227,ok
AttentiveFP,cucurbituril,MAE,5,1.7198469161987304,0.1342344270827444,1.569630742073059,1.8481435775756836,ok
AttentiveFP,cyclodextrin,guarded_R2,5,-1.8410481691360474,1.0051451393701283,-2.622472047805786,-0.7356327772140503,ok
AttentiveFP,cyclodextrin,rho,5,0.39345275630441034,0.11393724404705807,0.25731149825149324,0.5603420138926979,ok
AttentiveFP,cyclodextrin,slope,5,0.3351756999703516,0.08378599434580639,0.23710425011512534,0.44055518268011995,ok
AttentiveFP,cyclodextrin,offset,5,-0.32548620700836184,1.2988539676207524,-1.7518484592437744,1.1061838865280151,ok
AttentiveFP,cyclodextrin,MAE,5,1.5328736782073975,0.3234473562281046,1.1435774564743042,1.811026692390442,ok
AttentiveFP,cyclophane,guarded_R2,5,0.21962646245956421,0.13977696327366648,0.040212273597717285,0.3988238573074341,NO_CONCLUSION_small
AttentiveFP,cyclophane,rho,5,0.6816890062863159,0.03578034651918868,0.6326758189274639,0.7149127104691619,NO_CONCLUSION_small
AttentiveFP,cyclophane,slope,5,0.7454674736116484,0.12773306615326674,0.5940962492662882,0.9446028817069685,NO_CONCLUSION_small
AttentiveFP,cyclophane,offset,5,-0.09136991500854492,0.46477409942330067,-0.5525102615356445,0.5158209800720215,NO_CONCLUSION_small
AttentiveFP,cyclophane,MAE,5,0.7333172678947448,0.07655077744877764,0.6258692145347595,0.8082583546638489,NO_CONCLUSION_small
AttentiveFP,other,guarded_R2,5,0.051300978660583495,0.07911467702782071,-0.08376097679138184,0.10952413082122803,ok
AttentiveFP,other,rho,5,0.4271652302084328,0.033744757943044615,0.3729925209300366,0.4640680113892908,ok
AttentiveFP,other,slope,5,0.5651157377606439,0.07043519856675155,0.45434069583287456,0.6400321923506285,ok
AttentiveFP,other,offset,5,-0.11826353073120117,0.11996289909936639,-0.2913248538970947,0.04291868209838867,ok
AttentiveFP,other,MAE,5,1.2811691522598267,0.05212524233586202,1.2295299768447876,1.3660497665405273,ok
AttentiveFP,pillararene,guarded_R2,5,-4.408735656738282,1.940849885288988,-6.957723617553711,-1.978623390197754,NO_CONCLUSION_small
AttentiveFP,pillararene,rho,5,0.21160608688247956,0.17599512770280368,-0.05010614340945219,0.42849503364577457,NO_CONCLUSION_small
AttentiveFP,pillararene,slope,5,0.15744207611030347,0.10439938672261416,0.006155579897403991,0.29788653671433957,NO_CONCLUSION_small
AttentiveFP,pillararene,offset,5,1.6723034858703614,0.5205973840372585,1.0611486434936523,2.403481960296631,NO_CONCLUSION_small
AttentiveFP,pillararene,MAE,5,2.0698726654052733,0.4106911711382733,1.5747838020324707,2.656708002090454,NO_CONCLUSION_small
GINE,calixarene,guarded_R2,5,0.026543629169464112,0.24327417305039864,-0.29730427265167236,0.3189733028411865,ok
GINE,calixarene,rho,5,0.553483388367978,0.055232720239372264,0.48561279308934713,0.6166654808716721,ok
GINE,calixarene,slope,5,0.6281044044676876,0.10533311140198925,0.5409371881113129,0.790308376683482,ok
GINE,calixarene,offset,5,-0.45694732666015625,0.3601778240966996,-0.8982596397399902,-0.07266449928283691,ok
GINE,calixarene,MAE,5,1.1797914266586305,0.1863443464578053,0.9548391103744507,1.4305187463760376,ok
GINE,cavitand,guarded_R2,5,-0.43894209861755373,0.16615475147832606,-0.6210627555847168,-0.23894619941711426,NO_CONCLUSION_small
GINE,cavitand,rho,5,0.06215676728334957,0.09389641379015383,-0.05031645569620253,0.19773612463485882,NO_CONCLUSION_small
GINE,cavitand,slope,5,0.3288107248066118,0.16823161024448074,0.18788598612753776,0.5699607817087586,NO_CONCLUSION_small
GINE,cavitand,offset,5,0.8407561779022217,0.09240029377586534,0.7148921489715576,0.9645555019378662,NO_CONCLUSION_small
GINE,cavitand,MAE,5,1.5753568410873413,0.09916982043052633,1.4483238458633423,1.6765190362930298,NO_CONCLUSION_small
GINE,crown_ether,guarded_R2,5,0.03697843551635742,0.23726401644235617,-0.3194911479949951,0.30651354789733887,NO_CONCLUSION_small
GINE,crown_ether,rho,5,0.5315402937303813,0.08367491481689823,0.39803715018879715,0.6081809872449944,NO_CONCLUSION_small
GINE,crown_ether,slope,5,1.4262581336406326,0.5858607083170776,0.8737472627059287,2.3291477296876217,NO_CONCLUSION_small
GINE,crown_ether,offset,5,0.22461929321289062,0.5615031070015222,-0.39075541496276855,0.778640627861023,NO_CONCLUSION_small
GINE,crown_ether,MAE,5,0.8657456755638122,0.12820456163821675,0.711441695690155,1.0465656518936157,NO_CONCLUSION_small
GINE,cucurbituril,guarded_R2,5,-0.32675273418426515,0.08655462293282641,-0.45218122005462646,-0.2192012071609497,ok
GINE,cucurbituril,rho,5,0.21657265877623075,0.11651218234946738,0.042637015218691135,0.33109706908866937,ok
GINE,cucurbituril,slope,5,0.602584818719768,0.3432271708228893,-0.0001841925152231524,0.85973039903575,ok
GINE,cucurbituril,offset,5,1.366405153274536,0.10173094676069257,1.2257204055786133,1.4496352672576904,ok
GINE,cucurbituril,MAE,5,2.0090599775314333,0.0822091995733062,1.909250259399414,2.1335396766662598,ok
GINE,cyclodextrin,guarded_R2,5,-0.8432031869888306,0.30014494443396295,-1.0701966285705566,-0.3430464267730713,ok
GINE,cyclodextrin,rho,5,0.4664635018928472,0.030545335067289788,0.4221976289374146,0.5042789683524344,ok
GINE,cyclodextrin,slope,5,0.43460835779123264,0.02908279611400321,0.3935375738380409,0.4678386342502139,ok
GINE,cyclodextrin,offset,5,-0.887626838684082,0.32346092307601093,-1.0813014507293701,-0.32257938385009766,ok
GINE,cyclodextrin,MAE,5,1.1737894892692566,0.15078939307081177,0.9216240048408508,1.2770272493362427,ok
GINE,cyclophane,guarded_R2,5,-0.0752707839012146,0.3788974864131568,-0.49362504482269287,0.5199595093727112,NO_CONCLUSION_small
GINE,cyclophane,rho,5,0.6751100549629803,0.04276204140737992,0.6313052040684357,0.7291671050030564,NO_CONCLUSION_small
GINE,cyclophane,slope,5,0.5882894397989166,0.1100504889834214,0.5034756037589057,0.7722504958746049,NO_CONCLUSION_small
GINE,cyclophane,offset,5,0.4476130485534668,0.310763812408117,-0.04959583282470703,0.7161428928375244,NO_CONCLUSION_small
GINE,cyclophane,MAE,5,0.868058443069458,0.1465590836922789,0.6399338841438293,1.0301185846328735,NO_CONCLUSION_small
GINE,other,guarded_R2,5,-0.40330369472503663,0.14876723220584875,-0.6141642332077026,-0.22428059577941895,ok
GINE,other,rho,5,0.23258223163482353,0.043474574818680584,0.17830406777268745,0.2848938911875889,ok
GINE,other,slope,5,0.28872387783875936,0.07161627235075722,0.18127077180603424,0.365133038325212,ok
GINE,other,offset,5,-0.5631892681121826,0.06252465827715786,-0.6297426223754883,-0.4738290309906006,ok
GINE,other,MAE,5,1.647493028640747,0.08872777329742287,1.5337388515472412,1.7560418844223022,ok
GINE,pillararene,guarded_R2,5,-7.378659057617187,1.4583559729157727,-9.428711891174316,-5.502085208892822,NO_CONCLUSION_small
GINE,pillararene,rho,5,-0.013346513490305582,0.14226021510789064,-0.1552771882759932,0.22032442619499096,NO_CONCLUSION_small
GINE,pillararene,slope,5,0.053917535151834915,0.16472449292153798,-0.07965606511991746,0.3406054624196404,NO_CONCLUSION_small
GINE,pillararene,offset,5,2.6447394371032713,0.23248207513465874,2.3737497329711914,2.975959062576294,NO_CONCLUSION_small
GINE,pillararene,MAE,5,2.651888370513916,0.22573090309400118,2.3857147693634033,2.9759585857391357,NO_CONCLUSION_small
