origin,model,seed,family,n_measurements,n_hosts,n_guests,flag,guarded_R2,standard_R2,rho,slope,offset,MAE,prediction_sd,constant_guard
new_GNN,GINE,0,calixarene,536,49,250,ok,0.07178187370300293,0.07178187370300293,0.5231333515034443,0.5659598619787725,-0.2756977081298828,1.1512577533721924,1.3542171716690063,False
new_GNN,GINE,0,cavitand,79,3,56,NO_CONCLUSION_small,-0.5831984281539917,-0.5831984281539917,0.05425998052580331,0.2451128024488998,0.8844916820526123,1.6673951148986816,1.114107370376587,False
new_GNN,GINE,0,crown_ether,17,3,17,NO_CONCLUSION_small,0.30651354789733887,0.30651354789733887,0.595819585065218,1.666625876444146,0.2718106508255005,0.711441695690155,0.4555330276489258,False
new_GNN,GINE,0,cucurbituril,733,19,548,ok,-0.32234764099121094,-0.32234764099121094,0.27540004502714194,0.85973039903575,1.4496352672576904,1.991849422454834,0.6910421848297119,False
new_GNN,GINE,0,cyclodextrin,352,21,213,ok,-1.0239968299865723,-1.0239968299865723,0.5042789683524344,0.4549718692856439,-1.0721371173858643,1.2770272493362427,1.1560674905776978,False
new_GNN,GINE,0,cyclophane,28,2,18,NO_CONCLUSION_small,-0.05124640464782715,-0.05124640464782715,0.6321275729838527,0.6059480989249572,0.5619032382965088,0.8410598635673523,1.115283727645874,False
new_GNN,GINE,0,other,581,88,306,ok,-0.6141642332077026,-0.6141642332077026,0.17830406777268745,0.18127077180603424,-0.5286290645599365,1.7560418844223022,1.5920015573501587,False
new_GNN,GINE,0,pillararene,57,4,22,NO_CONCLUSION_small,-9.428711891174316,-9.428711891174316,-0.1552771882759932,-0.07965606511991746,2.975959062576294,2.9759585857391357,0.9646871089935303,False
new_GNN,GINE,1,calixarene,536,49,250,ok,0.16828542947769165,0.16828542947769165,0.5388371125229022,0.6787851587002313,-0.25837016105651855,1.0702402591705322,1.1289526224136353,False
new_GNN,GINE,1,cavitand,79,3,56,NO_CONCLUSION_small,-0.440818190574646,-0.440818190574646,0.009518013631937683,0.18788598612753776,0.7148921489715576,1.576238751411438,0.9459160566329956,False
new_GNN,GINE,1,crown_ether,17,3,17,NO_CONCLUSION_small,0.1560220718383789,0.1560220718383789,0.5364848546022918,1.2313484418019494,-0.30364537239074707,0.7945576906204224,0.45367109775543213,False
new_GNN,GINE,1,cucurbituril,733,19,548,ok,-0.2192012071609497,-0.2192012071609497,0.2779795316490089,0.7202629306337484,1.2257204055786133,1.909250259399414,0.834818422794342,False
new_GNN,GINE,1,cyclodextrin,352,21,213,ok,-0.7851941585540771,-0.7851941585540771,0.4221976289374146,0.43538568155212065,-0.9095859527587891,1.1453254222869873,1.0642094612121582,False
new_GNN,GINE,1,cyclophane,28,2,18,NO_CONCLUSION_small,-0.06577515602111816,-0.06577515602111816,0.6313052040684357,0.5181445110306255,0.35091304779052734,0.8788501024246216,1.2442841529846191,False
new_GNN,GINE,1,other,581,88,306,ok,-0.3953171968460083,-0.3953171968460083,0.24437090026363348,0.3014291842771651,-0.605708122253418,1.6380709409713745,1.4654762744903564,False
new_GNN,GINE,1,pillararene,57,4,22,NO_CONCLUSION_small,-7.646237373352051,-7.646237373352051,-0.020969388606672426,0.01269005013640165,2.75702166557312,2.757021427154541,0.6838771104812622,False
new_GNN,GINE,2,calixarene,536,49,250,ok,0.3189733028411865,0.3189733028411865,0.603168203852524,0.790308376683482,-0.07266449928283691,0.9548391103744507,1.1308953762054443,False
new_GNN,GINE,2,cavitand,79,3,56,NO_CONCLUSION_small,-0.6210627555847168,-0.6210627555847168,-0.05031645569620253,0.20211466809456982,0.9645555019378662,1.6765190362930298,0.9837655425071716,False
new_GNN,GINE,2,crown_ether,17,3,17,NO_CONCLUSION_small,-0.3194911479949951,-0.3194911479949951,0.39803715018879715,2.3291477296876217,0.778640627861023,1.0465656518936157,0.22096435725688934,False
new_GNN,GINE,2,cucurbituril,733,19,548,ok,-0.28426051139831543,-0.28426051139831543,0.33109706908866937,0.747682713412525,1.4197566509246826,1.980308175086975,0.9694278836250305,False
new_GNN,GINE,2,cyclodextrin,352,21,213,ok,-1.0701966285705566,-1.0701966285705566,0.4799342406242617,0.42130803003014405,-1.052530288696289,1.253536343574524,1.1804510354995728,False
new_GNN,GINE,2,cyclophane,28,2,18,NO_CONCLUSION_small,-0.285666823387146,-0.285666823387146,0.6981912091890168,0.5416284894054892,0.6587018966674805,0.9503297805786133,1.3109922409057617,False
new_GNN,GINE,2,other,581,88,306,ok,-0.46775591373443604,-0.46775591373443604,0.19859955112506492,0.2604669071311084,-0.5780375003814697,1.7121297121047974,1.5216106176376343,False
new_GNN,GINE,2,pillararene,57,4,22,NO_CONCLUSION_small,-5.502085208892822,-5.502085208892822,0.22032442619499096,0.3406054624196404,2.3737497329711914,2.3857147693634033,0.71498042345047,False
new_GNN,GINE,3,calixarene,536,49,250,ok,-0.29730427265167236,-0.29730427265167236,0.48561279308934713,0.5409371881113129,-0.8982596397399902,1.4305187463760376,1.2089910507202148,False
new_GNN,GINE,3,cavitand,79,3,56,NO_CONCLUSION_small,-0.3106849193572998,-0.3106849193572998,0.09958617332035055,0.4389793856532928,0.8299758434295654,1.5083074569702148,0.7297278046607971,False
new_GNN,GINE,3,crown_ether,17,3,17,NO_CONCLUSION_small,0.09430718421936035,0.09430718421936035,0.5191788915506049,0.8737472627059287,-0.39075541496276855,0.8482411503791809,0.6108598113059998,False
new_GNN,GINE,3,cucurbituril,733,19,548,ok,-0.45218122005462646,-0.45218122005462646,0.042637015218691135,-0.0001841925152231524,1.291572093963623,2.1335396766662598,0.8929986357688904,False
new_GNN,GINE,3,cyclodextrin,352,21,213,ok,-0.9935818910598755,-0.9935818910598755,0.4712143778131604,0.4678386342502139,-1.0813014507293701,1.2714344263076782,0.988941490650177,False
new_GNN,GINE,3,cyclophane,28,2,18,NO_CONCLUSION_small,0.5199595093727112,0.5199595093727112,0.6847591835705394,0.7722504958746049,-0.04959583282470703,0.6399338841438293,0.9882228970527649,False
new_GNN,GINE,3,other,581,88,306,ok,-0.3150005340576172,-0.3150005340576172,0.2567427478251429,0.3353194876542769,-0.6297426223754883,1.59748375415802,1.321738362312317,False
new_GNN,GINE,3,pillararene,57,4,22,NO_CONCLUSION_small,-6.604010105133057,-6.604010105133057,-0.01928405907414234,0.014492614660465065,2.505746841430664,2.52791428565979,0.8368402123451233,False
new_GNN,GINE,4,calixarene,536,49,250,ok,-0.12901818752288818,-0.12901818752288818,0.6166654808716721,0.5645314368646395,-0.7797446250915527,1.292101263999939,1.549278736114502,False
new_GNN,GINE,4,cavitand,79,3,56,NO_CONCLUSION_small,-0.23894619941711426,-0.23894619941711426,0.19773612463485882,0.5699607817087586,0.8098657131195068,1.4483238458633423,0.7374850511550903,False
new_GNN,GINE,4,crown_ether,17,3,17,NO_CONCLUSION_small,-0.0524594783782959,-0.0524594783782959,0.6081809872449944,1.030421357563517,0.7670459747314453,0.9279221892356873,0.6988714933395386,False
new_GNN,GINE,4,cucurbituril,733,19,548,ok,-0.35577309131622314,-0.35577309131622314,0.15574963289764224,0.6854322430320398,1.4453413486480713,2.0303523540496826,0.633548378944397,False
new_GNN,GINE,4,cyclodextrin,352,21,213,ok,-0.3430464267730713,-0.3430464267730713,0.45469229373696496,0.3935375738380409,-0.32257938385009766,0.9216240048408508,1.2284975051879883,False
new_GNN,GINE,4,cyclophane,28,2,18,NO_CONCLUSION_small,-0.49362504482269287,-0.49362504482269287,0.7291671050030564,0.5034756037589057,0.7161428928375244,1.0301185846328735,1.2217512130737305,False
new_GNN,GINE,4,other,581,88,306,ok,-0.22428059577941895,-0.22428059577941895,0.2848938911875889,0.365133038325212,-0.4738290309906006,1.5337388515472412,1.316544532775879,False
new_GNN,GINE,4,pillararene,57,4,22,NO_CONCLUSION_small,-7.712250709533691,-7.712250709533691,-0.09152635768971087,-0.018544386337415075,2.611219882965088,2.61283278465271,1.1230745315551758,False
new_GNN,AttentiveFP,0,calixarene,536,49,250,ok,0.2748553156852722,0.2748553156852722,0.6270546155214388,0.7015161220257593,-0.23745417594909668,1.008732795715332,1.3100473880767822,False
new_GNN,AttentiveFP,0,cavitand,79,3,56,NO_CONCLUSION_small,0.3322427272796631,0.3322427272796631,0.5965920155793574,0.8726787285975616,0.12068629264831543,1.0188738107681274,1.0493378639221191,False
new_GNN,AttentiveFP,0,crown_ether,17,3,17,NO_CONCLUSION_small,-0.010064482688903809,-0.010064482688903809,0.4926168145284173,0.8116376261347008,-0.46665000915527344,0.9720091819763184,0.5725105404853821,False
new_GNN,AttentiveFP,0,cucurbituril,733,19,548,ok,0.15981829166412354,0.15981829166412354,0.5355825209170199,1.2362440936615648,0.3890504837036133,1.5797513723373413,0.8334729075431824,False
new_GNN,AttentiveFP,0,cyclodextrin,352,21,213,ok,-2.599915027618408,-2.599915027618408,0.5603420138926979,0.39234418390897097,-1.6556222438812256,1.7571851015090942,1.4977747201919556,False
new_GNN,AttentiveFP,0,cyclophane,28,2,18,NO_CONCLUSION_small,0.18426138162612915,0.18426138162612915,0.6326758189274639,0.9446028817069685,0.5158209800720215,0.6942064166069031,0.7142569422721863,False
new_GNN,AttentiveFP,0,other,581,88,306,ok,0.10952413082122803,0.10952413082122803,0.42593192639439886,0.6400321923506285,0.04291868209838867,1.2295299768447876,1.101479172706604,False
new_GNN,AttentiveFP,0,pillararene,57,4,22,NO_CONCLUSION_small,-4.308899402618408,-4.308899402618408,0.2732826657364172,0.18259249581659626,1.750593662261963,2.1190500259399414,1.5247156620025635,False
new_GNN,AttentiveFP,1,calixarene,536,49,250,ok,0.3639683723449707,0.3639683723449707,0.5686471215255021,1.2109117164319618,0.08042621612548828,0.9540725350379944,0.7721695303916931,False
new_GNN,AttentiveFP,1,cavitand,79,3,56,NO_CONCLUSION_small,-0.016509532928466797,-0.016509532928466797,0.5370983446932814,0.7609940709921486,0.7149102687835693,1.3442621231079102,0.9499430060386658,False
new_GNN,AttentiveFP,1,crown_ether,17,3,17,NO_CONCLUSION_small,-0.1310899257659912,-0.1310899257659912,0.3965565356953759,0.7000525414147871,-0.5786879062652588,0.9767866730690002,0.631196141242981,False
new_GNN,AttentiveFP,1,cucurbituril,733,19,548,ok,-0.030502796173095703,-0.030502796173095703,0.18920898650150525,0.40003303288257025,0.27524709701538086,1.8130894899368286,0.6730954647064209,False
new_GNN,AttentiveFP,1,cyclodextrin,352,21,213,ok,-2.5006120204925537,-2.5006120204925537,0.33007651041551017,0.23710425011512534,1.1061838865280151,1.7340035438537598,1.8895645141601562,False
new_GNN,AttentiveFP,1,cyclophane,28,2,18,NO_CONCLUSION_small,0.3988238573074341,0.3988238573074341,0.6946276105555432,0.7628741258844356,0.2588362693786621,0.6258692145347595,0.9484872817993164,False
new_GNN,AttentiveFP,1,other,581,88,306,ok,-0.08376097679138184,-0.08376097679138184,0.3729925209300366,0.45434069583287456,-0.2913248538970947,1.3660497665405273,1.3787119388580322,False
new_GNN,AttentiveFP,1,pillararene,57,4,22,NO_CONCLUSION_small,-5.551313877105713,-5.551313877105713,-0.05010614340945219,0.006155579897403991,1.8471546173095703,2.1902406215667725,1.5709646940231323,False
new_GNN,AttentiveFP,2,calixarene,536,49,250,ok,0.08945256471633911,0.08945256471633911,0.5690261856901453,0.6601005104144948,-0.5890250205993652,1.1731908321380615,1.3150173425674438,False
new_GNN,AttentiveFP,2,cavitand,79,3,56,NO_CONCLUSION_small,-0.48185694217681885,-0.48185694217681885,0.3,0.6150398066571197,1.1559274196624756,1.5759999752044678,0.8519287705421448,False
new_GNN,AttentiveFP,2,crown_ether,17,3,17,NO_CONCLUSION_small,0.09592360258102417,0.09592360258102417,0.43596588085764926,1.0529952823579534,-0.4397871494293213,0.8294863700866699,0.5394195318222046,False
new_GNN,AttentiveFP,2,cucurbituril,733,19,548,ok,0.1448851227760315,0.1448851227760315,0.5452148243004645,1.7116243909312134,0.5608210563659668,1.569630742073059,0.6751636266708374,False
new_GNN,AttentiveFP,2,cyclodextrin,352,21,213,ok,-2.622472047805786,-2.622472047805786,0.43203194301725206,0.44055518268011995,-1.7518484592437744,1.811026692390442,1.2410104274749756,False
new_GNN,AttentiveFP,2,cyclophane,28,2,18,NO_CONCLUSION_small,0.16006910800933838,0.16006910800933838,0.7149127104691619,0.7244616920638818,-0.5525102615356445,0.8082583546638489,1.0212551355361938,False
new_GNN,AttentiveFP,2,other,581,88,306,ok,0.10625088214874268,0.10625088214874268,0.4640680113892908,0.6058964362504244,-0.13400840759277344,1.2518537044525146,1.2777940034866333,False
new_GNN,AttentiveFP,2,pillararene,57,4,22,NO_CONCLUSION_small,-3.2471179962158203,-3.2471179962158203,0.15618467340889403,0.13911271510637782,1.2991385459899902,1.8085808753967285,1.5498765707015991,False
new_GNN,AttentiveFP,3,calixarene,536,49,250,ok,0.35880333185195923,0.35880333185195923,0.6549293738662791,0.7873632038876834,0.394589900970459,0.952470600605011,1.3091777563095093,False
new_GNN,AttentiveFP,3,cavitand,79,3,56,NO_CONCLUSION_small,-0.4700106382369995,-0.4700106382369995,0.300462512171373,0.5051338589792652,1.073361873626709,1.5879125595092773,1.0660879611968994,False
new_GNN,AttentiveFP,3,crown_ether,17,3,17,NO_CONCLUSION_small,-0.6798841953277588,-0.6798841953277588,0.4926168145284173,0.5414580053227698,-0.9983131885528564,1.195769190788269,1.0216809511184692,False
new_GNN,AttentiveFP,3,cucurbituril,733,19,548,ok,-0.12612402439117432,-0.12612402439117432,0.2919138592106579,0.668787158984769,0.9440698623657227,1.8481435775756836,0.7763658165931702,False
new_GNN,AttentiveFP,3,cyclodextrin,352,21,213,ok,-0.7466089725494385,-0.7466089725494385,0.38750181594509814,0.3346445431162321,0.4292621612548828,1.2185755968093872,1.4974669218063354,False
new_GNN,AttentiveFP,3,cyclophane,28,2,18,NO_CONCLUSION_small,0.040212273597717285,0.040212273597717285,0.7099784969766602,0.5940962492662882,-0.4754190444946289,0.802176296710968,1.1910219192504883,False
new_GNN,AttentiveFP,3,other,581,88,306,ok,0.0537070631980896,0.0537070631980896,0.4298734819220896,0.5507025955946837,-0.12686824798583984,1.2872602939605713,1.339010238647461,False
new_GNN,AttentiveFP,3,pillararene,57,4,22,NO_CONCLUSION_small,-1.978623390197754,-1.978623390197754,0.42849503364577457,0.29788653671433957,1.0611486434936523,1.5747838020324707,1.540171504020691,False
new_GNN,AttentiveFP,4,calixarene,536,49,250,ok,-0.4131249189376831,-0.4131249189376831,0.5577056205289349,0.4076988753132557,-0.6037096977233887,1.3511472940444946,1.7884260416030884,False
new_GNN,AttentiveFP,4,cavitand,79,3,56,NO_CONCLUSION_small,-0.46735966205596924,-0.46735966205596924,0.1258763388510224,0.3604481669780459,0.9031176567077637,1.6151106357574463,1.0680513381958008,False
new_GNN,AttentiveFP,4,crown_ether,17,3,17,NO_CONCLUSION_small,-0.29263556003570557,-0.29263556003570557,0.35961027460574463,0.5055140318722933,-0.6309347152709961,0.9828616976737976,0.759564220905304,False
new_GNN,AttentiveFP,4,cucurbituril,733,19,548,ok,-0.05200672149658203,-0.05200672149658203,0.31890092215217125,0.7535215365708191,0.6836590766906738,1.7886193990707397,0.6020417809486389,False
new_GNN,AttentiveFP,4,cyclodextrin,352,21,213,ok,-0.7356327772140503,-0.7356327772140503,0.25731149825149324,0.27123034003130975,0.24459362030029297,1.1435774564743042,1.3649345636367798,False
new_GNN,AttentiveFP,4,cyclophane,28,2,18,NO_CONCLUSION_small,0.31476569175720215,0.31476569175720215,0.6562503945027507,0.7013024191366675,-0.20357751846313477,0.7360760569572449,0.9480476975440979,False
new_GNN,AttentiveFP,4,other,581,88,306,ok,0.07078379392623901,0.07078379392623901,0.442960210406348,0.5746067687746085,-0.08203482627868652,1.2711520195007324,1.2283509969711304,False
new_GNN,AttentiveFP,4,pillararene,57,4,22,NO_CONCLUSION_small,-6.957723617553711,-6.957723617553711,0.2501742050307642,0.16146305301679978,2.403481960296631,2.656708002090454,1.5153526067733765,False
