guest_id,guest_smiles
0,CC(=O)OC1C(CC2C1(CCC3C2CCC4C3(CC(C(C4)O)N5CCOCC5)C)C)[N+]6(CCCC6)CC=C
1,Cl[Gd](Cl)Cl
2,[Cl-].[Cl-].[Ca+2]
3,C[N+]1=C2C(=C3C=CC4=C(C3=C1)OCO4)C=CC5=CC6=C(C=C52)OCO6
4,[O-]C(=O)C[C@H]1C[C@@H]2C[C@H]1CC2
5,C1=CC=C(C=C1)CCN.Cl
6,CC1=CC=C(C=C1)C(=O)O
7,C1=CC(=CC=C1C(=O)O)Cl
8,CC(C(=O)O)NC(=O)C
9,C1CCC(CC1)C[NH3+]
10,C1CCOCO1
11,NCCCC[C@@H](C(=O)N[C@H](C(=O)N[C@H](C(=O)N[C@H](C(=O)N[C@H](C(=O)O)Cc1ccccc1)Cc1ccccc1)C(C)C)CC(C)C)N
12,CC(C)C(C(=O)O)NC(=O)C(CC1=CC=CC=C1)N
13,[Cs+]
14,NCc1ccc(cc1)CN.Cl.Cl
15,[O-]C(=O)CC(C(=O)O)N
16,CCCCCC(=O)O
17,O=C(NC1=C(C=C2C3=CC=CC=C3OC2=C1)OC)OCCOCCOCCOCCOCCOCCOCCOCCOCCOCCOCCOCCCCOCCOCCOCCOCCOCCOCCOCCOCCOCCOCCOCCOCOCOCCOCCOCCOCCOCCOCCOCCOCCOCCOCCOCCOCCOCCOCCOCCOCCOCCOCCOCCOC
18,OC(=O)C(Cc1c[nH]c2c1cccc2)N
19,C1C2CC3C4C1C5CC(C4)CC3(C5C2)C(=O)O
20,CC(C)(C1=CC=C(C=C1)O)C2=CC=C(C=C2)O
21,[Sr+2]
22,CNCC(C1=CC(=C(C=C1)O)O)O
23,C(#N)[S-].[Na+]
24,CCC(C1=CC=CC=C1)C(=O)O
25,[F-]
26,C[N+](C)(C)C.[Br-]
27,NCCCCC(C(=O)NC(C(=O)NC(C(=O)NC(=O)C(NC(C(=O)NC(C(=O)NC(C(=O)NC(C(=O)NCC(=O)NC(C(=O)N)Cc1ccc(cc1)O)C(O)C)CO)CCCC[N+](C)(C)C)CCCNC(=N)N)C)C(O)C)CCC(=O)N)NC(=O)C(C(O)C)NC(=O)C(NC(=O)C(N)C)CCCNC(=N)N
28,CS(=O)(=S)[O-].[Na+]
29,C1=CC=NC=C1
30,CCCCOC1=NC2=CC=CC=C2C(=C1)C(=O)NCCN(CC)CC.Cl
31,CC(=O)OC(CC(=O)[O-])C[N+](C)(C)C
32,CCCCCC[NH3+]
33,CC(C(C)(C)C)OP(=O)(C)O
34,C1C2C3CC4(CC2C5CC1(CC3C5C4)O)O
35,CC(C(C1=CC=CC=C1)O)N.Cl
36,CC1CCCCC1O
37,C1=CC(=C(C=C1C(CN)O)O)O
38,C(C)OC1=CC=C(C=C1)O
39,[Na+].[I-]
40,C1=CC=C2C(=C1)C(=CN2)CC(C(=O)NCC(=O)O)NC(=O)CN
41,CN(C)CCCN1C2=CC=CC=C2SC3=C1C=C(C=C3)Cl.Cl
42,C1C2CC3CC1CC(C2)(C3)[NH3+].[Cl-]
43,C[n+]1ccc(cc1)/C=C/c1cc[n+](cc1)C
44,O=C([C@H](Cc1ccc(cc1)O)N)N[C@H](C(=O)N[C@H](C(=O)O)C)Cc1ccccc1
45,[Ni+2]
46,C1=CC=C(C=C1)NC2=CC=CC3=C2C(=CC=C3)S(=O)(=O)O
47,[NH3+]CCCCC(C(=O)N1CCCC(=O)C1NC(=O)C(NC(C(=O)N)Cc1ccc(cc1)O)Cc1nc[nH]c1)NC(=O)C(NC(=O)C(C(C)C)NC(=O)CNC(=O)C[NH3+])CCCC[N+](C)(C)C
48,C1=CC=CC=C1
49,CC(C)CC(C(=O)NC(CC1=CC=CC=C1)C(=O)O)N
50,C1=CC=C(C(=C1)O)O
51,C1=CC=C(C=C1)N
52,CC1C(C(CC(O1)OC2CC(CC3=C2C(=C4C(=C3O)C(=O)C5=C(C4=O)C(=CC=C5)OC)O)(C(=O)CO)O)N)OC6CCCCO6
53,[Na+].[Cl-]
54,C1C2CC3CC1CC(C2)(C3)C(=O)O
55,[NH3+]Cc1ccccc1C
56,CCCC(C(=O)O)N
57,OC(=O)C1CCCN1
58,NCC(=O)N[C@H](C(=O)NCC(=O)NCC(=O)O)CCCNC(=N)N
59,[Ag+]
60,C1OCOCO1
61,CC(CCC(=O)[O-])C1CCC2C1(C(CC3C2C(CC4C3(CCC(C4)O)C)O)O)C.[Na+]
62,CC(=O)C
63,[Rb+]
64,COC1=C(C=CC(=C1)C=CC(=O)O)O
65,CO[C@H]1C=CC2[C@@]34C1Oc1c4c(CC2[N+](CC3)(C)C)ccc1OC
66,CCN(CC)C1=CC2=C(C=C1)C(=C3C=CC(=[N+](CC)CC)C=C3O2)C4=CC=CC=C4C(=O)O.[Cl-]
67,C1C2CC3C4C1C5CC(C4)CC3(C5C2)N
68,[NH3+]Cc1ccc(cc1)C
69,CC(C)(C(=O)O)ON=C(C1=CSC(=N1)N)C(=O)NC2C3N(C2=O)C(=C(CS3)C[N+]4=CC=CC=C4)C(=O)[O-]
70,[O-]C(CN(CC([O-])=O)CCN1C(C2=CC=CC3=CC=CC(C1=O)=C23)=O)=O.[Na+].[Na+]
71,CN(C)CCCCC(C(=O)O)N
72,NC(C(=O)O)Cc1c[nH]cn1
73,COCCOCCOCCOCCOCCOCCOCCOCCOCCOCCOCCOCCOCCOCCOCCOCCOCCOCCOCCOCCOCCOCCOCCOCCOCCOCCOCCOCCOCCOCCOCCOCCOCCOCCOCCOCCOCCOCCOCCOCCOCCOCCOCCOCCOCCn1nnc(c1)C[N+](c1ccc2c(c1)cc1c(c2)cccc1)(C)C.[Cl-]
74,C(#N)[N-]C#N.[Na+]
75,C1CCCC(CCC1)O
76,[Ba+2]
77,C(CCN)CC(C(=O)NC(CCCCN)C(=O)O)N
78,[Zn+2]
79,C1=CC=NC(=C1)Cl
80,O=C(CNC(=O)[C@H](Cc1c[nH]c2c1cccc2)NC(=O)CNC(=O)CNC(=O)CNC(=O)CNC(=O)[C@H](Cc1c[nH]c2c1cccc2)NC(=O)CNC(=O)CNC(=O)[C@@H](NC(=O)[C@@H](NC(=O)C)CC(=O)O)CC(=O)O)NCC(=O)NCC(=O)NCC(=O)N[C@H](C(=O)NCC(=O)NCC(=O)N[C@H](C(=O)N[C@H](C(=O)N)CC(=O)O)CC(=O)O)Cc1c[nH]c2c1cccc2
81,Cc1cc2nc3-c([nH]c2cc1N)cc(=[N+](C)C)cc3
82,[Br-]
83,O=C(N3CC[N+](C)([H])C)C1=C(C(C3=O)=CC=C2C4=O)C2=C(C(N4CC[N+](C)([H])C)=O)C=C1
84,COC(=O)C(C1=CC=CC=C1)O
85,COC1=C(C2=C[N+]3=C(C=C2C=C1)C4=CC5=C(C=C4CC3)OCO5)OC.[Cl-]
86,NCCCCC(C(=O)NC(C(=O)NC(C(=O)N1CCCC1C(=O)NC(C(=O)N)Cc1ccc(cc1)O)C)CO)NC(=O)C(NC(=O)C(NC(=O)C(NC(=O)C)C)C)CCCNC(=N)N
87,C[NH3+]
88,[Ca+2]
89,C1OC2=C(O1)C=C(C=C2)O
90,O=C1C=C(NC(=O)c2cc3ccccc3nc2O)[C@@H]([C@H]2[C@@H]1O2)O
91,C1C2CC3CC1CC(C2)(C3)N
92,C[N+]1=CC=C(C=C1)C2=CC=[N+](C=C2)C.[Cl-].[Cl-]
93,C1=CC2=C(C3=C(C=CC=N3)C=C2)N=C1.C1=CC2=C(C3=C(C=CC=N3)C=C2)N=C1.C1=CC2=C(C3=C(C=CC=N3)C=C2)N=C1.[Ru+2]
94,CCCCCCC(=O)[O-]
95,CC(CCC(=O)NCC(=O)[O-])C1CCC2C1(C(CC3C2C(CC4C3(CCC(C4)O)C)O)O)C.[Na+]
96,C[N+](C)(C)C1=CC=CC=C1
97,C1=CC=C(C=C1)OC2C(C(C(C(O2)CO)O)O)O
98,C1=CC=C2C(=C1)C(=CN2)CC(C(=O)NCC(=O)NCC(=O)O)N
99,[O-]Cl(=O)(=O)=O.[Na+]
100,CC1OCCO1
101,[O-]C(=O)Cc1cccc(c1)C
102,CC(=O)NC(CCCCN)C(=O)OC.Cl
103,CN(C)C1=CC=C(C=C1)C#N
104,C1CC2CCC1N=N2
105,C[N+]12CC[N+](CC1)(CC2)C
106,CC1(C2CCC1(C(=O)C2)C)C
107,C1CCC(C1)C(=O)O
108,OC(=O)C(CCCNC(=[NH2+])N)N
109,C(CC(C(=O)O)N)CN=C(N)N
110,C1=CC=C2C(=C1)C(=O)OC23C4=CC(=C(C(=C4OC5=C(C(=C(C=C35)I)[O-])I)I)[O-])I.[Na+].[Na+]
111,[O-]C(=O)CC12C[C@@H]3C[C@H](C2)C[C@H](C1)C3.[K+]
112,C(CCN)CC(C(=O)NC(CCCCN)C(=O)NC(CCCCN)C(=O)O)N
113,CCOP(=O)(C)OCC
114,C1=CC(=C(C=C1CCN)O)O.Cl
115,[K+]
116,NCCCC[C@@H](C(=O)N[C@H](C(=O)N[C@H](C(=O)N[C@H](C(=O)O)CCCCN)[C@H](O)C)[C@H](O)C)N
117,CCCCCCCC(=O)[O-]
118,O=C(N[C@H](C(=O)NCC(=O)NCC(=O)NCC(=O)N)Cc1c[nH]c2c1cccc2)CNC(=O)CNC(=O)CNC(=O)C
119,CN1C=CC(=CC=C2C=CC(=[N+](C)C)C=C2)C=C1
120,CC1=CC2=NC3=C(C=C(C=C3)N(C)C)N=C2C=C1N.Cl
121,C1C2CC3C4C1C5CC(C4)(CC3C5C2)N
122,C(C1C(C(C(C(O1)O)N)O)O)O
123,C1=CC(=C2C(=C1NCCNCCO)C(=O)C3=C(C=CC(=C3C2=O)O)O)NCCNCCO
124,C(CCCCCC[N+]12CCN(CC1)CC2)CCCCCCC[N+]12CCN(CC1)CC2
125,C1CC(C1)O
126,NC(C(=O)O)Cc1ccccc1
127,[Li+].[O-]Cl(=O)(=O)=O
128,CC(C(=O)NC(C)C(=O)O)NC(=O)C(CCCCN)N
129,C1=CC=C2C(=C1)C(=CN2)CCN
130,C[N+](CCCCC[N+](C)(C)C)(C)C.[I-].[I-]
131,[NH3+]CCCCC[NH3+]
132,C=C
133,[Cl-].[Cs+]
134,C1CC(N(C1)C(=O)C(CC2=CNC3=CC=CC=C32)N)C(=O)O
135,C1=CC=C2C(=C1)C(=CN2)CC(C(=O)N)N
136,Ic1ccc(cc1)C[N+](Cc1ccc(cc1)I)(C)C
137,C1CCCC(CC1)C(=O)O
138,CC1=CC2=C(C=C1N)[N+](=C3C=C(C(=CC3=N2)C)N)C4=CC=CC=C4.[Cl-]
139,[O-][Re](=O)(=O)=O.[Na+]
140,C[N+]1(CCC2=CC(=C(C=C2C1CC3=CC(=C(C=C3)OC)OC)OC)OC)CCC(=O)OCCCCCOC(=O)CC[N+]4(CCC5=CC(=C(C=C5C4CC6=CC(=C(C=C6)OC)OC)OC)OC)C
141,CC(=O)OC1CC2CCC3C(C2(CC1[N+]4(CCCCC4)C)C)CCC5(C3CC(C5OC(=O)C)[N+]6(CCCCC6)C)C
142,C1C2CC3C4C1C5CC(C4)(CC3C5C2)O
143,O.O.O.O.O.O.O.[Cl-].[Cl-].[Cl-].[La+3]
144,CCCCCCCC[NH3+]
145,CC1(C2CCC(O1)(CC2)C)C
146,CC(CC=C)C(=O)O
147,[Na+].[Br-]
148,C1=CC=C(C(=C1)C#N)O
149,CC(C)CC(C(=O)NC(C)C(=O)O)NC(=O)C(CCSC)N
150,[N+](=O)([O-])[O-].[N+](=O)([O-])[O-].[N+](=O)([O-])[O-].O.O.O.O.O.O.O.O.O.[Fe+3]
151,C[N+](C)(C)C1=CC=CC=C1.[Cl-]
152,c1ccc2c(c1)nccc2
153,[NH3+]C1CCCCC1.[Cl-]
154,C(CCCCCN)CCCCC(=O)O
155,CCCCNC1=CC=C(C=C1)C(=O)OCCN(C)C.Cl
156,[Xe]
157,F[P-](F)(F)(F)(F)F.[Na+]
158,C1=CC=C(C=C1)C(=O)O
159,CCCC[n+]1ccc(cc1)c1cc[n+](cc1)CCCC
160,COCCOCCOCCOCCOCCOCCOCCOCCOCCOCCOCCOCCOCCOCCOCCOCCOCCOCCOCCOCCOCCOCCOCCOCCOCCOCCOCCOCCOCCOCCOCCOCCOCCOCCOCCOCCOCCOCCOCCOCCOCCOCCOCCOCCOCCOCCOCCOCCOCCOCCOCCOCCOCCOCCOCCOCCOCCOCCOCCOCCOCCOCCOCCOCCOCCOCCOCCOCCOCCOCCOCCOCCOCCOCCOCCOCCOCCOCCOCCOCCOCCOCCOCCOCCOCCOCCOCCOCCOCCOCCOCCOCCOCCOCCOCCOCCOCCOCCOCCOCCOCCOCCOCCOCCOCCOCCOCCOCCOCCOCCOCCOCCOCCOCCOC(=O)Nc1ccc2c(c1)cccc2
161,[Mg+2]
162,CN1C=C[N+](=C1)C
163,[Na]OC(=O)CCCc1ccc2c3c1ccc1c3c(cc2)ccc1
164,C1=C(C=C(C=C1O)O)O
165,CCCCC[NH3+]
166,CC1CCC(CC1)C(=O)O
167,C1COCCO1
168,C1=CC=C(C=C1)C2OC(C(O2)CO)CO
169,C1=CC=C2C=C(C(=CC2=C1)O)O
170,[NH3+]CCCC[NH3+]
171,C1=CC(=C(C=C1CCN)O)O
172,C(CC(=O)O)CN
173,CC(=C)C1CCC(=CC1)C(=O)O
174,C1CCC(=O)C1
175,CCCC[N+](CCCC)(CCCC)CCCC.[I-]
176,C=Cn1cc[n+](c1)Cc1ccccc1
177,C1=CC=C2C(=C1)C(=O)OC2(C3=CC=C(C=C3)O)C4=CC=C(C=C4)O
178,C(CCN)CC(C(=O)O)N
179,C1=CC=C(C=C1)CCN
180,CC(C)(C)OC(=O)NC(CO)C(=O)O
181,C(CCC[NH3+])CC[NH3+].[Cl-].[Cl-]
182,C1CCOCC1
183,[B-](F)(F)(F)F
184,C1=CC=C(C=C1)CC(C(=O)O)NC(=O)CN
185,C1=CC(=CC=C1CC(=O)C(=O)O)O
186,O=C(C12C[C@@H]3C[C@H](C2)C[C@H](C1)C3)C[n+]1ccc(cc1)c1cc[n+](cc1)C
187,CCC(C)C(C1=CC=CC=C1)C(=O)OCC[N+](C)(CC)CC.[Br-]
188,COCCOCCOCCOCCOCCOCCOCCOCCOCCOCCOCCOCCOCCOCCOCCOCCOCCOCCOCCOCCOCCOCCOCCOCCOCCOCCOCCOCCOCCOCCOCCOCCOCCOCCOCCOCCOCCOCCOCCOCCOCCOCCOCCOCCOCCOCCOCCOCCOCCOCCOCCOCCOCCOCCOCCOCCOCCOCCOCCOCCOCCOCCOCCOCCOCCOCCOCCOCCOCCOCCOCCOCCOCCOCCOCCOCCOCCOCCOCCOCCOCCOCCOCCOCCOCCOCCOCCOCCOCCOCCOCCOCCOCCOCCOCCOCCOCCOCCOCCOCCOCCOCCOCCOCCOCCOCCOCCOCCOCCOCCOCCOCCOCCOCCOC(=O)Nc1ccc(cc1)c1ccccc1
189,CC(=O)NC(CCCN=C(N)N)C(=O)OC.Cl
190,O=CC1=CC2=C(C=C1)SC3=CC=CC=C3O2
191,O.O.O.O.O.O.[Cl-].[Cl-].[Sr+2]
192,O=C(NCC(=O)NCC(=O)N[C@H](C(=O)NCC(=O)NCC(=O)N)Cc1c[nH]c2c1cccc2)CNC(=O)CNC(=O)[C@H](Cc1c[nH]c2c1cccc2)NC(=O)CNC(=O)CNC(=O)C
193,O=C(OCCCC)C1=CC=CC=C1C(C2=CC=C(N(CC)CC)C=C2O3)=C(C=C/4)C3=CC4=[N+](CC)\CC
194,Cl[Zn]Cl
195,CC(C[C@@H](C(=O)O)NC(=O)[C@H](Cc1ccc(cc1)O)NC(=O)[C@@H](N)C)C
196,CCOCC
197,CC(CC(=O)[O-])C1=CC=CC=C1
198,CC(CCC(=O)[O-])C1CCC2C1(C(CC3C2CCC4C3(CCC(C4)O)C)O)C.[Na+]
199,CI
200,CC1C(C(CC(O1)OC2CC(CC3=C2C(=C4C(=C3O)C(=O)C5=CC=CC=C5C4=O)O)(C(=O)C)O)N)O
201,[Li+]
202,CC(=O)NC1=CC=CC2=CC=CC=C21
203,C1CCOC1
204,OCC[n+]1ccc(cc1/C=C(/C=C/C=C(/C=C/C1=C(C)CCCC1(C)C)\C)\C)/C=C/C=C(/C=C/C1=C(C)CCCC1(C)C)\C
205,CN(C)C1=CC2=C(C=C1)N=C3C=CC(=[N+](C)C)C=C3S2.[Cl-]
206,C1=CC=C2C=NC=CC2=C1
207,C1=CC2=C(C=C1O)C(=CN2)CC(C(=O)O)N
208,C[N+]1=CN(C=C1)CC2=CC=C(C=C2)CN3C=C[N+](=C3)C
209,CC(C[C@@H](C(=O)NCC(=O)O)N)C
210,C[N+]1=C2C=CC=CC2=CC3=CC=CC=C31.[I-]
211,CC#N
212,CCC1(C2=C(COC1=O)C(=O)N3CC4=CC5=CC=CC=C5N=C4C3=C2)O
213,CNC(=NC)NCCCC(C(=O)O)N
214,CC1C(O1)C2=CC=CC=C2
215,CC(C(=O)O)N
216,CCCCCCCCCCCCN1C=C[N+](=C1)C.[Br-]
217,N#CC1=CC=C([N+]2=CC=C(C3=CC=[N+](C4=CC=C(C#N)C=C4)C=C3)C=C2)C=C1
218,C1=CC(=C2C(=C1Cl)C(=O)OC23C4=C(C(=C(C(=C4Cl)Cl)O)I)OC5=C3C(=C(C(=C5I)O)I)I)Cl
219,CC1(C2(CCC1(OC2=O)C(=O)O)C)C
220,C(CC(C(=O)O)N)CN
221,C1=C(NC=N1)CCN
222,[NH3+]CC1CC1
223,C(CCC[N+]12CCN(CC1)CC2)CCC[N+]12CCN(CC1)CC2
224,[Na]OC(=O)CCC([C@H]1CC[C@@H]2[C@]1(C)[C@@H](O)C[C@H]1[C@H]2[C@H](O)C[C@H]2[C@]1(C)CC[C@H](C2)O)C
225,NCCCC[C@@H](C(=O)N[C@H](C(=O)NCC(=O)N[C@H](C(=O)O)Cc1ccc(cc1)O)C(C)C)NC(=O)[C@H](CCSC)N
226,Cc1ccccn1.[Cl-].[Cl-].[Pt+2].N
227,C1=CC2=C3C(=C(C=C2S(=O)(=O)[O-])S(=O)(=O)[O-])C=CC4=C(C=C(C1=C43)O)S(=O)(=O)[O-].[Na+].[Na+].[Na+]
228,CN=C(N)NCCCC(C(=O)O)N
229,[Na+]
230,COCCOC(=O)Nc1cccc2c1cccc2
231,C[N+](C)(C)CCCCC(C(=O)O)N
232,CC1(C2CCC1(C(=O)C2=NO)C)C
233,[O-]C(=O)CCC
234,CSc1ccc(cc1)C[N+](Cc1ccc(cc1)SC)(C)C
235,C[C@@H]1C[N+](C)(C)CC[N+]1(C)C
236,C1=CC=NC(=C1)C2=CC=CC=N2
237,C#CCCCC(=O)O
238,[NH3+][C@@H]1CC[C@H](CC1)[NH3+].[Cl-].[Cl-]
239,COC1=CC=CC=C1O
240,[I-]
241,C1=CC=C(C=C1)COC(=O)NC(CO)C(=O)O
242,CN1CCC23C4C1CC5=C2C(=C(C=C5)OC)OC3C(C=C4)O
243,Cl[Yb](Cl)Cl
244,CCCCCCCCCC[N+](C)(C)C.[Br-]
245,C1=CC=C(C=C1)CC(C(=O)O)O
246,C[NH2+]CCCCCC[NH2+]C.[Cl-].[Cl-]
247,CCCN.Cl
248,COC1=CC2=C(C=C1)NC=C2
249,COCCOCCOCCOCCOCCOCCOCCOCCOCCOCCOCCOCCOCCOCCOCCOCCOCCOCCOCCOCCOCCOCCOCCOCCOCCOCCOCCOCCOCCOCCOCCOCCOCCOCCOCCOCCOCCOCCOCCOCCOCCOCCOCCOCCOCCOCCOCCOCCOCCOCCOCCOCCOCCOCCOCCOCCOCCOCCOCCOCCOCCOCCOCCOCCOCCOCCOCCOCCOCCOCCOCCOCCOCCOCCOCCOCCOCCOCCOCCOCCOCCOCCOCCOCCOCCOCCOCCOCCOCCOCCOCCOCCOCCOCCOCCOCCOCCOCCOCCOCCOCCOCCOCCOCCOCCOCCOCCOCCOCCOCCOCCOCCOCCOCCOC(=O)Nc1cc2oc3c(c2cc1OC)cccc3
250,C1=CC(=CC=C1C2=CC3=C(N2)C=C(C=C3)C(=[NH2+])N)C(=[NH2+])N
251,C[N+]1=CN(C)C2=CC([N+](C)=CN3C)=C3C=C21
252,C(CCN)CN.Cl.Cl
253,C[N+]1=CC2=C(C=C1)C3=CC=[N+](C)C=C3C=C2
254,NC(=O)CCC(C(=O)NC(C(=O)NC(=O)C(NC(C(=O)N)Cc1ccc(cc1)O)C)C(O)C)NC(=O)C(NC(=O)C(C(O)C)NC(=O)C(NC(=O)C([NH3+])C)CCCNC(=[NH2+])N)CCCC[N+](C)(C)C
255,CCN1C=C(C(=O)C2=CC(=C(C=C21)N3CCNCC3)F)C(=O)O
256,CCCCO
257,[B-]C#N.[Na+]
258,CCCO
259,O.[Na+].[SH-]
260,C1CCC(C(C1)[NH-])[NH-].C(=O)(C(=O)[O-])[O-].[Pt+4]
261,COC(=O)[C@@H](NS(=O)(=O)c1ccc(cc1)C)CCCNC(=N)N.Cl
262,CCN(CC)CCOC(=O)C1=CC=C(C=C1)N.Cl
263,C1=CC=C2C(=C1)C(=CN2)CCC(=O)O
264,C=CCCCCC(=O)[O-]
265,C1COCO1
266,CC(C)NCC(COC1=CC=CC2=CC=CC=C21)O
267,C1=CC=C(C=C1)CC(=O)O
268,CN(C)C=O
269,CCCCCCCCC=CCCCCCCCC(=O)[O-]
270,[H][C@@]1(C=C)[C@@H]2C[C@@]([C@@H](O)C3=CC=NC4=CC=CC=C43)([H])[N@](C1)CC2
271,C1=CC=NC(=C1)N
272,COC1=CC=C(C=C1)O
273,C1=CC(=CC(=C1)O)C#N
274,C1=CC=C(C=C1)COCC(C(=O)O)N
275,NCCCCC(C(=O)NC(C(=O)NC(C(=O)NCC(=O)NC(C(=O)N)Cc1ccc(cc1)O)C(O)C)CO)NC(=O)C(NC(C(=O)NC(=O)C(C(O)C)NC(=O)C(NC(=O)C(NC(=O)C(C(O)C)NC(=O)C(NC(=O)C(N)C)CCCNC(=N)N)CCCC[N+](C)(C)C)CCC(=O)N)C)CCCNC(=N)N
276,[H][C@@]1(C=C)[C@@H]2C[C@]([C@H](O)C3=CC=NC4=CC=CC=C43)([H])[N@](C1)CC2
277,C1CCC(CC1)C(C(=O)O)O
278,C[n+]1ccc(cc1)c1ccc(cc1)Br
279,C1=CC=C2C(=C1)C=CC(=C2C3=C(C=CC4=CC=CC=C43)O)O
280,C1C2CC3C4C1C5CC(C4)(CC3C5C2)C(=O)O
281,C1CCC(C1)CC(=O)O
282,C[N+](Cc1ccccc1)(C)C.[Cl-]
283,C(C(C1C(=C(C(=O)O1)O)O)O)O
284,C(CCCN)CCN
285,C1CCC(CC1)CC(=O)O
286,C[N+](C)(C)CCO
287,C1=CC=NC(=C1)C2=CC=C(C=C2)N
288,CC(C)C(C(=O)O)NC(=O)CN
289,CC(C)CC(C(=O)NCC(=O)NCC(=O)O)N
290,C1C(C(OC1N2C=C(C(=O)NC2=O)F)CO)O
291,CC(CBr)C(=O)OC
292,CC(C)(OC)OC
293,[O-][N+](=O)c1ccc(cc1)C[N+](Cc1ccc(cc1)[N+](=O)[O-])(C)C
294,Cl[Fe](Cl)Cl
295,C1CCSCC1
296,CC(=O)NC(CC1=CNC2=CC=CC=C21)C(=O)O
297,C[N+](C)(CC1=CC=CC=C1)CC2=CC=CC=C2
298,C(CC[N+]12CCN(CC1)CC2)CCC[N+]12CCN(CC1)CC2
299,C[N+](C)(C)C
300,CC(=O)NC(CC1=CNC2=CC=CC=C21)C(=O)N
301,CC(=O)OCC[N+](C)(C)C
302,CCN(CC)CCNC(=O)C1=CC=C(C=C1)N.Cl
303,CC(=O)SC1CC2=CC(=O)CCC2(C3C1C4CCC5(C4(CC3)C)CCC(=O)O5)C
304,CCC1CO1
305,C[N+](CCCCCC[N+](C)(C)C)(C)C.[Cl-].[Cl-]
306,Nc1ccc(cc1)N
307,C[N+](C)(CCN1C(=O)C2=C3C(=CC=C4C3=C(C=C2)C5=C6C4=CC=C7C6=C(C=C5)C(=O)N(C7=O)CC[N+](C)(C)CCO)C1=O)CCO
308,COc1cccc(c1)CC(=O)[O-]
309,C(CC(C(=O)NCC(=O)NC(CC(=O)O)C(=O)O)N)CN=C(N)N
310,Brc1ccc(cc1)C[N+](Cc1ccc(cc1)Br)(C)C
311,CCN(C(C(C1=CC=CC=C1)CO)=O)CC2=CC=[NH+]C=C2
312,C[S+](C)C
313,C(CCN)CCN
314,C(C(=O)NCC(=O)O)N
315,CC(C)NCC(COC1=CC=CC2=CC=CC=C21)O.Cl
316,CC1(C(N2C(S1)C(C2=O)NC(=O)CC3=CC=CC=C3)C(=O)O)C
317,C1CCC(C(C1)O)O
318,C1=CC=C2C(=C1)C(=CN2)CC(C(=O)O)NC(=O)CNC(=O)CN
319,C1=CC(=CC=C1C(C2=CC=C(C=C2)O)(C(F)(F)F)C(F)(F)F)O
320,[Hg+].[Hg+]
321,COC(=O)C(CC1=CNC2=CC=CC=C21)N
322,CC(C(=O)O)NC(=O)OC(C)(C)C
323,COC(C1=CC=CC=C1)(C(=O)O)C(F)(F)F
324,CCCCCCCN1C=C[N+](=C1)C.[Br-]
325,C1CNCCNC1
326,CC[NH3+]
327,O=C(CC[C@@H](C(=O)NCC(=O)NCC(=O)NCC(=O)NCC(=O)N[C@H](C(=O)NCC(=O)NCC(=O)N)CCC(=O)NCC[n+]1ccc(cc1)c1cc[n+](cc1)C)NC(=O)CNC(=O)CNC(=O)CNC(=O)CNC(=O)[C@@H](NC(=O)CNC(=O)CNC(=O)C)CCC(=O)NCC[n+]1ccc(cc1)c1cc[n+](cc1)C)NCC[n+]1ccc(cc1)c1cc[n+](cc1)C
328,C[N+](C)(C)C12CC3CC(C1)CC(C3)C2
329,CC(CCC(=O)O)C1CCC2C1(C(CC3C2C(CC4C3(CCC(C4)O)C)O)O)C
330,C1=CC=C(C(=C1)N)N
331,C1C2CC3CC(C2)(CC1C3Br)C(=O)O
332,C(CC(C(=O)NC(CCCN=C(N)N)C(=O)O)N)CN=C(N)N
333,C(CC[NH3+])CC(=O)[O-]
334,C(CCC(=O)O)CCN
335,[Li+].[Cl-]
336,C[Si](C)(C)CN
337,OCC(C(=O)O)N
338,C1=CC=C(C=C1)C2=CC(=O)C3=C(C(=C(C=C3O2)OC4C(C(C(C(O4)C(=O)O)O)O)O)O)O
339,C[N+]1=CC2=CC=CC=C2C=C1
340,C(C(=O)[O-])(Cl)Cl.[Na+]
341,C1CCC(CC1)CN
342,C1=CC=C(C=C1)COCC=O
343,C1=CC(=C(C=C1F)F)C(CN2C=NC=N2)(CN3C=NC=N3)O
344,C1C2CC3CC1CC(C2)(C3)O
345,COC1=CC=C([N+]2=CC=C(C3=CC=[N+](C4=CC=C(OC)C=C4)C=C3)C=C2)C=C1
346,C=Cn1cc[n+](c1)Cc1cc(F)cc(c1)F
347,[Na]OC(=O)CNOC(=O)CCC([C@H]1CC[C@@H]2[C@]1(C)[C@@H](O)C[C@H]1[C@H]2[C@H](O)C[C@H]2[C@]1(C)CC[C@H](C2)O)C
348,OCC(C(=O)NC(C(=O)N)[C@H](O)C)NC(=O)C(NC(=O)C(NC(=O)C)CCCNC(=N)N)CCCC[N+](C)(C)C
349,OC(=O)CC[n+]1cc(C)cc(c1)C
350,CNC(=C[N+](=O)[O-])NCCSCC1=CC=C(O1)CN(C)C
351,C1=CC(=C(C=C1C(CN)O)O)O.Cl
352,N#Cc1ccc(cc1)C[N+](Cc1ccc(cc1)C#N)(C)C
353,CNC1=CC2=C(C=C1)C=C3C=CC(=[NH+]C)C=C3O2.[Cl-]
354,C(CN)C#N
355,C1=CC(=CC=C1CN)CN
356,C(C[N+]12CCN(CC1)CC2)CC[N+]12CCN(CC1)CC2
357,OCCOCCOCCOc1ccc(cc1)/N=N\c1ccccc1
358,NCCCC[C@@H](C(=O)N[C@H](C(=O)N[C@H](C(=O)N[C@H](C(=O)O)C)C)Cc1c[nH]c2c1cccc2)NC(=O)[C@@H](N)C
359,CC1=CC=NC2=C(N=CC=C3C)C3=CC=C21
360,CCN(CC)C1=CC2=C(C=C1)N=C3C=CC(=[N+](CC)CC)C=C3O2
361,CC
362,C(CC1=CC=[N+](C=C1)C(C)(C)C)C1=CC=[N+](C=C1)C(C)(C)C
363,CCCCCCCCN1C=C[N+](=C1)C.[Br-]
364,O=C(CC[C@@H](C(=O)NCC(=O)N[C@H](C(=O)NCC(=O)N)CCC(=O)NCC[n+]1ccc(cc1)c1cc[n+](cc1)C)NC(=O)CNC(=O)C)NCC[n+]1ccc(cc1)c1cc[n+](cc1)C
365,COC1=CC=CC(=C1)O
366,CC1=CC=C(C=C1)[S+](C)C
367,C1CCC(CC1)O
368,[NH3+]CC1CCC1
369,C1CC2CCC(C1)N=N2
370,C[NH3+].[Cl-]
371,CN(C)CCC=C1C2=CC=CC=C2C=CC3=CC=CC=C31
372,CCC(C)C1C(=O)NC2CSSCC(C(=O)NC(CSSCC(C(=O)NCC(=O)NC(C(=O)NC(C(=O)NC(C(=O)NC(C(=O)NC(C(=O)NC(C(=O)NC(C(=O)NC(C(=O)NC(C(=O)NC(C(=O)NC(CSSCC(NC(=O)C(NC(=O)C(NC(=O)C(NC(=O)C(NC(=O)C(NC(=O)C(NC(=O)C(NC(=O)C(NC2=O)CO)CC(C)C)CC3=CC=C(C=C3)O)CCC(=O)N)CC(C)C)CCC(=O)O)CC(=O)N)CC4=CC=C(C=C4)O)C(=O)NC(CC(=O)N)C(=O)O)C(=O)NCC(=O)NC(CCC(=O)O)C(=O)NC(CCCNC(=N)N)C(=O)NCC(=O)NC(CC5=CC=CC=C5)C(=O)NC(CC6=CC=CC=C6)C(=O)NC(CC7=CC=C(C=C7)O)C(=O)NC(C(C)O)C(=O)N8CCCC8C(=O)NC(CCCCN)C(=O)NC(C(C)O)C(=O)O)C(C)C)CC(C)C)CC9=CC=C(C=C9)O)CC(C)C)C)CCC(=O)O)C(C)C)CC(C)C)CC2=CNC=N2)CO)NC(=O)C(CC(C)C)NC(=O)C(CC2=CNC=N2)NC(=O)C(CCC(=O)N)NC(=O)C(CC(=O)N)NC(=O)C(C(C)C)NC(=O)C(CC2=CC=CC=C2)N)C(=O)NC(C(=O)NC(C(=O)N1)CO)C(C)O)NC(=O)C(CCC(=O)N)NC(=O)C(CCC(=O)O)NC(=O)C(C(C)C)NC(=O)C(C(C)CC)NC(=O)CN
373,Nc1ccc2-c3c(Cc2c1)cccc3
374,OCC(C(=O)NC(C(=O)N1CCCC1C(=O)NC(C(=O)N)Cc1ccc(cc1)O)C)NC(=O)C(NC(=O)C(NC(=O)C(NC(=O)C(NC(=O)C)C)C)CCCNC(=N)N)CCCC[N+](C)(C)C
375,C1=CC=C(C=C1)C(C(=O)O)O
376,C(CO)N.Cl
377,N[C@@H](CCSC)C(=O)N[C@@H](CCCCN)C(=O)N[C@@H](C)C(=O)NCC(=O)N[C@@H](CC1=CC=C(C=C1)O)C(=O)O
378,C1=CC=C2C(=C1)C(=O)C3=C(C2=O)C(=C(C(=C3)CN(CC(=O)O)CC(=O)O)O)O
379,C#C
380,COC(=O)C1=CC=CC=C1C2=C3C=CC(=N)C=C3OC4=C2C=CC(=C4)N.Cl
381,C[n+]1ccc(cc1)c1cc[n+](cc1)C
382,C[Si](C)(C)CCC(=O)O
383,C[n+]1ccc(cc1)c1cc[n+](cc1)CCCCC[n+]1ccc(cc1)c1cc[n+](cc1)C
384,CC1=CC=NC=C1
385,O=C1C=C2SC3=CC(N(C)C)=CC=C3N=C2C=C1
386,COC1=C(C2=C[N+]3=C(C=C2C=C1)C4=CC(=C(C=C4CC3)OC)OC)OC
387,C[N+](C)(C)CC1=C[CH-]C=C1.[CH-]1C=CC=C1.[Fe+2].[I-]
388,CC(=O)OC(C1=CC=CC=C1)C(=O)O
389,CC1C(C(CC(O1)OC2CC(CC3=C2C(=C4C(=C3O)C(=O)C5=C(C4=O)C(=CC=C5)OC)O)(C(=O)CO)O)N)O
390,C1=CC=C(C=C1)CCC(=O)O
391,C1=CN=CC=C1C=O
392,C(CCO)CO
393,CC(C(=O)O)(CC=C)C
394,CNCCCCC(C(=O)O)N
395,CC(C(=O)O)NC(=O)OCC1=CC=CC=C1
396,O=C1N(CC[NH+](C)C)C(=O)c2c3c1ccc1c3c(cc2)c2c3c1ccc1c3c(cc2)C(=O)N(C1=O)CC[NH+](C)C
397,C1=CC=C2C(=C1)C(=CN2)CC(C(=O)O)N
398,C(CCCC)O
399,[NH3+]CCCCC(C(=O)N1CCCC1C(=O)NC(=O)C(NC(C(=O)N)Cc1ccc(cc1)O)Cc1nc[nH]c1)NC(=O)C(NC(=O)C(C(C)C)NC(=O)CNC(=O)C[NH3+])CCCC[NH3+]
400,CC1=NC(=CC=C1)C
401,[Mg+2].[Cl-].[Cl-]
402,CC(=O)OC1CC2CCC3C(C2(CC1N4CCCCC4)C)CCC5(C3CC(C5OC(=O)C)[N+]6(CCCCC6)C)C
403,C1(=CC=C(C=C1)C1=CC=[N+](C=C1)CCCCCC)C1=CC=[N+](C=C1)CCCCCC
404,C(CO)CBr
405,CC(C1=CC=C[CH-]1)N(C)C.[CH-]1C=CC=C1.[Fe+2]
406,CCCC[N+](CCCC)(CCCC)CCCC.[Cl-]
407,C1=CC=C(C(=C1)C2=C3C=C(C(=O)C=C3OC4=CC(=C(C=C42)O)O)O)O
408,CC(C1=CC=CC=C1)C(=O)O
409,C1=CC=C(C=C1)COC(=O)NCC(=O)O
410,O=C(NC1=CC=C2C3=C1C=CC4=C3C(C=C2)=CC=C4)OCCOCCOCCOCCOCCOCCOCCOCCOCCOCCOCCOCCOCCOCCOCCOCCOCCOCCOCCOCCOCCOCCOCCOCCOCCOCCOCCOCCOCCOCCOCCOCCOCCOCCOCCOCCOCCOCCOCCOCCOCCOCCOCCOCCOC
411,CCCCCC[N+](C)(C)C.[Cl-]
412,C1=CC=C(C=C1)C(CO)O
413,OC1=CC=C(C=C1)N=NC1=CC=CC=C1
414,FC(C(=O)O)(F)F
415,CNCC(C1=CC(=C(C=C1)O)O)O.Cl
416,NC(CC(C)C)C(=O)NCC(=O)NC(CC1=CC=CC=C1)C(=O)O
417,N[C@@H](CC(C)C)C(=O)N[C@@H](CC1=CNC2=CC=CC=C12)C(=O)O
418,[CH]1[CH][CH][CH][CH]1.[CH]1[CH][CH][C]([CH]1)CO.[Fe]
419,CCCCCC[N+](C)(C)C.[Br-]
420,CCCCCCC[NH3+]
421,CC1=NC=CC=C1
422,Nc1ccc2c(c1)[nH]c1-c(c2)ccc(=[NH2+])c1
423,COCCOCCOCCOCCOCCOCCOCCOCCOCCOCCOCCOCCOCCOCCOCCOCCOCCOCCOCCOCCOCCOCCOCCOCCOCCOCCOCCOCCOCCOCCOCCOCCOCCOCCOCCOCCOCCOCCOCCOCCOCCOCCOCCOCCOCCOCCOCCOCCOCCOCCOCCOCCOCCOCCOCCOCCOCCOCCOCCOCCOCCOCCOCCOCCOCCOCCOCCOCCOCCOCCOCCOCCOCCOCCOCCOCCOCCOCCOCCOCCOCCOCCOCCOCCOCCOCCOCCOCCOCCOCCOCCOCCOCCOCCOCCOCCOCCOCCOCCOCCOCCOCCOCCOCCOCCOCCOCCOCCOCCOCCOCCOCCOCCOC(=O)Nc1ccc2c(c1)cccc2
424,C1=CC2=C3C(=C1)C4=CC=CC5=C4C(=CC=C5)C3=CC=C2
425,C[N+](C)(C)C.[Cl-]
426,CC12CCC3C(C1CCC2O)CCC4=C3C=CC(=C4)OC(=O)C5=CC=CC=C5
427,CC(=O)OCC[N+](C)(C)C.[Cl-]
428,FC(S(=O)(=O)[O-])(F)F.[Na+]
429,CC1COC(=O)O1
430,O=C(NC1=CC2=CC=CC=C2C=C1)OCCOCCOCCOCCOCCOCCOCCOCCOCCOCCOCCOCCOCCOCCOCCOCCOCCOCCOCCOCCOCCOCCOCCOCCOCCOCCOCCOCCOCCOCCOCCOCCOCCOCCOCCOCCOCCOCCOCCOCCOCCOCCOCCOCCOC
431,C1CN2CCN1CC2
432,[N+](=O)([O-])[O-].[K+]
433,[Na]OS(=O)(=O)c1ccc(cc1)C1=C2C=CC3=[N]2[Zn]2n4c1ccc4/C(=C\1/C=CC(=N1)/C(=c/1\n2c(=C3c2ccc(cc2)S(=O)(=O)O[Na])cc1)/c1ccc(cc1)S(=O)(=O)O[Na])/c1ccc(cc1)S(=O)(=O)O[Na]
434,C(=O)(C(=O)[O-])[O-].[Na+].[Na+]
435,C[C@@H]1CC[C@@H](CC1)O
436,C1(=CC=CC=C1)CCCCN
437,OC(C(=O)O)CC1=CC=CC=C1
438,[N+](=O)(O)[O-]
439,C(CCN)CC(C(=O)O)N.Cl
440,CC(C(=O)O)NC(=O)CN
441,CCC(=O)C1=CC2=C(C=C1)C=C(C=C2)N(C)C
442,CC12CC3CC(C1)(CC(C3)(C2)N)C
443,[Ga+3]
444,C(\C=C\CCC)(=O)O
445,C1=CC2=C(C=C(C=C2)O)C(=C1)O
446,CC1(C(C(CC(C1)NC)(C)C)=O)C
447,C1=CC=C(C=C1)C(C(=O)O)C(=O)O
448,NCC(=O)N[C@@H](CC1=CNC=N1)C(=O)O
449,CC[N+](CC)(CC)CC.[I-]
450,CC(C(=O)O)NC(=O)C(CCSC)NC(=O)C(CCCCN)N
451,O=C1N(CCC[N+](C)(C)C)C(=O)c2c3c1ccc1c3c(cc2)c2c3c1ccc1c3c(cc2)C(=O)N(C1=O)CCC[N+](C)(C)C
452,CC12CC(C3C(C1CCC2(C(=O)CO)O)CCC4=CC(=O)C=CC34C)O
453,CC1=CC=C(C=C1)C(=O)OC(C(C(=O)O)OC(=O)C2=CC=C(C=C2)C)C(=O)O
454,C1=CC=C[N+]2=C1C1=[N+](CC2)C=CC=C1
455,CN1CCC2=CC(=C3C=C2C1CC4=CC=C(C=C4)OC5=C6C(CC7=CC(=C(C=C7)O)O3)[N+](CCC6=CC(=C5O)OC)(C)C)OC
456,[N+](=O)([O-])[O-].C(CCC)[N+](CCCC)(CCCC)CCCC
457,C1CNCCCNC1
458,C12=CC=CC=C1NC=N2
459,[Cl-].C[N+](CCC1=CC=CC=C1)(C)C
460,Cc1ccc(cc1)C[N+](Cc1ccc(cc1)C)(C)C
461,CCN(CC)CCOC1=C(C(=CC=C1)OCCN(CC)CC)OCCN(CC)CC
462,CCCCCCO
463,C1CCCOCC1
464,CCCN1c2ccccc2C(/C/1=C/C=C/1\CCCC(=C1Cl)/C=C/C1=[N+](CCC)c2c(C1(C)C)cccc2)(C)C.[I-]
465,[N+](=O)([O-])[O-].[N+](=O)([O-])[O-].[N+](=O)([O-])[O-].O.O.O.O.O.O.[La+3]
466,CC(CO)CBr
467,CC(C)O
468,CCOC(=O)C
469,CCCCC[n+]1ccccc1
470,CS(=O)C
471,C[N+](C)(C)CC(CC(=O)[O-])O
472,CCCC[N+](CCCC)(CCCC)CCCC.[Br-]
473,O=C(Cc1ccccc1)N[C@H]1C(=O)N2[C@H]1SC([C@H]2C(=O)[O-])(C)C.[Na+]
474,C(CCCC(=O)O)CCCN
475,[NH3+]Cc1ccc2c3c1ccc1c3c(cc2)ccc1
476,C[n+]1c2ccccc2c(c2c1cccc2)c1c2ccccc2[n+](c2c1cccc2)C.[O-][N+](=O)[O-].[O-][N+](=O)[O-]
477,C1=CC=C(C=C1)CC(C(=O)O)N
478,[Na]OC(=O)CCN1C(=O)c2ccc3c4c2c(C1=O)ccc4C(=O)N(C3=O)CCC(=O)O[Na]
479,CC1C(O1)C
480,[I-].C[N+]1=CC=CC2=CC=CC=C12
481,C1C(O1)C2=CC=CC=C2
482,NCCCC[C@@H](C(=O)N[C@H](C(=O)N[C@H](C(=O)N[C@H](C(=O)N[C@H](C(=O)O)Cc1ccccc1)Cc1ccccc1)C(C)C)CC(C)C)NC(=O)[C@H](CCCCN)N
483,C
484,C(CCCC=C)(=O)O
485,ClC1=NC(=CC=C1)Cl
486,C1=CN=CC=C1CN
487,C1=CSC=C1
488,C[N+](Cc1ccc(cc1)C[N+](C)(C)C)(C)C.[Br-].[Br-]
489,[I-].CN(C1=CC=C(/C=C/C2=CC=[N+](C=C2)C)C=C1)C
490,N[C@@H](C)C(=O)N[C@@H](CCSC)C(=O)N[C@@H](CC1=CC=C(C=C1)O)C(=O)O
491,[N+](=O)([O-])C
492,COCOC
493,CN(C)C1=CC2=C(C=C1)C=C3C=CC(=[N+](C)C)C=C3O2.[Cl-]
494,C1C(C)O1
495,C1=CC=C2C(=C1)C(=CN2)CC(C(=O)O)NC(=O)C(CCC(=O)O)N
496,C1=C(NC=N1)CC(C(=O)O)N
497,C1CC2CC1N=N2
498,C1CC(=O)N(C1=O)C2=CC=CC=C2
499,[Tl+]
500,C1(CCCCC1)C1(CCCCC1)C(=O)OCCN(CC)CC
501,C1=CC(=NC(=C1)C(=O)O)C(=O)O
502,[CH-]1C=CC=C1.[CH-]1C=CC=C1.[Co+2]
503,Cl[Cu]Cl
504,n1ccc(cc1)c1ccncc1.Cl.Cl
505,[N+](=O)([O-])[O-].[Rb+]
506,C(CCCCCCCCC)(=O)O
507,[Cl-].[K+]
508,N[C@@H](CC1=CC=C(C=C1)O)C(=O)N[C@@H](CCSC)C(=O)N[C@@H](C)C(=O)O
509,C[N+](C)(C)CC(=O)[O-]
510,CP(OC(C)C)(OC(C)C)=O
511,O=C(NC1=CC=C2C=C3C=CC=CC3=CC2=C1)OCCOCCOCCOCCOCCOCCOCCOCCOCCOCCOCCOCCOCCOCCOCCOCCOCCOCCOCCOCCOCCOCCOCCOCCOCCOCCOCCOCCOCCOCCOCCOCCOCCOCCOCCOCCOCCOCCOCCOCCOCCOCCOCCOCCOCCOCCOC
512,C1=CC=C(C=C1)C[NH2+]CC2=CC=CC=C2
513,C[n+]1ccc(cc1)c1cc[n+](cc1)CCCCCC[n+]1ccc(cc1)c1cc[n+](cc1)C
514,CNCC(C1=CC(=CC=C1)O)O
515,O[C@]12C[C@@H]3[C@@H]4[C@H](C1)C1C5(C2)C3[C@@H]2[C@H](C4)[C@@]1(O)C[C@H](C5)C2
516,CC(C(=O)[O-])NC(=O)C
517,c1ccc(nc1)c1ccccn1.c1ccc(nc1)c1ccccn1.c1ccc(nc1)c1ccccn1.[Ir+3]
518,C1=CC(=CC2=C1C=CC(=C2)O)O
519,C1CCC(C1)O
520,O=C(O)C(N)CCCN
521,[Cl-]
522,CCCN1C=C[N+](=C1)C.[Br-]
523,C(C(=O)O)N
524,O=C1C(O)=C(O)[C@H](O1)[C@@H](O)CO
525,NCC(=O)N[C@@H](CC(C)C)C(=O)O
526,C1CCCC(CC1)O
527,C(C)(C)C12N=NC(CC1)(CC2)C
528,CC(C1C(=O)NC(C(=O)NC(C(=O)NC(C(=O)NC(CSSCC(C(=O)NC(C(=O)NC(C(=O)NC(C(=O)NC(C(=O)NC(C(=O)NC(C(=O)N1)CCCCN)CC2=CNC3=CC=CC=C32)CC4=CC=CC=C4)CC5=CC=CC=C5)CC(=O)N)CCCCN)NC(=O)CNC(=O)C(C)N)C(=O)O)CO)C(C)O)CC6=CC=CC=C6)O
529,C1=CC(=CC=C1O)I
530,C[N+]12CCC(CC1)CC2.[I-]
531,C(=O)[O-]
532,CC1=CC=C(C=C1)NC2=CC3=C(C=C2)C=C(C=C3)S(=O)(=O)[O-].[Na+]
533,C[n+]1ccccc1
534,COC1=CC=C2C=CC(OC2=C1)=O
535,[NH3+]CCC[NH2+]CCCC[NH3+]
536,C1=CC2=C(C=C1O)C(=CN2)CCN
537,CCCCCCN1C=C[N+](=C1)C.[Br-]
538,CC1=C2C=C(C(=CC2=CC3=[N+]1C=CC4=CC(=C(C=C43)OC)OC)OC)OC.[Cl-]
539,F[B-](F)(F)F.C1(=CC=CC=C1)C1=[O+]C(=CC(=C1)C1=CC=CC=C1)C1=CC=CC=C1
540,C1C2CC3CC1CC(C2)(C3)[NH3+]
541,C1=CC(=CC=C1O)F
542,C1=CC(=CC=C1CCN)O
543,C1=CC2=C(C=CC(=C2)O)C(=C1)O
544,C1CN(CCN1CCC2=C(C=C3C(=C2)CC(=O)N3)Cl)C4=NSC5=CC=CC=C54
545,C1COC1
546,[NH3+]Cc1ccc(cc1)C[NH3+].[Cl-].[Cl-]
547,C[N+](C)(C)CCOC(=O)CCC(=O)OCC[N+](C)(C)C
548,C[N+]1=CC=C(C=C1)C2=CC=NC=C2
549,C=CCCCC1CO1
550,C(CC1=CC=CC=C1)[NH3+]
551,[La+3]
552,C1=CC2=C3C(=C1)C=CC4=CC=CC(=C43)C=C2
553,OCCOCCOCCOCCOCCOCCOCCOCCOCCOCCOCCOCCOCCOCCOCCOCCOCCOCCOCCOCCOCCOCCOCCOCCOCCOCCOCCOCCOCCOCCOCCOCCOCCOCCOCCOCCOCCOCCOCCOCCOCCOCCOCCOCCOC1=CC2=CC=CC=C2C=C1
554,CCN(CC)C1=CC2=C(C=C1)C=C3C=CC(=[N+](CC)CC)C=C3O2.[Cl-]
555,C[N+]([C@@H]1CC[C@H](CC1)[N+](C)(C)C)(C)C.[I-].[I-]
556,[Cl-].[Rb+]
557,CN(C)C(=NCCCC(C(=O)O)N)N
558,C1=CC=C(C=C1)NC2=CC3=C(C=C2)C=C(C=C3)S(=O)(=O)[O-]
559,CCC(COC(=O)C1=CC(=C(C(=C1)OC)OC)OC)(C2=CC=CC=C2)N(C)C
560,CC1(C2CCC(C2)(C1O)C)C
561,N1=C(C=CC(=C1)N)C1=NC=CC=C1
562,CCCCCCCCCCCC[N+](C)(C)C.[Br-]
563,C1=CN=CN1
564,CC1=CC=C(CN)C=C1
565,C(CCCCCCCC)(=O)O
566,CCCCC(=O)[O-]
567,C[N+]1=CC=C(C=C1)C2=CC=[N+](C=C2)CCC[NH3+]
568,C(Br)Br
569,C(CCCCCCC)(=O)O
570,C1C=CC=C1.[CH-]1C=CC=C1.[Co+2]
571,C[NH+](CCCCCC[NH+](C)C)C.[Cl-].[Cl-]
572,CC(C)C(C(=O)O)N
573,OC1=CC=C(C=C1)C1=CC=C(C=C1)O
574,C1CC(N(C1)C(=O)C(CCCCN)NC(CCC2=CC=CC=C2)C(=O)O)C(=O)O
575,[O-]S(=O)(=O)OOS(=O)(=O)[O-]
576,C(Cl)Br
577,CC(=O)C1CCC2C1(CCC3C2CCC4=CC(=O)CCC34C)C
578,C(C1C(C(C(C(O1)O)O)O)O)O
579,C1=CC(=CC=C1CCN)O.Cl
580,C1=CC(=C(C=C1O)CC(=O)O)O
581,CC(C(C1=CC=CC=C1)O)NC.Cl
582,CC(=O)OC1CCC2C1(CCC3C2CCC4=C3C=CC(=C4)O)C
583,C1=CC=C(C=C1)CC(C(=O)O)N.Cl
584,ClC=1C=C(C(=O)O)C=CC1
585,C1COC=CO1
586,C12=C3C4=C5C6=C1C7=C8C9=C1C%10=C%11C(=C29)C3=C2C3=C4C4=C5C5=C9C6=C7C6=C7C8=C1C1=C8C%10=C%10C%11=C2C2=C3C3=C4C4=C5C5=C%11C%12=C(C6=C95)C7=C1C1=C%12C5=C%11C4=C3C3=C5C(=C81)C%10=C23
587,C[n+]1ccc(cc1)c1cc[n+](cc1)C.[I-].[I-]
588,C1(=CC=CC=C1)/C(=C(\CC)/C1=CC=CC=C1)/C1=CC=C(OCCN(C)C)C=C1
589,[Br-].[Cs+]
590,C1=CC2=C(C=CC=C2O)C(=C1)O
591,COC(=O)C(CC1=CC=CC=C1)NC(=O)C(CC(=O)O)N
592,O=C(NC1=CC=C(C=C1)C2=CC=CC=C2)OCCOCCOCCOCCOCCOCCOCCOCCOCCOCCOCCOCCOCCOCCOCCOCCOCCOCCOCCOCCOCCOCCOCCOCCOCCOCCOCCOCCOCCOCCOCCOCCOCCOCCOCCOCCOCCOCCOCCOCCOCCOCCOCCOCCOCCOCCOC
593,C[N+](C)(C)CC1=CC=C([N+]([O-])=O)C=C1
594,C(C)(=O)N[C@@H](C)C(=O)[O-]
595,[C-]#N
596,C1=CC(=CC=C1C#N)O
597,CC1(C2CC1C(C(C2)O)(C)O)C
598,C[N+]1=CC2=C3C4=C(C=[N+](C)C=C4C=CC3=C1)C=C2
599,CC(c1ccccc1[N+](=O)[O-])OCC[N+](C)(C)C
600,COC(=O)CC1=CC=CC=C1
601,C(C)OC(=O)C1=CC=C(C=C1)[N+]1=CC=C(C=C1)C1=CC=[N+](C=C1)C1=CC=C(C=C1)C(=O)OCC
602,C[N+]1(CCC23C4C1CC5=C2C(=C(C=C5)O)OC3C(C=C4)O)C.[I-]
603,OC=1C=C(C[C@H](N)C(=O)O)C=CC1O
604,C1=CC=C(C=C1)CN.Cl
605,CC1(C)C(/C=C/C2=C([O-])C=CC([N+]([O-])=O)=C2)=[N+](CCO)C3=CC=CC=C31
606,CC12CCC3C(C1CCC2O)CCC4=CC(=O)CCC34C
607,C(CCCCCCCCCCC)(=O)O
608,C12CCCC2O1
609,OCC[N+](CCN1C(=O)c2ccc3c4c2c(C1=O)ccc4c1c2c3ccc3c2c(cc1)C(=O)N(C3=O)CC[N+](CCO)(C)C)(C)C.[Br-].[Br-]
610,N[C@@H](CCSC)C(=O)N[C@@H](CC1=CC=C(C=C1)O)C(=O)NCC(=O)NCC(=O)N[C@@H](CC1=CC=C(C=C1)O)C(=O)O
611,C1CC23CCC[N+]2(C1)CCC3.[Cl-]
612,CCCC[NH2+]C
613,C1=CNC=C1
614,C1=CC=C2C=C3C=CC=CC3=CC2=C1
615,CC1(C(CCC1(C)C(=O)O)C(=O)O)C
616,C[N+](=C1C=CC2=NC3=C(C=CC4=CC=CC=C43)OC2=C1)C.[Cl-]
617,[NH3+]CCC[NH2+]Cc1ccc(cc1)C[NH2+]CCC[NH3+].[Cl-].[Cl-].[Cl-].[Cl-]
618,CCN(CC)C1=CC2=C(C=C1)C=C(C(=O)O2)C3=NC4=CC=CC=C4S3
619,[NH3+]CCCCC(C(=O)[O-])[NH3+]
620,C(CCN)N
621,CC1(C(N2C(S1)C(C2=O)NC(=O)C(C3=CC=CC=C3)N)C(=O)O)C
622,[Ne]
623,N[C@@H](CC1=CNC=N1)CO
624,CCNC(=[NH2+])N
625,Cl[Ni]Cl
626,C(C1=CC=CC=C1)(=O)[O-].[Na+]
627,C1=CC(=CC=C1O)Cl
628,CC(C(=O)OC)NC(=O)OC(C)(C)C
629,CC(CC(=O)O)C1=CC=CC=C1
630,CC(=O)NCCCCC(C(=O)O)N
631,CC1(C(N2C(S1)C(C2=O)NC(=O)C(C3=CC=CC=C3)C(=O)O)C(=O)O)C
632,NCCCO
633,C(CCl)Cl
634,C[N+]1=CN(C=C1)CC2=CC=C(C=C2)C3=CC=C(C=C3)CN4C=C[N+](=C4)C
635,COC=1C(=CC2=CC=CC=C2C1)O
636,OCC(C(=O)NC(C(=O)NCC(=O)O)CC(C)C)NC(=O)C(Cc1c[nH]c2c1cccc2)NC(=O)C(NC(=O)C(NC(=O)C(CC(C)C)N)CCCNC(=N)N)CCCNC(=N)N
637,C(C)(=O)NC(C(=O)O)C1=CC=CC=C1
638,C(CCCCCC)(=O)O
639,O=C(C(=O)O)CC1=CC=CC=C1
640,N[C@@H](CC(C)C)C(=O)N[C@@H](C(C)C)C(=O)O
641,C[N+](CCCC[N+](C)(C)C)(C)C.[I-].[I-]
642,N[C@@H](CC(C)C)C(=O)N[C@@H](C)C(=O)O
643,CN1CCC23C4C1CC5=C2C(=C(C=C5)O)OC3C(C=C4)O
644,C(C(CO)C1=CC=CC=C1)(=O)N
645,[Br-].C[N+]1=CN(C=C1)CCCCC
646,COc1cccc(c1)C[N+](Cc1cccc(c1)OC)(C)C
647,NC(=[NH2+])N
648,CC(=C)C1CC2=C(O1)C=CC3=C2OC4COC5=CC(=C(C=C5C4C3=O)OC)OC
649,CN(C)C1=CC(NC(C(C=C/2)=C3)=CC2=[N+](C)/C)=C3C=C1
650,CC12CCC3C(C1CCC2O)CCC4=C3C=CC(=C4)O
651,C1=CC=C(C(=C1)O)Cl
652,Cl.COC(C(N)CC1=CC=C(C=C1)O)=O
653,CCCBr
654,F[P-](F)(F)(F)(F)F.[CH-]1C=CC=C1.[CH-]1C=CC=C1.[Co+2]
655,O[C@@H](C1=CC=CC=C1)C([O-])=O
656,CC1(OC1)C
657,C1=CC(=CC=C1O)Br
658,CC[N+](CC)(CC)CC1=CC=CC=C1
659,C(C)[C@]1(C(OCC=2C(N3CC=4C=C5C=C(C=CC5=NC4C3=CC12)O)=O)=O)O
660,Nc1ccc(cc1)N=Nc1ccccc1
661,C(CCN=C(N)N)CN
662,C1=CC(=CC=C1O)O
663,[N+](=O)([O-])[O-].[Na+]
664,CCCCCCCCCCCC[N+](C)(C)C
665,CC(C)CCCC(C)C1CCC2C1(CCC3C2CC=C4C3(CCC(C4)O)C)C
666,CCOCCCN
667,CCN(CC)C1=CC2=C(C=C1)C=C(C(=O)O2)C3=NC4=CC=CC=C4N3
668,O[C@H](C1=CC=CC=C1)C([O-])=O
669,C1=CC=C(C=C1)C(C(C2=CC=CC=C2)O)N
670,CN(CC1=CN=C2C(=N1)C(=NC(=N2)N)N)C3=CC=C(C=C3)C(=O)NC(CCC(=O)O)C(=O)O
671,C(C)(C)(C)C1=CC=C(C[N+](CC2=CC=C(C=C2)C(C)(C)C)(C)C)C=C1
672,[N+](=O)([O-])[O-].[Ni+2].[N+](=O)([O-])[O-]
673,O=C(NC1=C(C=C2C3=CC=CC=C3OC2=C1)OC)OCCOCCOCCOCCOCCOCCOCCOCCOCCOCCOCCOCCOCCOCCOCCOCCOCCOCCOCCOCCOCCOCCOCCOCCOCCOCCOCCOCCOCCOCCOCCOCCOCCOCCOCCOCCOCCOCCOCCOCCOCCOCCOCCOCCOCCOCCOC
674,C1=CC=C2C(=C1)C=C3C=CC=CC3=N2
675,CCO
676,N[C@H](C(=O)O)CCC(=O)N[C@@H](CS)C(=O)NCC(=O)O
677,COC(=O)C(CC1=CC=CC=C1)N.Cl
678,CCN(CC)C1=CC=C(C=C1)C#N
679,[NH2+](Cc1ccccc1)Cc1ccc(cc1)Oc1cc(cc(c1)Oc1ccc(cc1)C[NH2+]Cc1ccccc1)Oc1ccc(cc1)C[NH2+]Cc1ccccc1.C1COCCOc2ccccc2OCCOCCOCCOc2c(OCCO1)nc1ccccc1n2.C1COCCOc2ccccc2OCCOCCOCCOc2c(OCCO1)nc1ccccc1n2.F[P-](F)(F)(F)(F)F.F[P-](F)(F)(F)(F)F.F[P-](F)(F)(F)(F)F
680,[Cu+2]
681,CC1=C2C(C(=O)C3(C(CC4C(C3C(C(C2(C)C)(CC1OC(=O)C(C(C5=CC=CC=C5)NC(=O)C6=CC=CC=C6)O)O)OC(=O)C7=CC=CC=C7)(CO4)OC(=O)C)O)C)OC(=O)C
682,C(CC(=O)O)C(C(=O)O)N
683,ClC(C(=O)[O-])(Cl)Cl.[Na+]
684,BrC1=C(C[N+](CC2=C(C=CC=C2)Br)(C)C)C=CC=C1
685,CC(C)CC(C(=O)O)N
686,[NH3+]CCCCCCCCCC[NH3+]
687,NCCC(=O)O
688,CC(=CCCC(=CCN)C)C
689,NCCCC[C@@H](C(=O)N[C@H](C(=O)N[C@H](C(=O)N[C@H](C(=O)N[C@H](C(=O)O)CO)CCCCN)[C@H](O)C)[C@H](O)C)N
690,C(CCCC)(=O)O
691,CC12CCC3C(C1CCC2O)CCC4=CC(=O)CCC34
692,CC1=CC(=CC=C1)C[NH3+]
693,C[N+](Cc1cccc2c1cccc2)(Cc1cccc2c1cccc2)C
694,C1=CC(=CC=C1CC(C(=O)O)N)O
695,CCNC(=O)C
696,[NH3+]CCCC(=O)[O-]
697,C1=CC(=CC(=C1)O)O
698,CCCC[NH3+]
699,[N+](=O)([O-])[O-]
700,CC(CCC(=O)O)C
701,CCN(CC)CC(=O)NC1=C(C=CC=C1C)C.Cl
702,CCCCCCCCCCCCCCCC[N+](C)(C)C.[Br-]
703,COc1ccc(cc1)C[N+](Cc1ccc(cc1)OC)(C)C
704,CC[N+](CC)(CC1=CC=CC=C1)CC2=CC=CC=C2
705,CC(=O)OC1C=CC2C3CC4=C5C2(C1OC5=C(C=C4)OC(=O)C)CCN3C
706,CCCCC[N+]12CCN(CC1)CC2
707,C[N+](CCO[Si]1(OCC[N+](C)(C)C)n2c3/N=C/4\N=C(/N=c/5\n1/c(=N\C1=N/C(=N\c2c2c3cccc2)/c2c1cccc2)/c1c5cccc1)c1c4cccc1)(C)C
708,CC(CC[NH3+])(C)C
709,NCC(=O)NCC(=O)N[C@@H](CC1=CNC2=CC=CC=C12)C(=O)NCC(=O)NCC(=O)O
710,C1OC2=C(O1)C=C(C=C2)C(=O)O
711,C[N+](C)(C)CC1=CC=CC=C1
712,C[N+]1=CC=C(C2=CC(C3=C(C4=C(C)SC(C(C=C5)=CC=[N+]5C)=C4)CCC3)=C(C)S2)C=C1
713,C/[N+](C)=C1C=C/C(C=C/1)=C(C2=CC=C(N(C)C)C=C2)\C3=CC=C(N(C)C)C=C3.[Cl-]
714,CC1=CC=C(C=C1)S(=O)(=O)[O-].CN1C2=CC=CC=C2SC1=CC3=CC=[N+](C4=CC=CC=C34)C
715,C1=CC(=O)C=CC1=O
716,CC(=O)NC(CC1=CC=CC=C1)C(=O)O
717,C1=CC(=CC(=C1)[N+](=O)[O-])C(=O)O
718,C12=C(N=CC=C3)C3=CC=C1C=CC=N2
719,[NH3+]Cc1cccc(c1)C[NH3+].[Cl-].[Cl-]
720,C1(CC=CCC1)C(=O)O
721,FC=1C=C(C[N+]2=CN(C=C2)C=C)C=C(C1F)F
722,c1ccc2c(c1)[nH+]c1c(c2)cccc1
723,[NH3+]Cc1ccc(cc1)C[NH3+]
724,[NH3+]CCCCC(C(=O)NC(C(=O)NC(C(=O)NCC(=O)NC(C(=O)N)Cc1ccc(cc1)O)C(O)C)CO)NC(=O)C(NC(C(=O)NC(=O)C(C(O)C)[NH3+])C)CCCNC(=[NH2+])N
725,C1C[N+]2=C(C=C3C=CC4=C(C3=C2)OCO4)C5=CC6=C(C=C51)OCO6
726,O=C(NC1=CC=C2C3=CC=CC=C3CC2=C1)OCCOCCOCCOCCOCCOCCOCCOCCOCCOCCOCCOCCOCCOCCOCCOCCOCCOCCOCCOCCOCCOCCOCCOCCOCCOCCOCCOCCOCCOCCOCCOCCOCCOCCOCCOCCOCCOCCOCCOCCOCCOCCOCCOCCOC
727,CC1(C)C(/C=C/C2=C(O)C=CC([N+]([O-])=O)=C2)=[N+](CCO)C3=CC=CC=C31
728,N[C@@H](CCSC)C(=O)N[C@@H](CCCCN)C(=O)N[C@@H](C)C(=O)O
729,CC[N+](Cc1ccccc1)(Cc1ccccc1)C
730,C1C(O1)COCC2=CC=CC=C2
731,CC1(C2CC1C(C(=O)C2)(C)O)C
732,C1CC(CCC1N)N
733,[Cl-].C(CC)[N+](CCC)(CCC)CCC
734,ClCCN(C1=CC=C(C=C1)CCCC(=O)O)CCCl
735,CC(CC(C(=O)NCC(=O)O)NC(=O)C(NC(=O)C(Cc1c[nH]c2c1cccc2)NC(=O)C(NC(=O)C(NC(=O)C(CC(C)C)N)CCCNC(=N)N)CCCNC(=N)N)COP(=O)(O)O)C
736,CC12CCC(=O)C=C1C3CC3C4C2CCC5(C4C6CC6C57CCC(=O)O7)C
737,C1(C2=NC=CC=C2)=NC=CC=C1.C3(C4=CC=CC=C4)=CC=CC=N3.C5(C6=CC=CC=C6)=CC=CC=N5.[Ir+]
738,CC(C(C1=CC=CC=C1)O)NC
739,C[C@H]1C[N+](C)(C)CC[N+]1(C)C
740,C(C)[NH3+]
741,CCCCCC([NH3+])C
742,[Br-].C(C)N1C=[N+](C=C1)C
743,CC(C1=CC2=C(C=C1)C=C(C=C2)OC)C(=O)O
744,COCCOCCOCCOCCN1C(C=2C=CC=3C(N(C(C=4C3C2C(C1=O)=CC4)=O)CCOCCOCCOCCOC)=O)=O
745,[Kr]
746,COC(=O)OC
747,O=C(N[C@H](C(=O)NCC(=O)NCC(=O)N)Cc1c[nH]c2c1cccc2)CNC(=O)CNC(=O)C
748,[Na+].[Na+].[S-2]
749,[NH3+]Cc1cccs1
750,COCCOCCOCCOCCOCCOCCOCCOCCOCCOCCOCCOCCOCCOCCOCCOCCOCCOCCOCCOCCOCCOCCOCCOCCOCCOCCOCCOCCOCCOCCOCCOCCOCCOCCOCCOCCOCCOCCOCCOCCOCCOCCOCCOCCOCCOCCOCCOCCOCCOCCOCCOCCOCCOCCOCCOCCOCCOCCOCCOCCOCCOCCOCCOCCOCCOCCOCCOCCOCCOCCOCCOCCOCCOCCOCCOCCOCCOCCOCCOCCOCCOCCOCCOCCOCCOCCOCCOCCOCCOCCOCCOCCOCCOCCOCCOCCOCCOCCOCCOCCOCCOCCOCCOCCOCCOCCOCCOCCOCCOCCOCCOCCOCCOC(=O)Nc1ccc2c(c1)cc1c(c2)cccc1
751,FC(c1ccc(cc1)C[N+](Cc1ccc(cc1)C(F)(F)F)(C)C)(F)F
752,C(CC)(=O)O
753,COC(=O)[C@H](Cc1nc[nH]c1)NC(=O)OC(C)(C)C
754,C1=CC=C(C=C1)C(=O)N
755,CCCN(CCOC1=C(C=C(C=C1Cl)Cl)Cl)C(=O)N2C=CN=C2
756,OCCOCCOCCOC1=CC2=CC=CC=C2C=C1
757,C(=C\C1=CC=[N+](C=C1)CCCC)/C1=CC=[N+](C=C1)CCCC
758,N1CCNCC1
759,CC(CCC(=O)NCCS(=O)(=O)[O-])C1CCC2C1(C(CC3C2C(CC4C3(CCC(C4)O)C)O)O)C.[Na+]
760,O(CC[n+]1ccccc1)CC[n+]1ccccc1.[Br-].[Br-]
761,c1c[n+]2ccc1/C=C/c1ccc(cc1)/C=C/c1cc[n+](cc1)Cc1ccc(cc1)C[n+]1ccc(/C=C/c3ccc(/C=C/c4cc[n+](Cc5ccc(C2)cc5)cc4)cc3)cc1
762,NCCCCCO
763,C[C@@H]1O[C@H]1C
764,C1(=CCC2=CC=C3C=CC=C4C=CC1C2=C34)/C=C/C3=CCN(C=C3)C
765,N1=CC=NC2=C1C=CC=C2
766,C(CC(C(=O)O)N)CN=C(N)N.Cl
767,C[N+](C)(C)C.[I-]
768,CCNC1=C(C=C2C(=C1)OC3=CC(=[NH+]CC)C(=CC3=C2C4=CC=CC=C4C(=O)OCC)C)C.[Cl-]
769,CN(CCC=C1C2=CC=CC=C2CCC2=CC=CC=C12)C
770,[Al+3]
771,C1=C(C=CC=2OC3=CC=CC=C3SC12)C1=NC2=CC=CC=C2N=C1
772,c1ccc2c(n1)c1ncccc1cc2.c1ccc2c(n1)c1ncccc1cc2.c1ccc2c(n1)c1ncccc1cc2.c1ccc2c(n1)c1ncccc1cc2.Cc1ccnc(c1)c1nccc(c1)CCCCCc1ccnc(c1)c1nccc(c1)C.[Ru+2][Ru+2]
773,C(O)CN
774,[Tb+3]
775,[Al](Cl)(Cl)Cl
776,Fc1ccc(cc1)C[N+](Cc1ccc(cc1)F)(C)C
777,C(C(C(=O)O)N)C(=O)O
778,CC12CCC3C(C1CC(C2O)O)CCC4=C3C=CC(=C4)O
779,C1=CC=C(C=C1)OP(=O)([O-])[O-].[Na+].[Na+]
780,Cl[Ag]
781,C[N+](C=C1)=CC=C1/C=C/C2=CC=[N+](C)C=C2
782,F[P-](F)(F)(F)(F)F.CC[N+](CC)(CC)CC
783,C(CCCCO)O
784,CN(C)C1=CC2=C(C=C1)C=C3C=CC(=CC3=N2)N(C)C
785,[NH3+]CCCCCCCC[NH3+]
786,C1=CC=C(C=C1)COC(CO)C(CO)O
787,[NH4+].[N+](=O)([O-])[O-]
788,CCC[NH3+]
789,NCCCCO
790,CCCC[NH2+]C12C[C@@H]3C[C@H](C2)C[C@H](C1)C3
791,C[N+](C)(C)CCOC(=O)N
792,C(CC[N+]1=CC=C(C=C1)C(C)(C)C)[N+]1=CC=C(C=C1)C(C)(C)C
793,CC(=O)NC1=CC=C(C=C1)O
794,[N+](=O)([O-])C1=CC=C(C=C1)[N+]1=CC=C(C=C1)C1=CC=[N+](C=C1)C1=CC=C(C=C1)[N+](=O)[O-]
795,C1=CC=C2C=C(C(=CC2=C1)C(=O)O)O
796,Oc1ccc(cc1)C[C@@H](C(=O)N[C@H](C(=O)N[C@H](C(=O)O)C)Cc1ccc(cc1)O)N
797,CCC(=O)OC1CCC2C1(CCC3C2CCC4=CC(=O)CCC34)C
798,C(CCCCCCC(=O)OCC[N+](C)(C)C)(=O)OCC[N+](C)(C)C
799,C[NH+]=C(N)N
800,C1CCC(=O)CC1
801,CCC
802,CC(CC[NH3+])C
803,CC[N+](=C1C=CC2=NC3C(C(=C(C=C3N)N)C)OC2=C1)CC.[Cl-]
804,C(CC[NH2+]CCC[NH3+])C[NH2+]CCC[NH3+]
805,[NH3+]CCC[n+]1ccc(cc1)c1ccncc1
806,C1=CC=C2C(=C1)C=CN2
807,S(=O)(=O)([O-])[O-].[Na+].[Na+]
808,C[N+](Cc1ccccc1)(Cc1ccccc1)C
809,N#N
810,C1=CC=C(C=C1)C(C(=O)O)N
811,CCCCCCCC[N+](C)(C)C.[Br-]
812,C(CCN)CC(=O)O
813,CC1(CCCCC1)O
814,CC(C(=O)[O-])CC
815,OC(=O)c1ccccc1c1c2cc(Br)c(c(c2oc2-c1cc(Br)c(=O)c2Br)Br)O
816,[N+](=O)([O-])[O-].[Li+]
817,CCCC([NH3+])C
818,C1(=C(C=CC2=CC=CC=C12)OCCCCCC[N+]1=CC=C(C=C1)C1=CC=[N+](C=C1)C)C1=C(C=CC2=CC=CC=C12)OCCCCCC[N+]1=CC=C(C=C1)C1=CC=[N+](C=C1)C
819,NCCCC[C@@H](C(=O)N[C@H](C(=O)N[C@H](C(=O)O)CCCCN)CCCCN)NC(=O)[C@H](CCCCN)N
820,C1=CC(=CC=C1C#N)C(=O)O
821,S(=O)(=O)(C1=CC=CC=2C(N(C)C)=CC=CC12)OCC[N+](C)(C)C
822,O1C=NC=C1
823,[NH3+]CC1CCCC1
824,CN(C)C(C=C1)=CC=C1C2=CN=C(C3=CC=C(S(=O)([O-])=O)C=C3)O2
825,N1N=NC2=C1C=CC=C2
826,NCC(=O)N[C@@H](CC(N)=O)C(=O)O
827,CSCC[C@@H](C(=O)N[C@H](C(=O)NCC(=O)NCC(=O)N[C@H](C(=O)O)Cc1ccc(cc1)O)CCCNC(=N)N)N
828,C(CCC[NH3+])CC[NH3+]
829,CCNC1=CC2=C(C=C1C)N=C3C=C(C(=[NH+]CC)C=C3S2)C.[Cl-]
830,C1([N+]2=CC=C(C3=CC=[N+](C4=CC=CC=C4)C=C3)C=C2)=CC=CC=C1
831,[Hg+2]
832,CC(CCC=C(C)C)CC(=O)O
833,[Cl-].C(CCCC[NH3+])[NH3+].[Cl-]
834,CC(C(=O)O)NC(=O)C(CC1=CC=CC=C1)NC(=O)C(CCSC)N
835,OC1=CC(OC2=CC(=CC=C12)OC)=O
836,c1cc[n+](cc1)Cc1ccc(cc1)/N=N/c1ccc(cc1)C[n+]1ccccc1
837,N1=CC=C(C=C1)C1=CC=NC=C1
838,CC12CCC3C(C1CCC2(C#C)O)CCC4=C3C=CC(=C4)O
839,C1=CC(=CC=C1N)N.Cl.Cl
840,NC1=CC=2C(C3=CC=CC=C3C2C=C1)O
841,C1=CC(=CC=C1C(C(CO)NC(=O)C(Cl)Cl)O)[N+](=O)[O-]
842,[Pb+2]
843,C1(=CC=CC=C1)C1=CC=C(C=N1)N
844,O=C(CC[C@@H](C(=O)NCC(=O)NCC(=O)NCC(=O)N)NC(=O)CNC(=O)CNC(=O)CNC(=O)C)NCC[n+]1ccc(cc1)c1cc[n+](cc1)C
845,C(CC[N+]12CCN(CC1)CC2)CC[N+]12CCN(CC1)CC2
846,CC1(C2CCC1(C(=O)C2)CS(=O)(=O)O)C
847,ClC1=CC=C(C[N+](CC2=CC=C(C=C2)Cl)(C)C)C=C1
848,CC12CCC(=O)C=C1CCC3C2C(CC4(C3CCC4(C(=O)CO)O)C)O
849,O=C(NC1=CC=C(/N=N/C2=CC=CC=C2)C=C1)OCCOCCOCCOCCOCCOCCOCCOCCOCCOCCOCCOCCOCCOCCOCCOCCOCCOCCOCCOCCOCCOCCOCCOCCOCCOCCOCCOCCOCCOCCOCCOCCOCCOCCOCCOCCOCCOCCOCCOCCOCCOCCOCCOCCOCCOCCOC
850,[N+](=O)([O-])[O-].[Cs+]
851,C1=CC=NC(=C1)C2=CC=CC=N2.C1=CC=NC(=C1)C2=CC=CC=N2.C1=CC=NC(=C1)C2=CC=CC=N2.[Ru+2]
852,CC(C1=CC=CC=C1)(C2=CC=CC=N2)OCCN(C)C
853,[Cl-].[Cl-].[Ba+2]
854,[Cl-].[Dy+3].[Cl-].[Cl-]
855,C12N=NCC(CC1)CC2
856,[NH3+]CCCCC(=O)[O-]
857,S(F)(F)(F)(F)(F)F
858,NC1=CC=C(C=C1)[N+]1=CC=C(C=C1)C1=CC=[N+](C=C1)C1=CC=C(C=C1)N
859,CCN(CC)C1=CC=C(C=C1)C(=C2C=CC(=[N+](CC)CC)C=C2)C3=CC=CC=C3.OS(=O)(=O)[O-]
860,COC1=CC=C2C=CC(OC2=C1CC=C(C)C)=O
861,NCCCNCCCCNCCCN
862,N[C@@H](C(=O)O)C
863,O=C(NCC(=O)NCC(=O)NCC(=O)N[C@H](C(=O)NCC(=O)NCC(=O)NCC(=O)N)Cc1c[nH]c2c1cccc2)CNC(=O)CNC(=O)CNC(=O)[C@H](Cc1c[nH]c2c1cccc2)NC(=O)CNC(=O)CNC(=O)CNC(=O)C
864,[O-]C(=O)CCCc1ccccc1
865,C(CCN)CC(C(=O)NC(CCCN=C(N)N)C(=O)O)N
866,C(CCCC)N1C=[N+](C=C1)C
867,C(C1=CC=CC=C1)(=O)O[C@@H]1[C@@]2(C[C@@H](C(=C([C@H](C([C@@]3([C@H](C[C@H]4OC[C@]4([C@@H]13)OC(C)=O)O)C)=O)O)C2(C)C)C)OC([C@@H]([C@H](C2=CC=CC=C2)NC(=O)OC(C)(C)C)O)=O)O
868,C1(CCCCC1)C(=O)O
869,CC[N+](CC)(CC)CC
870,C1=C[N+](=CC=C1C2=CC=[N+](C=C2)CCCN)CCCN
871,C(C)C=1C=C2C(=C(C(OC2=CC1OC)=O)C1=CC=C(O1)C(=O)OCC)O
872,O=C(NC1=CC=C(C=C1)C2=CC=CC=C2)OCCOCCOCCOCCOCCOCCOCCOCCOCCOCCOCCOCCOCCOCCOCCOCCOCCOCCOCCOCCOCCOCCOCCOCCOCCOCCOCCOCCOCCOCCOCCOCCOCCOCCOCCOCCOCCOCCOCCOCCOCCOCCOCCOCCOC
873,N[C@@H]([C@@H](O)C1=CC=CC=C1)C1=CC=CC=C1
874,C1=CC=C(C=C1)CC(C(=O)N)N
875,C(C(=O)NCC(=O)NCC(=O)O)N
876,CC1=C(N=CN1)CSCCNC(=NC)NC#N
877,N[C@@H](CCSC)C(=O)N[C@@H](CC(C)C)C(=O)NCC(=O)NCC(=O)N[C@@H](CC1=CC=C(C=C1)O)C(=O)O
878,C1=CC(=C(C=C1O)O)C2=C(C(=O)C3=C(C=C(C=C3O2)O)O)O
879,N[C@@H](CC1=CC=C(C=C1)O)C(=O)N[C@@H](CCCCN)C(=O)N[C@@H](C)C(=O)O
880,C[N+]([C@]12C[C@@H]3C[C@H](C1)C[C@](C2)(C3)[N+](C)(C)C)(C)C
881,C(CCCCC)[N+]1=CC=CC=C1
882,[O-][I](=O)(=O)=O
883,CC1=CC2C(CCC3(C2CCC3(C(=O)C)OC(=O)C)C)C4(C1=CC(=O)CC4)C
884,C(C1C(C(C(C(O1)OC2C(OC(C(C2O)O)O)CO)O)O)O)O
885,NCCCCC(C(=O)NC(C(=O)NC([C@@H](OP(=O)(O)O)C)C(=O)NC(C(=O)NC(C(=O)NC(C(=O)NC(C(=O)O)CC(C)C)CCCNC(=N)N)CCCNC(=N)N)CC(C)C)CCCNC(=N)N)NC(=O)C(Cc1c[nH]c2c1cccc2)N
886,CC(C)CC(C(=O)NC(CCSC)C(=O)NC(C)C(=O)O)N
887,CN1C=[N+](C=C1)C
888,C[N+](C12C[C@@H]3C[C@H](C2)C[C@H](C1)C3)(C)C
889,C1=CC(=CC2=NC3=C(C=CC(=C3)N)C=C21)N
890,C[N+](C)(C)CC1=CC=C[CH-]1.[CH-]1C=CC=C1.[Fe+2]
891,C(CC(C(=O)NC(CCCN=C(N)N)C(=O)NC(CCCN=C(N)N)C(=O)O)N)CN=C(N)N
892,CC(CO1)(C)N(C1(CC2)CC[N+]32CC4=CC5=C(C(C)(C)N(C5(C)C)[O])C=C4C3)[O].[Br-]
893,C(C)(=O)N[C@@H](CC1=CC=C(C=C1)O)C(=O)O
894,C=Cn1cc[n+](c1)Cc1c(F)c(F)cc(c1F)F
895,C1=CC=C(C=C1)C(=O)OC(C(C(=O)O)OC(=O)C2=CC=CC=C2)C(=O)O
896,C[NH2+]CCCCCC
897,C1C[N+]2=CC=CC=C2C3=CC=CC=[N+]31
898,C1=CC=C2C=CC=CC2=C1
899,C1C2CC3CC1CC(C2)C3N.Cl
900,C1C2C3CC4(CC2C5CC1(CC3C5C4)N)N
901,COC(C1=CC=CC=C1)C(=O)O
902,C1=CC(=CC=C1N)N
903,CC(CCC1=CC=CC=C1)N
904,[O-]Cl(=O)(=O)=O
905,[O-]C(=O)Cc1ccc(cc1)C
906,O=C(C1=CC2=C(C=C1)SC3=CC=CC=C3O2)O
907,CP(OC(C(C)(C)C)C)(F)=O
908,CC(=O)NC(CC1=CC=C(C=C1)O)C(=O)O
909,CC(C1CCCCC1)N
910,CN(C)C1=CC=C(C=C1)C(=N)C2=CC=C(C=C2)N(C)C.Cl
911,C1(=CC=C(C=C1)C)[N+]1=CC=C(C=C1)C1=CC=[N+](C=C1)C1=CC=C(C=C1)C
912,Cc1ccc2c(c1)sc([n+]2C)c1ccc(cc1)N(C)C.[Cl-]
913,C(C1=CC=CC=C1)[NH3+]
914,N1N=CN=C1
915,[N+](=O)([O-])[O-].[N+](=O)([O-])[O-].[Ca+2]
916,COC1=CC=C(C=C1)CC(=O)[O-]
917,O=C(OC)C1=CC(C[N+]2=CC=CC=C2)=CC=C1C[N+]3=CC=CC=C3
918,C1=CC=[N+]2C=3C=4N(CC=CC4C=CC13)CC2
919,CC12CCC3C(C1CCC2=O)CCC4=C3C=CC(=C4)O
920,C1=CC(=C(C=C1Cl)O)OC2=C(C=C(C=C2)Cl)Cl
921,C1=CC(=C(C=C1CN)O)O.Cl
922,N[C@@H]([C@H](O)C)C(=O)O
923,C1=C(N=C(S1)N=C(N)N)CSCCC(=NS(=O)(=O)N)N
924,[Na]OC(=O)c1ccc2c(c1)cc1c(c2)cccc1
925,c1ccc2c(n1)c1ncccc1cc2.c1ccc2c(n1)c1ncccc1cc2.c1ccc2c(n1)c1ncccc1cc2.[Ir+3]
926,CNC(=C[N+](=O)[O-])NCCSCC1=CSC(=N1)CN(C)C
927,CC1=CC=NC(C2=CC(CCCCCCCC3=CC=NC(C4=CC(C)=CC=N4)=C3)=CC=N2)=C1.CC5=CC=NC6=C5C=CC7=C6N=CC(C)=C7.[Ru+2]
928,[O-][Re](=O)(=O)=O
929,NCCCC[C@@H](C(=O)N[C@H](C(=O)N[C@H](C(=O)N[C@H](C(=O)N[C@H](C(=O)O)C)C)Cc1c[nH]c2c1cccc2)C)N
930,c1ccc(nc1)c1ccccn1.CCCC[NH2+]Cc1ccc(cc1)c1ccccn1.CCCC[NH2+]Cc1ccc(cc1)c1ccccn1.[Ir+]
931,[F-].[Na+]
932,C[n+]1cccc(c1)C(=O)O
933,N[C@H](C(=O)O)CO
934,CCN(c1ccc2c(c1)oc(=O)c(c2)c1nc2c(n1C)cccc2)CC
935,CC12CCC(=O)C=C1CCC3C2C(CC4(C3CCC4C(=O)CO)C)O
936,[Co+2]
937,F[P-](F)(F)(F)(F)F.F[P-](F)(F)(F)(F)F.F[P-](F)(F)(F)(F)F.C1(C[NH2+]CC2=CC=C(OC3=CC(OC(C=C4)=CC=C4C[NH2+]CC5=CC=CC=C5)=CC(OC(C=C6)=CC=C6C[NH2+]CC7=CC=CC=C7)=C3)C=C2)=CC=CC=C1
938,Cl.NC(C(O)C1=CC=C(C=C1)[N+](=O)[O-])CO
939,ClC=1C=C(C=CC1)O
940,O=C(CNC(=O)CNC(=O)[C@@H](NC(=O)CNC(=O)CNC(=O)C)CCC(=O)NCC[n+]1ccc(cc1)c1cc[n+](cc1)C)NCC(=O)NCC(=O)N[C@H](C(=O)NCC(=O)NCC(=O)N)CCC(=O)NCC[n+]1ccc(cc1)c1cc[n+](cc1)C
941,CC(C)C(=O)[O-]
942,C1=CC=C(C(=C1)N)N.Cl.Cl
943,C[C@@H]1CC[C@H](CC1)O
944,CC1=C2C=CC(=C(C2=C[N+]3=C1C4=CC(=C(C=C4CC3)OC)OC)OC)OC
945,BrC1=CC=C(C(=O)O)C=C1
946,C1(=CC=CC=C1)C12N=NC(CC1)CC2
947,I(=O)(=O)(=O)[O-].[Na+]
948,C(C)(=O)[C@]1(C[C@@H](C=2C(=C3C(C=4C(=CC=CC4C(C3=C(C2C1)O)=O)OC)=O)O)O[C@@H]1O[C@H]([C@H]([C@H](C1)N)O)C)O
949,[O-]c1ccc2c(c1)oc1-c(c2c2ccccc2C(=O)[O-])ccc(=O)c1
950,[N+](=O)([O-])C1=CC=C(C[C@@H](N)C(=O)O)C=C1
951,OC(=O)C(Cc1ccccc1)NC(=O)C
952,C[P+](C)(C)C.[I-]
953,C(C)(=O)N[C@@H](CC(=O)O)C(=O)O
954,C[C@@H]1CC[C@H](CC1)[N+](C)(C)C
955,COC1(OOC21[C@@H]1C[C@@H]3C[C@H]2C[C@H](C1)C3)c1cccc(c1)O
956,CCC(=O)NC1=CC(=C(C=C1)Cl)Cl
957,CCCCCCC([NH3+])C
958,O=C(NC1=CC=CC2=CC=CC=C21)OCCOCCOCCOCCOCCOCCOCCOCCOCCOCCOCCOCCOCCOCCOCCOCCOCCOCCOCCOCCOCCOCCOCCOCCOCCOCCOCCOCCOCCOCCOCCOCCOCCOCCOCCOCCOCCOCCOCCOCCOCCOCCOCCOCCOC
959,C12[NH+]=NC(CC1)CC2
960,[Ar]
961,OC(=O)[C@]12C[C@@H]3[C@@H]4[C@H](C1)C1C5(C2)C3[C@@H]2[C@H](C4)[C@H]1C[C@H](C5)C2
962,[Na]OS(=O)(=O)CCNOC(=O)CCC([C@H]1CC[C@@H]2[C@]1(C)[C@@H](O)C[C@H]1[C@H]2[C@H](O)C[C@H]2[C@]1(C)CC[C@H](C2)O)C
963,COC1=CC2=C(C=C1)C=C(C=C2)O
964,C1CCC2C(C1)O2
965,C1=CC2=C(C=C1N)SC3=CC(=[NH2+])C=CC3=N2.[Cl-]
966,CC(=O)NCCC1=CNC2=C1C=C(C=C2)OC
967,Cc1cccc(c1)C[N+](Cc1cccc(c1)C)(C)C
968,F[P-](F)(F)(F)(F)F
969,CC(C)C1=CC=C(C=C1)O
970,Cl.Cl.COC([C@@H](N)CCCNC(N)=N)=O
971,O=C(C(=O)O)C1=CC=CC=C1
972,CC1=CC2=C(C=C1C)N=C3C(=N2)C(=O)NC(=O)N3
973,N[C@@H](CCSC)C(=O)N[C@@H](CC1=CC=C(C=C1)O)C(=O)N[C@@H](C)C(=O)O
974,COC1=C2O[C@@H]3[C@]45C2=C(C=C1)C[C@@H]([N+](CC5)(C)C)[C@]4([H])C=C[C@@H]3O
975,[NH4+]
976,OCC[N+](CCCCCCN1C(=O)c2ccc3c4c2c(C1=O)ccc4c1c2c3ccc3c2c(cc1)C(=O)N(C3=O)CCCCCC[N+](CCO)(C)C)(C)C.[Br-].[Br-]
977,CN[C@H]([C@@H](O)C1=CC=CC=C1)C
978,C(C)(C)(C)O
979,NC1=CC=NC=C1
980,OCC(=O)[C@@H](O)[C@H](O)[C@H](O)CO
981,CC(C12CC3CC(C1)CC(C3)C2)N
982,[NH2+](Cc1ccccc1)Cc1ccc(cc1)Oc1ccc(cc1)Oc1ccc(cc1)C[NH2+]Cc1ccccc1.C1COCCOc2ccccc2OCCOCCOCCOc2c(OCCO1)nc1ccccc1n2
983,OCC[N+](CCCCN1C(=O)c2ccc3c4c2c(C1=O)ccc4c1c2c3ccc3c2c(cc1)C(=O)N(C3=O)CCCC[N+](CCO)(C)C)(C)C.[Br-].[Br-]
984,C1CC2CCC1CN[N]2
985,C[N+]1=CC=C(C=C1)C2=C3C=CC(=C(C4=NC(=C(C5=CC=C(N5)C(=C6C=CC2=N6)C7=CC=[N+](C=C7)C)C8=CC=[N+](C=C8)C)C=C4)C9=CC=[N+](C=C9)C)N3
986,CCCCCCCCCCCCCC[N+](C)(C)C.[Br-]
987,N[C@H](C(=O)O)CS
988,C1CC2=C3C(=C4C(=C2)C(=C5C=C6CCC[N+]7=C6C(=C5O4)CCC7)C#N)CCCN3C1.[O-]Cl(=O)(=O)=O
989,OC12CC3(CC(CC(C1)C3)C2)[NH3+]
990,OCc1ccc(cc1)CO
991,C1=CC=C(C=C1)CC(C(=O)O)NC(=O)C(CC(=O)O)N
992,C1=CC=C(C=C1)CC(C(=O)NCC(=O)NCC(=O)O)N
993,F[B-](F)(F)F.C(C)N1C=[N+](C=C1)C
994,CCC1=C2CN3C(=CC4=C(C3=O)COC(=O)C4(CC)O)C2=NC5=C1C=C(C=C5)OC(=O)N6CCC(CC6)N7CCCCC7
995,C[N+](=C1C=CC2=NC3=C(C=C(C=C3)N)SC2=C1)C.[Cl-]
996,O=C([O-])C12C[C@@H]3C[C@H](C1)C[C@H](C2)C3
997,CSCC[C@@H](C(=O)NCC(=O)NCC(=O)N[C@H](C(=O)O)Cc1ccc(cc1)O)NC(=O)[C@H](CC(C)C)N
998,C(C)(=O)SCC[N+](C)(C)C
999,C(C)C1=CC=C(C(=O)O)C=C1
1000,NCCCC[C@@H](C(=O)NCC(=O)NCC(=O)N[C@H](C(=O)O)Cc1ccc(cc1)O)NC(=O)[C@H](CCSC)N
1001,C(C)(=O)NC(C(=O)[O-])CC1=CC=CC=C1
1002,c1cccc[cH+]c1
1003,[He]
1004,CN(C)CC1=CC=C[CH-]1.[CH-]1C=CC=C1.[Fe+2]
1005,NCCCCCC(=O)[O-]
1006,NC(=O)N
1007,CCCCCC(=O)[O-]
1008,O=C(CC[C@@H](C(=O)NCC(=O)NCC(=O)N)NC(=O)CNC(=O)CNC(=O)C)NCC[n+]1ccc(cc1)c1cc[n+](cc1)C
1009,[N+](=O)([O-])[O-].[Yb+3].[N+](=O)([O-])[O-].[N+](=O)([O-])[O-]
1010,NCCCC[C@@H](C(=O)N[C@H](C(=O)N[C@H](C(=O)N[C@H](C(=O)N[C@H](C(=O)N[C@H](C(=O)N[C@H](C(=O)O)CCCCN)C)Cc1ccccc1)Cc1ccccc1)C(C)C)CC(C)C)NC(=O)[C@H](CCCCN)N
1011,C1C=CC2C1C3C4=CC=CC=C4C2C5=CC=CC=[N+]35
1012,C[N+]1=CN(C=C1)CC2=CC3=C(C=C2)C=C(C=C3)CN4C=C[N+](=C4)C
1013,CC[N+](=C1C=CC2=NC3=C(C=C(C4=CC=CC=C43)N)OC2=C1)CC.[Cl-]
1014,C(CCN)CC(C(=O)O)NC(=O)C(CCCN=C(N)N)N
1015,OC(C(C(=O)[O-])O)C(=O)[O-]
1016,CC1=CC=C(C=C1)N
1017,C(Cl)(Cl)Cl
1018,[Br-].C(C)[N+](CC)(CC)CC
1019,[NH3+]CCCCC(C(=O)NC(C(=O)NC(C(=O)NC(=O)C(NC(C(=O)N)Cc1ccc(cc1)O)C)C(O)C)CCC(=O)N)NC(=O)C(C(O)C)NC(=O)C(NC(=O)C([NH3+])C)CCCNC(=[NH2+])N
1020,C(C\C=C\CC)(=O)[O-]
1021,C1=CC=C2C(=C1)C=CC=C2O
1022,C1=CC=C2C(=C1)C(=CN2)CCO
1023,OCC(C(=O)NC(C(=O)NCC(=O)NC(C(=O)N)Cc1ccc(cc1)O)C(O)C)NC(=O)C(NC(=O)C(NC(C(=O)NC(=O)C(C(O)C)[NH3+])C)CCCNC(=[NH2+])N)CCCC[N+](C)(C)C
1024,[N+](=O)([O-])[O-].[N+](=O)([O-])[O-].[Ba+2]
1025,C1=CC=C(C=C1)C(=O)[O-]
1026,CC(=O)[O-]
1027,COC1=CC=C(C=C1)OC
1028,C(CCCCCC)O
1029,OCCOCCOCCOc1ccc(cc1)/N=N/c1ccccc1
1030,C(CCCC[N+]12CCN(CC1)CC2)CCCCC[N+]12CCN(CC1)CC2
1031,C1=CC(=CC=C1CN)NC2=NC(=NC(=O)N2)NC3=CC=C(C=C3)CN
1032,[O-]C(=O)Cc1ccccc1
1033,C([C@]1(C)C(C)(C)[C@H](C(=O)O)CC1)(=O)O
1034,C[N+](C)(C)C12CC3CC(C1)CC(C3)(C2)[N+](C)(C)C
1035,C(CC)#N
1036,[O-]C(=O)/C=C/CCC
1037,CC1CCCC(C1)O
1038,CC(C)C
1039,NC1=CC2=[NH+]C3=CC(N)=CC=C3C=C2C=C1
1040,[Cl-].[Cl-].[Cl-].[Nd+3]
1041,C1C2CC3CC1CC(C2)(C3)[N+]4=CC=CC=C4.[Br-]
1042,NC(C(=O)OC)CC1=CC=C(C=C1)OC
1043,CC12CCC(C1(C)CS(=O)(=O)[O-])C(C2=O)Br.[NH4+]
1044,O1C2=C(OCC1)C=C(C=C2)C=2C(OC1=CC(=C(C=C1C2O)CC)OC)=O
1045,NC1=CC2=[N+](C3=CC=CC=C3)C(C=C(N)C(C)=C4)C4N=C2C=C1C.[Cl-]
1046,CC12CC3(CC(CC(C1)(C3)C)C2)[NH3+]
1047,NCCCCCCO
1048,[N+](=O)([O-])[O-].[Mg+2].[N+](=O)([O-])[O-]
1049,CC(C[C@@H](C(=O)N[C@H](C(=O)O)C)NC(=O)[C@H](Cc1ccc(cc1)O)N)C
1050,NCCCCN
1051,CC(C)CCCC(C)C1CCC2C1(CCC3C2=CC=C4C3(CCC(C4)O)C)C
1052,[O-][N+](C)(C)C
1053,CCC1=CC=C(C=C1)O
1054,CC12CCC(C1(C)CS(=O)(=O)O)C(C2=O)Br
1055,C1=COC=C1
1056,CC(C[C@@H](C(=O)O)NC(=O)[C@@H](NC(=O)[C@H](Cc1ccc(cc1)O)N)C)C
1057,CC(C)C1C(=O)NC(C(=O)NCC(=O)NC(C(=O)NC(C(=O)N1)CC2=CC=CC=C2)CC(=O)O)CCCN=C(N)N
1058,C(CCN)CCN.Cl.Cl
1059,C(C)(=O)O
1060,F[P-](F)(F)(F)(F)F.C[N+](C)(C)C
1061,[N+](=O)([O-])[O-].[N+](=O)([O-])[O-].[Sr+2]
1062,NCCCCC(C(=O)NC(C(=O)NC(C(=O)NC(C(=O)NC(C(=O)NC(C(=O)NC(C(=O)O)CC(C)C)CCCNC(=N)N)CCCNC(=N)N)CC(C)C)[C@H](O)C)CCCNC(=N)N)NC(=O)C(Cc1c[nH]c2c1cccc2)N
1063,CC1=CC2=C(C=C1N)SC3=CC(=[N+](C)C)C=CC3=N2.[Cl-]
1064,[Cl-].[Eu+3].[Cl-].[Cl-]
1065,C1=CC(=CC=2OC3=CC=CC=C3SC12)C(C)=O
1066,[NH4+].[Cl-]
1067,[Cl-].[Sm+3].[Cl-].[Cl-]
1068,C1=CC(=CC(=C1)N)N
1069,CC1=CC2=CC3=CC(=C(C=C3N=C2C=C1N)N)C.Cl
1070,[O-]C(=O)c1ccc[n+](c1)Cc1ccc(cc1)C[n+]1cccc(c1)C(=O)[O-]
1071,CC1CCCC(C1=O)(C)C
1072,[O-]C(=O)c1cc[n+](cc1)Cc1ccc(cc1)C[n+]1ccc(cc1)C(=O)[O-]
1073,CC1(C2CCC(C2)(C1=O)C)C
1074,C12C=CC3(O2)CNCC3C1
1075,Nc1nc(N)nc(n1)N
1076,CCCNCC1=CC=CO1
1077,CCCCCCN1C=C[N+](=C1)C.[Cl-]
1078,CSCC[C@@H](C(=O)N)NC(=O)[C@@H](NC(=O)[C@H](NC(=O)CNC(=O)C([C@H](O)C)N)C)Cc1ccccc1
1079,BrC12C=CC3(O2)CNCC3C1
1080,C1CC2CC1CC2=O
1081,C=CCNCC1=CC=C(C)O1
1082,C1=CC(=CC=C1CC(C(=O)O)NC(=O)CN)O
1083,NCc1ccc(cc1)C[C@@H](C(=O)N[C@H](C(=O)O)CCSC)N
1084,CC1(C2CCC1(C(C2)O)C)C
1085,CN(C)CCCNCC12CCC(CC1)(CC2)CNCCCN(C)C
1086,CCCCN1C=C[N+](=C1)C.F[P-](F)(F)(F)(F)F
1087,O=C(C(CC[N+](C)(C)C)C1=O)C2=CC=C3C4=C2C1=CC=C4C(C(CC[N+](C)(C)C)C3=O)=O
1088,CC(=O)C(C)(C)C
1089,C[C@@]12C(C=C(C3=CC=[N+](C)C=C3)S2)=C4C(CCC4)=C5[C@@]1(C)SC(C6=CC=[N+](C)C=C6)=C5
1090,NCc1ccc(cc1)C[C@@H](C(=O)NCC(=O)NCC(=O)O)N
1091,OC(=O)CCCCC[n+]1ccc(cc1)c1cc[n+](cc1)CCCCCC(=O)O
1092,COC(=O)C
1093,CC1C(C(C(C(O1)OP(=O)(NC(CC(C)C)C(=O)NC(CC2=CNC3=CC=CC=C32)C(=O)O)O)O)O)O
1094,CCC(=O)CC
1095,CSCC[C@@H](C(=O)N)NC(=O)[C@@H](NC(=O)[C@@H](NC(=O)CNC(=O)C([C@H](O)C)N)C)Cc1ccccc1
1096,CN1CCN(CC1)C2=CC3=C(C=C2)N=C(N3)C4=CC5=C(C=C4)N=C(N5)C6=CC=C(C=C6)O.Cl.Cl.Cl
1097,[CH-]1C=CC=C1.[CH-]1C=CC=C1.[Fe+2]
1098,C=CCNCC1=CC=C(Br)O1
1099,ClC12C=CC3(O2)CNCC3C1
1100,CSCCC(C(=O)O)NC(=O)C(CC1=CC=CC=C1)N
1101,CN(C)C1=CC2=C(C=C1)C=C3C=CC(=CC3=N2)N(C)C.Cl
1102,CCC(=O)Cc1ccccc1
1103,C1=CC=C2C(=C1)N=C3C4=C(C5=C(C3=N2)C=CC=N5)N=CC=C4.C1=CC=NC(=C1)C2=CC=CC=N2.C1=CC=NC(=C1)C2=CC=CC=N2.[Ru+2]
1104,N#C/C(=C\c1ccc(cc1)c1cc(cc(c1)C(F)(F)F)C(F)(F)F)/c1ccc(cc1)c1cc[n+](cc1)C.[Cl-]
1105,C[N+](C=C1)=CC=C1SC2=CC(C(C=C2)=C3N=C(C4=C5C=CC(SC6=CC=[N+](C)C=C6)=C4)[N+]7=C5N=C8C(C=C(SC9=CC=[N+](C)C=C9)C=C%10)=C%10C%11=NC%12=[N+]%13[Zn-2](N3%14)7N8%11)=C%14N=C%13C%15=C%12C=C(SC%16=CC=[N+](C)C=C%16)C=C%15
1106,C1=CC=C2C(=C1)C(=CN2)CC(C(=O)NCC(=O)O)N
1107,C1C2CC3CC(C2)(CC1C3=O)Br
1108,OCCOCCOCCOCCN1C=C2[N](=N1)[Pt]([N]1=C2C=CC=C1)(Cl)Cl
1109,C=CCNCC1=CC=C(Cl)O1
1110,NCC12CCC(CC1)(CC2)CN
1111,C[N+]1=CN(C=C1)CC2=CC=CC=C2.[Br-]
1112,CN(C)C1=CC2=C(C=C1)C(=C3C=CC(=[N+](C)C)C=C3O2)C4=CC=CC=C4C(=O)[O-]
1113,COc1ccc2c(c1)[o+]c(cc2C)c1ccccc1
1114,CCCN1C[NH+](C=C1)C.[Br-]
1115,C[N+]1=CN(C=C1)CC2=CC3=CC=CC=C3C=C2.[Br-]
1116,Nc1ccc(cc1)OCC[n+]1ccc(cc1)/C=C/c1ccc(cc1)N(C)C
1117,C1=CC(=CC=C1CC(C(=O)O)N)CN
1118,CSCC[C@@H](C(=O)N)NC(=O)[C@@H](NC(=O)[C@@H](NC(=O)CNC(=O)C([C@H](O)C)N)CO)Cc1ccccc1
1119,C1=CC(=CC=C1CC(C(=O)NCC(=O)O)N)O
1120,CCC1=C[N+]2=C(C=C1)C3=C(C=C2)C4=CC=CC=C4N3.[O-]Cl(=O)(=O)=O
1121,N[C@H](C(=O)NCC(=O)NCC(=O)O)Cc1ccc(cc1)C(C)(C)C
1122,C[N+]1=CC=CC2=C1C=CC(=C2)OC
1123,O=C(C(C)(C)C)Cc1ccccc1
1124,CCCCCCCCN1C=C[N+](=C1)C.[Cl-]
1125,CC12C=CC3(O2)CNCC3C1
1126,CC(C[C@@H](C(=O)N)NC(=O)[C@@H](NC(=O)[C@@H](NC(=O)CNC(=O)C([C@H](O)C)N)C)Cc1ccccc1)C
1127,CC(C)CC(C(=O)O)NC(=O)C(CC1=CC=CC=C1)N
1128,CCC(=O)C
1129,CSCCC(C(=O)N)NC(=O)C(CC1=CC=CC=C1)N
1130,COC1=C(C=C2C(=C1)CC[N+]3=C2C=C4C=CC5=C(C4=C3)OCO5)OC
1131,COC(=O)C(CC[n+]1ccccc1)CC[n+]1ccccc1
1132,CSCCC(C(=O)NCC(=O)O)NC(=O)C(CC1=CNC2=CC=CC=C21)N
1133,C=CCNCC1=CC=CO1
1134,[NH3+]CC[NH2+]CCCCCC[NH2+]CC[NH3+]
1135,C1=CC(=CC=C1CC(C(=O)NCC(=O)O)NC(=O)CN)O
1136,O=C(OCC1=CC=CC=C1)C2=CC=CC=C2C(C3=CC=C(N(CC)CC)C=C3O4)=C(C=C/5)C4=CC5=[N+](CC)\CC
1137,CSCC[C@@H](C(=O)N)NC(=O)[C@H](Cc1ccccc1)NC(=O)CNC(=O)CNC(=O)C([C@H](O)C)N
1138,C[N+](C=C1)=CC=C1/C=C/C2=CC=C(N3CCSCCOCCOCCSCC3)C=C2
1139,CCN(c1ccc2c(c1)oc(=O)c(c2)/C=C/c1cc[n+](cc1)CCC[N+](C)(C)C)CC.[Br-].[Br-]
1140,COc1cc(cc(c1)OC)C[n+]1ccc(cc1)c1cc[n+](cc1)Cc1cc(OC)cc(c1)OC
1141,CCN(c1ccc2c(c1)oc(=O)c(c2)/C=C/c1cc[n+](cc1)C)CC.[I-]
1142,C[N+](c1ccc2c(c1)cc1c(c2)cccc1)(C)C.[Cl-]
1143,[Eu+3]
1144,CCN(CC)C1=CC2=C(C=C1)C(=C3C=CC(=[N+](CC)CC)C=C3O2)C4=C(C=C(C=C4)S(=O)(=O)O)S(=O)(=O)[O-]
1145,CCCC[N+]1=CN(C)C=C1.[Br-]
1146,NCC(=O)NC(C(=O)O)Cc1c[nH]c2c1cccc2
1147,CC(C[C@@H](C(=O)O)NC(=O)[C@@H](NC(=O)[C@@H](NC(=O)CNC(=O)C([C@H](O)C)N)C)Cc1ccccc1)C
1148,CCCSC1=CC=C2C(NC(NC(OC)=O)=N2)=C1
1149,C1CC2(CCC1(CC2)CO)CO
1150,C1C2CC3CC(C2)(CC1C3=O)Cl
1151,C1=CC=C(C=C1)CC(C(=O)NCC(=O)O)N
1152,CC(C)(C)C1=CC=C(C=C1)CC(C(=O)O)N
1153,CSCCC(C(=O)O)NC(=O)C(CC1=CC=C(C=C1)O)N
1154,CC(C1=CC2=CC=CC=C2C=C1)[NH3+]
1155,CCOc1cc(cc(c1)OCC)C[n+]1ccc(cc1)c1cc[n+](cc1)Cc1cc(OCC)cc(c1)OCC
1156,NCC(=O)N[C@H](C(=O)NCC(=O)O)Cc1ccc(cc1)CN
1157,C1C2CC3CC1CC(C2)C3=O
1158,[Gd+3]
1159,CC(C)CC(C(=O)N)NC(=O)C(CC1=CC=CC=C1)N
1160,CCN1C=C[N+](=C1)C.[Cl-]
1161,CC(=O)c1ccccc1
1162,CCCCN1C=C[N+](=C1)C.[Cl-]
1163,[B-](F)(F)(F)F.CCCCN1C=C[N+](=C1)C
