host_id,host_smiles,n_host_names,host_names
0,O=C1N(C2)[C@@](N3CN4[C@]5([H])N2C(N(CN6C(N(C7)[C@@](N8CN9[C@]%10(C)N7C(N(CC%11=C%12C(OCCCS(=O)(O[Na])=O)=C(C=CC=C%13)C%13=C%11OCCCS(=O)(O[Na])=O)[C@]%10(C)N(C%12)C9=O)=O)([H])[C@]6([H])N%14C8=O)=O)[C@]5([H])N(C%14)C4=O)=O)(C)[C@@]%15(C)N1CC%16=C(OCCCS(=O)(O[Na])=O)C(C=CC=C%17)=C%17C(OCCCS(=O)(O[Na])=O)=C%16CN%15C3=O,1,"Acyclic sodium 4,4'-(naphthalene-1,4-diyl)bis(butane-1-sulfonate) Cucurbituril (tetrameric glycourilunit)"
1,C1C2=CC(=CC(=C2O)CC3=CC(=CC(=C3O)CC4=C(C(=CC(=C4)S(=O)(=O)O)CC5=C(C1=CC(=C5)S(=O)(=O)O)O)O)S(=O)(=O)O)S(=O)(=O)O,1,p-Sulfonatocalix[4]arene
2,C1N2C3C4N(C2=O)CN5C6C7N(C5=O)CN8C9C2N(C8=O)CN5C8C%10N(C5=O)CN5C%11C(N1C5=O)N1CN3C(=O)N4CN6C(=O)N7CN9C(=O)N2CN8C(=O)N%10CN%11C1=O,1,Cucurbit[5]uril
3,OC[C@H]1O[C@@H]2O[C@@H]3[C@@H](CO)O[C@H](O[C@@H]4[C@@H](CO)O[C@H](O[C@@H]5[C@@H](CO)O[C@H](O[C@@H]6[C@@H](CO)O[C@H](O[C@@H]7[C@@H](CO)O[C@H](O[C@@H]8[C@@H](CO)O[C@H](O[C@H]1[C@H](O)[C@H]2O)[C@H](O)[C@H]8O)[C@H](O)[C@H]7O)[C@H](O)[C@H]6O)[C@H](O)[C@H]5O)[C@H](O)[C@H]4O)[C@H](O)[C@H]3O,1,β-Cyclodextrin
4,[Na]OS(=O)(=O)CCCCOC=1C=C(C=CC1)[C@@H]1N=C(OC1)CC1=C(C(=C(C(=C1C)CC=1OC[C@@H](N1)C1=CC(=CC=C1)OCCCCS(=O)(=O)O[Na])C)CC=1OC[C@@H](N1)C1=CC(=CC=C1)OCCCCS(=O)(=O)O[Na])C,1,"1,3,5-tris[[(4s)-4-[3-[4-(sodiosulfo)butoxy]phenyl]-2-oxazoline-2-yl]methyl]-2,4,6-trimethylbenzene"
5,CCc1c2Oc3cc4cc(c3)[C@@H]3Oc5cc6O[C@@H]7c8cc(Oc1cc(c2)C(=O)O)cc(c8)Oc1cc(cc(c1CC)Oc1cc2cc(c1)[C@H]1Oc8cc(O7)c7C(c6cc5C(c5c(O3)cc3O[C@@H](c6cc(Oc9c(c(O4)cc(c9)C(=O)O)CC)cc(c6)Oc4cc(cc(O2)c4CC)C(=O)O)Oc2c([C@@H](c3c5)CCC(=O)O)cc([C@H](c8c7)CCC(=O)O)c(O1)c2)CCC(=O)O)CCC(=O)O)C(=O)O,1,tetra-endo-ethyl octa acid
6,OC(=O)CCC1c2cc3c4cc2O[C@@H]2Oc5c1cc1c(c5)O[C@@H]5Oc6c([C@@H]1CCC(=O)O)cc1[C@H](c7cc(C3CCC(=O)O)c3O[C@H](O4)c4cc8Oc9cc(Oc%10cc2cc(c%10C(=O)O)Oc2cccc(c2)Oc2cc5cc(c2C(=O)O)Oc2cccc(c2)Oc2cc([C@@H](Oc7c3)Oc1c6)cc(Oc1cc(Oc(c4)c8C(=O)O)ccc1)c2C(=O)O)ccc9)CCC(=O)O,1,exo-Octa Acid
7,O=C(N[C+](N)N)C1=CC=C(C[NH2+]C[C@H]([NH3+])C(CO)=O)N1,1,methyl (S)-2-(l4-azaneyl)-3-(((5-((diaminomethyl)carbamoyl)-1H-pyrrol-2-yl)methyl)-l4-azaneyl)propanoate
8,C1N2C3C4N(C2=O)CN5C6C7N(C5=O)CN8C9C2N(C8=O)CN5C8C%10N(C5=O)CN5C%11C%12N(C5=O)CN5C%13C(N1C5=O)N1CN3C(=O)N4CN6C(=O)N7CN9C(=O)N2CN8C(=O)N%10CN%11C(=O)N%12CN%13C1=O,1,Cucurbit[6]uril
9,[O-]C(=O)COc1ccc2c3c1CNC(=O)c1c(OCC(=O)[O-])ccc4c1ccc1c4C4CC(O1)Oc1c4c4ccc(c(C(=O)NCc5c6c(c7C8c2c(cc3)OC(C8)Oc7cc6)ccc5OCC(=O)[O-])c4cc1)OCC(=O)[O-].[NH4+].[NH4+].[NH4+].[NH4+],2,anti-Amide Naphthotube | syn-Amide Naphthotube
10,[O-]P(=O)(Oc1c2c(c(c3c1C1CC3c3c1cc1c(c3)C3CC1c1c3cccc1)OP(=O)([O-])[O-])C1CC2c2c1cc1c(c2)C2CC1c1c2cccc1)[O-].[Li+].[Li+].[Li+].[Li+],1,Molecular Tweezer-lithium diphosphate
11,C1N2C3C4N(C2=O)CN5C6C7N(C5=O)CN8C9C2N(C8=O)CN5C8C%10N(C5=O)CN5C%11C%12N(C5=O)CN5C%13C%14N(C5=O)CN5C%15C%16N(C5=O)CN5C%17C(N1C5=O)N1CN3C(=O)N4CN6C(=O)N7CN9C(=O)N2CN8C(=O)N%10CN%11C(=O)N%12CN%13C(=O)N%14CN%15C(=O)N%16CN%17C1=O,1,Cucurbit[8]uril
12,O1CCOCCN2CCOCCOCCOCCN(CCOCC1)CCOCCOCCOCC2,1,[3.3.3]Cryptand
13,O=C1N2CN3C(=O)N4C5C3N3CN6C2C2N1CN1C(=O)N7[C@H]8[C@@H]1N(CN2C6=O)C(=O)N8CN1C2(N(C7)C(=O)N6[C@@H]2N(C1=O)CN1[C@H]2N(C6)C(=O)N6[C@H]2N(C1=O)CN1C(=O)N2CN7C8C(N(C4)C(=O)N8CN4C2C1N(C4=O)C6)N(CN5C3=O)C7=O)O,1,Monohydroxycucurbit[7]uril
14,NCCOc1c2Cc3cc(cc(c3O)Cc3cc(cc(c3O)Cc3cc(cc(Cc4c(c(Cc5c(c(Cc1cc(c2)S(=O)(=O)O)cc(c5)S(=O)(=O)O)O)cc(c4)S(=O)(=O)O)O)c3O)S(=O)(=O)O)S(=O)(=O)O)S(=O)(=O)O,1,p-sulfonatocalix[6]arene-(mono aminoethyl-substituted)
15,C1=C2C=C3C=C1OC4=CC(=CC(=C4)C(=O)O)OC5=CC6=CC(=C5)C7OC8=CC9=C1C=C8C(C4=C(O7)C=C5C(=C4)C(C4=CC7=C(C=C4OC2O5)OC2C4=CC(=CC(=C4)OC4=CC(=CC(=C4)C(=O)O)OC4=CC(=CC(=C4)OC4=CC(=CC(=C4)O6)C(=O)O)C(O9)OC4=C(C1CCC(=O)O)C=C(C7CCC(=O)O)C(=C4)O2)OC1=CC(=CC(=C1)O3)C(=O)O)CCC(=O)O)CCC(=O)O,1,Octa acid cavitand
16,NCCOc1c2Cc3cc(cc(c3O)Cc3cc(cc(Cc4c(c(Cc1cc(c2)S(=O)(=O)O)cc(c4)S(=O)(=O)O)O)c3O)S(=O)(=O)O)S(=O)(=O)O,1,p-sulfonatocalix[4]arene-(mono aminoethyl-substituted)
17,COP(=O)(Cc1cc2ccc1OCc1cc(COc3ccc(cc3CP(=O)(OC)[O-])C(C)(C)c3ccc(OCc4cc(COc5ccc(C2(C)C)cc5CP(=O)(OC)[O-])cc(c4)[N+](=O)[O-])c(c3)CP(=O)(OC)[O-])cc(c1)[N+](=O)[O-])[O-],1,"Tetramethyl((2,2,10,10-tetramethyl-65,145-dinitro-4,8,12,16-tetraoxa-1,3,9,11(1,4),6,14(1,3)-hexabenzenacyclohexadecaphane-13,33,92,113-tetrayl)tetrakis(methylene))tetrakis(phosphonate)"
18,CC1=C2C3=CC4=C1OC5C6=CC7=CC(=C6)OC8=CC(=CC(=C8)C(=O)O)OC9=CC1=CC(=C9)C6OC8=C(C=C(C4CCC(=O)O)C(=C8C)O5)C(C4=C(O6)C(=C5C(=C4)C(C4=C6C(=C(C(=C4)C3CCC(=O)O)OC(O2)C2=CC(=CC(=C2)OC2=CC(=CC(=C2)C(=O)O)OC2=CC(=CC(=C2)C(O5)O6)OC2=CC(=CC(=C2)C(=O)O)O1)OC1=CC(=CC(=C1)C(=O)O)O7)C)CCC(=O)O)C)CCC(=O)O,1,tetra-endo-methyl octa acid cavitand
19,O=C1N(CC4=CC=C(C(O)=O)C=C4)C3C(N(CN%21C%20=O)C(N3CN(C(N7CN(C(N%11CN(C(N%15CN(C(N%19CN%20C%23C%21N(CC%25=CC=C(C(O)=O)C=C%25)C(N%23CC%24=CC=C(C(O)=O)C=C%24)=O)=O)C%17C%19N(CC%22=CC=C(C(O)=O)C=C%22)C(N%17CC%18=CC=C(C(O)=O)C=C%18)=O)=O)C%13C%15N(CC%16=CC=C(C(O)=O)C=C%16)C(N%13CC%14=CC=C(C(O)=O)C=C%14)=O)=O)C9C%11N(CC%12=CC=C(C(O)=O)C=C%12)C(N9CC%10=CC=C(C(O)=O)C=C%10)=O)=O)C5C7N(CC8=CC=C(C(O)=O)C=C8)C(N5CC6=CC=C(C(O)=O)C=C6)=O)=O)N1CC2=CC=C(C(O)=O)C=C2,1,Dodeca(4-carboxybenzyl)bambus[6]uril
20,O=C(COC1=CC(CC2=C(OCC(O)=O)C=C(C(OCC(O)=O)=C2)CC3=CC(COC(O)=O)=C(C4)C=C3OCC(O)=O)=C(OCC(O)=O)C=C1CC5=C[C@@H](OCC(O)=O)[C@H](C=C5OCC(O)=O)CC6=CC(COC(O)=O)=C(C=C6OCC(O)=O)CC7=C(OCC(O)=O)C=C4C(OCC(O)=O)=C7)O,1,carboxylate pillar[6]arene
21,Brc1ccc(cc1)S(=O)(=O)Nc1cc2Cc3cc(cc(c3O)Cc3cc(cc(Cc4c(c(Cc(c1)c2O)cc(c4)S(=O)(=O)O)O)c3O)S(=O)(=O)O)S(=O)(=O)O,2,p-sulfonatocalix[4]arene-(bromoamide-substituted) | p-sulfonatocalix[4]arene-(bromosulfonamide-substituted)
22,Oc1c2Sc3cc(cc(c3O)Sc3cc(cc(Sc4c(c(Sc1cc(c2)S(=O)(=O)O)cc(c4)S(=O)(=O)O)O)c3O)S(=O)(=O)O)S(=O)(=O)O,1,p-Sulfonatothiacalix[4]arene
23,OC[C@H]1O[C@@H]2O[C@@H]3[C@@H](CO)O[C@H](O[C@@H]4[C@@H](CO)O[C@H](O[C@@H]5[C@@H](CO)O[C@H](O[C@@H]6[C@@H](CO)O[C@H](O[C@@H]7[C@@H](CO)O[C@H](O[C@H]1[C@H](O)[C@H]2O)[C@H](O)[C@H]7O)[C@H](O)[C@H]6O)[C@H](O)[C@H]5O)[C@H](O)[C@H]4O)[C@H](O)[C@H]3O,1,α-Cyclodextrin
24,OC1=C2C=C(S(=O)([O-])=O)C=C1CC3=C(O)C(CC4=CC(S(=O)([O-])=O)=CC(CC5=CC(S(=O)([O-])=O)=CC(CC6=CC(S(=O)([O-])=O)=CC(CC(C=C(S(=O)([O-])=O)C=C7C2)=C7O)=C6O)=C5O)=C4O)=CC(S(=O)([O-])=O)=C3.[Na+].[Na+].[Na+].[Na+].[Na+].[Na+],1,hexasodium p-sulfonatocalix[6]arene
25,CCCOc1c2Cc3cc(cc(c3OCCC)Cc3cc(cc(Cc4c(c(Cc1cc(c2)P(=O)(O)O)cc(c4)P(=O)(O)O)OCCC)c3OCCC)P(=O)(O)O)P(=O)(O)O,1,"5,11,17,23-Tetrakis(dihydroxyphosphoryl)-25,26, 27,28-tetrapropoxycalix[4]arene"
26,[Li+].[Li+].B(C1=CC=CC=C1CNCC2=CC=C(C=C2)C(=O)NC3=CC(=CC(=C3)CP(=O)([O-])OC)CP(=O)([O-])OC)(O)O,1,"5-[4-[2-(dihydroxyboryl)benzylaminomethyl]benzoylamino]-1,3-xylylenebis(phosphonic acid lithium methyl) ester salt"
27,C[N+](CCCC1c2cc3c4cc2OCOc2c1cc1c(c2)OCOc2c(C1CCC[N+](C)(C)C)cc1C(c5cc(C3CCC[N+](C)(C)C)c(OCO4)cc5OCOc1c2)CCC[N+](C)(C)C)(C)C.[Cl-].[Cl-].[Cl-].[Cl-],1,tetrakis(trimethylammonium) chloride cavitand
28,O=C1N2[C@@]3([H])[C@@]4([H])N1CC5=CC=CC=C5CN4C(N3CN(C(N6CN(C(N7CN(C(N8CC(C=CC=C9)=C9C%10)=O)[C@]([C@]8([H])N%10C%11=O)([H])N%11C%12)=O)[C@]([C@]7([H])N%12C%13=O)([H])N%13C%14)=O)[C@]([C@]6([H])N%14C%15=O)([H])N%15C2)=O,1,o-Xylyleneglycoluriltetramer
29,C(=O)(O)CN1CCN(CC(NC=2C=CC(OC3=CC=C(NC(CN(CCN(CC(NC4=CC=C(OC=5C=CC(NC(C1)=O)=CC5)C=C4)=O)CC(=O)O)CC(=O)O)=O)C=C3)=CC2)=O)CC(=O)O,1,"2-[13,29,32-Tris(carboxymethyl)-8,15,27,34-tetraoxo-2,21-dioxa-7,10,13,16,26,29,32,35-octazapentacyclo[34.2.2.23,6.217,20.222,25]hexatetraconta-1(38),3(46),4,6(45),17(44),18,20(43),22,24,36,39,41-dodecaen-10-yl]acetic acid"
30,C1C2=CC(=CC(=C2O)CC3=CC(=CC(=C3O)CC4=CC(=CC(=C4O)CC5=C(C(=CC(=C5)S(=O)(=O)[O-])CC6=C(C(=CC(=C6)S(=O)(=O)[O-])CC7=C(C1=CC(=C7)S(=O)(=O)[O-])O)O)O)S(=O)(=O)[O-])S(=O)(=O)[O-])S(=O)(=O)[O-],4,Hexakis(butanyloxy)-p-Sulfonatocalix[6]arene | Hexakis(octyloxy)-p-Sulfonatocalix[6]arene | Hexakis(pentyloxy)-p-Sulfonatocalix[6]arene | p-Sulfonatocalix[6]arene
31,[Li+].[Li+].COP(OC)(=O)CC1=CC(=CC(=C1)NC(CCCNCC1=C(C=CC=C1)B(O)O)=O)CP([O-])([O-])=O,1,5-[4-(2-dihydroxyboryl-benzylamino)-butyroylamino]-m-xylylene bisphosphonic acid dimethyl ester dilithium salt
32,OC(=O)c1ccc(cc1)N=Nc1cc2Cc3cc(N=Nc4ccc(cc4)C(=O)O)cc(c3O)Cc3cc(cc(Cc4c(c(Cc(c1)c2O)cc(N=Nc1ccc(cc1)C(=O)O)c4)O)c3O)/N=N/c1ccc(cc1)C(=O)O,1,carboxylated azocalix[4]arene
33,[H]C1(C(C(O[C@](OC2=C1C=C3[C@]4([H])CCC[N+](C)(C)C)([H])C5=CC(O6)=CC(OC7=CC8=CC(C[N+](C)(C)C)=C7)=C5)=C9)=CC%10=C9O[C@](C%11=CC(O8)=CC(OC%12=CC%13=CC(C[N+](C)(C)C)=C%12)=C%11)([H])OC%14=C(C%10([H])CCC[N+](C)(C)C)C=C%15C(O[C@](C%16=CC%17=CC(O%13)=C%16)([H])OC%18=CC(O[C@](C%19=CC(OC%20=CC(O%17)=CC(C[N+](C)(C)C)=C%20)=CC(OC%21=CC6=CC(C[N+](C)(C)C)=C%21)=C%19)([H])OC3=C2)=C4C=C%18[C@]%15([H])CCC[N+](C)(C)C)=C%14)CCC[N+](C)(C)C.[Cl-].[Cl-].[Cl-].[Cl-].[Cl-].[Cl-].[Cl-].[Cl-],1,Positand 1
34,OC1=C(CC2=CC(S(=O)([O-])=O)=CC(CC(C=C3S(=O)([O-])=O)=C4OCC(O)=O)=C2O)C=C(S(=O)([O-])=O)C=C1CC5=CC(S(=O)([O-])=O)=CC(CC4=C3)=C5O,1,p-sulfonatocalix[4]arene-(mono-carboxymethyl-substituted)
35,[O-]P(=O)(Oc1c2c(c(c3c1C1CC3c3c1cc1c(c3)C3CC1c1c3cccc1)OP(=O)(C)[O-])C1CC2c2c1cc1c(c2)C2CC1c1c2cccc1)C.[Li+].[Li+],1,Molecular Tweezer-sodium dimethylphosphonate
36,C1CCC2C(C1)OCCOCCOC3CCCCC3OCCOCCO2,1,Dicyclohexano-18-Crown-6
37,C(CN(CC(=O)O)CC(=O)O)N(CC(=O)O)CC(=O)O,1,Ethylenediaminetetraacetic acid
38,C1C2C3=CC=CC=C3C4=C5C6CC7=CC=CC=C7C8=CC(=CC(=C8)C9=CC=CC=C9CC3C7=CC=CC=C7C(=C24)C3=C5C2=CC=CC=C62)C2=CC=CC=C21,2,"Di(9,10-dihydro-9,10-ethenoanthracene-11,12-dicarboxylicacid)-cyclophane | Tri(9,10-dihydro-9,10-ethenoanthracene-11,12-dicarboxylic acid)-cyclophane"
39,O[C@H]1[C@H](O[C@@H]2[C@H](O)[C@@H](O)[C@H](O3)[C@@H](CO)O2)[C@@H](CO)O[C@H](O[C@H]4[C@H](O)[C@@H](O)[C@@H](O[C@@H]5[C@@H](O)[C@H](O)[C@H](O[C@@H]6[C@@H](O)[C@H](O)[C@H](O[C@@H]7[C@@H](O)[C@H](O)[C@H](O[C@@H]8[C@@H](O)[C@H](O)[C@H]3O[C@H]8CO)O[C@H]7CO)O[C@H]6CO)O[C@H]5CO)O[C@@H]4CO)[C@@H]1OCC(C)O,1,Mono[2-O-(2-hydroxypropyl)]-β-Cyclodextrin
40,CCCOC1=C(CC2=C3)C=C(CN4C=C[N+](C)=C4)C=C1CC5=CC(CN6C=C[N+](C)=C6)=CC(CC7=CC(CN8C=[N+](C)C=C8)=CC(CC(C=C3CN9C=[N+](C)C=C9)=C2OCCC)=C7OCCC)=C5OCCC.[Cl-].[Cl-].[Cl-].[Cl-],1,p-immidazoliumcalix[4]arene-3C
41,CCC1c2cc(C(CC)c3cc(C(c4cc(C(c5cc1c(O)c(c5O)C#N)CC)c(O)c(c4O)C#N)CC)c(c(c3O)C#N)O)c(c(c2O)C#N)O,1,tetracyanoresorcin[4]arene
42,OC1=C(CC2=CC(S(=O)([O-])=O)=CC(CC(C=C3S(=O)([O-])=O)=C4OCC(N)=O)=C2O)C=C(S(=O)([O-])=O)C=C1CC5=CC(S(=O)([O-])=O)=CC(CC4=C3)=C5O,1,p-sulfonatocalix[4]arene-(mono amidomethyl-substituted)
43,C1COCCN2CCOCCN1CCOCCOCC2,1,"4,7,13,18-Tetraoxa-1,10-diazabicyclo[8.5.5]icosane"
44,C1COCCN2CCOCCOCCN1CCOCCOCC2,1,"4,7,13,16,21-Pentaoxa-1,10-diazabicyclo[8.8.5]tricosane"
45,C1C2=CC(=CC=C2)CC3=CC(=CC=C3)CC4=CC=CC(=C4)CC5=CC=CC1=C5,1,Calix[4]arene
46,C1C2=CC(=CC(=C2O)CC3=CC(=CC(=C3O)CC4=C(C(=CC(=C4)S(=O)(=O)O)CC5=C(C1=CC(=C5)S(=O)(=O)[O-])O)O)S(=O)(=O)O)S(=O)(=O)O.[Na+],1,4-sulfocalix[4]arene sodium salt
47,O=C(N2CN(C(N4CN(C(N6CN(C(N8CN(C(N%10CN%11C%13C%12N(CCCC(O)=O)C(N%13CCCC(O)=O)=O)=O)C9C%10N(CCCC(O)=O)C(N9CCCC(O)=O)=O)=O)C7C8N(CCCC(O)=O)C(N7CCCC(O)=O)=O)=O)C5C6N(CCCC(O)=O)C(N5CCCC(O)=O)=O)=O)C3C4N(CCCC(O)=O)C(N3CCCC(O)=O)=O)N(CN%12C%11=O)C1C2N(CCCC(O)=O)C(N1CCCC(O)=O)=O,1,Dodecakis(3‐carboxypropyl)bambus[6]uril
48,[Na]OS(=O)(=O)CCCOc1c2CN3C(=O)N4[C@]5([C@@]3(N(Cc2c(c2c1cccc2)OCCCS(=O)(=O)O[Na])C(=O)N5CN1[C@@]2(N(C4)C(=O)N3[C@]2(C)N(C1=O)Cc1c(C3)c(OCCCS(=O)(=O)O[Na])c2c(c1OCCCS(=O)(=O)O[Na])cccc2)C)C)C,2,"(1,1',4,4')-Tetraoxy-propylsulphite-bisnaftlen-methylen-bisglycouril Sodium | Dimetoxinaphtaleneglycoluril dimer"
49,[Na]OS(=O)(=O)CCCOc1ccc(c2c1CN1C(=O)N3[C@]4([C@@]1(N(C2)C(=O)N4CN1[C@@H]2N(C3)C(=O)N3[C@@H]2N(C1=O)CN1[C@@]2(N(C3)C(=O)N3[C@]2(C)N(C1=O)Cc1c(C3)c(OCCCS(=O)(=O)O[Na])ccc1OCCCS(=O)(=O)O[Na])C)C)C)OCCCS(=O)(=O)O[Na],1,Dimetoxixylyleneglycoluril trimer
50,O=C1N2CN3C4N5CN6C2C2(N1CN1[C@@H]7N(CN2C6=O)C(=O)N2[C@@H]7N(C1=O)CN1[C@@H]6N(C2)C(=O)N2C6N(C1=O)CN1C6N(C2)C(=O)N2C6N(C1=O)CN1C(=O)N6CN7C(=O)N8CN(C3=O)C4N(C5=O)CN3C8C7N(C3=O)CN3C6C1N(C3=O)C2)OCc1nnn(c1)CCOCCOCCOCCOCCOCCCOc1ccc2c(c1O)c[n+]1c(-c3cc4OCOc4cc3CC1)c2.[Br-],1,cucurbit[7]uril-hexaethylene glycol-berberine conjugate
51,C1N2C3C4N(C2=O)CN5C6C7N(C5=O)CN8C9C2N(C8=O)CN5C8C%10N(C5=O)CN5C%11C%12N(C5=O)CN5C%13C%14N(C5=O)CN5C%15C%16N(C5=O)CN5C%17C%18N(C5=O)CN5C%19C%20N(C5=O)CN5C%21C(N1C5=O)N1CN3C(=O)N4CN6C(=O)N7CN9C(=O)N2CN8C(=O)N%10CN%11C(=O)N%12CN%13C(=O)N%14CN%15C(=O)N%16CN%17C(=O)N%18CN%19C(=O)N%20CN%21C1=O,1,cucurbit[10]uril
52,OC(=O)COc1c2Cc3cc(cc(c3O)Cc3cc(cc(c3O)Cc3cc(cc(Cc4c(c(Cc5c(c(Cc1cc(c2)S(=O)(=O)O)cc(c5)S(=O)(=O)O)O)cc(c4)S(=O)(=O)O)O)c3O)S(=O)(=O)O)S(=O)(=O)O)S(=O)(=O)O,1,p-sulfonatocalix[6]arene-(mono carboxymethyl-substituted)
53,C([C@@H]1[C@@H]2[C@@H]([C@H]([C@H](O1)O[C@@H]3[C@H](O[C@@H]([C@@H]([C@H]3O)O)O[C@@H]4[C@H](O[C@@H]([C@@H]([C@H]4O)O)O[C@@H]5[C@H](O[C@@H]([C@@H]([C@H]5O)O)O[C@@H]6[C@H](O[C@@H]([C@@H]([C@H]6O)O)O[C@@H]7[C@H](O[C@@H]([C@@H]([C@H]7O)O)O[C@@H]8[C@H](O[C@H](O2)[C@@H]([C@H]8O)O)CO)CO)CO)CO)CO)CO)O)O)[NH3+],1,Mono(6-amino-6-deoxy)-β-Cyclodextrin
54,[O-]C(=O)COc1c2c(c(c3c1C1CC3c3c1cc1c(c3)C3CC1c1c3cccc1)OCC(=O)[O-])C1CC2c2c1cc1c(c2)C2CC1c1c2cccc1.[Na+].[Na+],1,Molecular Tweezer-sodium diacetate
55,OC1=C(CC2=CC(S(=O)([O-])=O)=CC(CC3=C(O)C4=CC(S(=O)([O-])=O)=C3)=C2O)C=C(S(=O)([O-])=O)C=C1CC5=C(O)C(CC6=CC(S(=O)([O-])=O)=CC(CC7=CC(S(=O)([O-])=O)=CC(CC8=C(O)C(CC9=CC(S(=O)([O-])=O)=CC(C4)=C9O)=CC(S(=O)([O-])=O)=C8)=C7OCCN)=C6O)=CC(S(=O)([O-])=O)=C5,1,p-sulfonatocalix[8]arene-(mono aminoethyl-substituted)
56,CC(COCC1C2C(C(C(O1)OC3C(OC(C(C3O)O)OC4C(OC(C(C4O)O)OC5C(OC(C(C5O)O)OC6C(OC(C(C6O)O)OC7C(OC(C(C7O)O)OC8C(OC(O2)C(C8O)O)COCC(C)O)COCC(C)O)COCC(C)O)COCC(C)O)COCC(C)O)COCC(C)O)O)O)O,1,heptakis-O-(2-hydroxypropyl)-β Cyclodextrin
57,O=S(OC1=C2C(C3C4=CC5=C(C=C4C2C3)C6C7=C(C5C6)C=CC=C7)=C(OS(=O)([O-])=O)C8=C1C9C%10=CC(C%11C(C=CC=C%12)=C%12C%13C%11)=C%13C=C%10C8C9)([O-])=O.[Na+].[Na+],1,Molecular Tweezer-Sodium disulfonate
58,O=S(CCCOC1=C(CC2=CC(OCCCS(=O)([O-])=O)=C(C3)C=C2OCCCS(=O)([O-])=O)C=C(OCCCS(=O)([O-])=O)C(CC4=C(OCCCS(=O)([O-])=O)C=C(CC5=CC(OCCCS(=O)([O-])=O)=C(CC6=C(OCCCS(=O)([O-])=O)C=C3C(OCCCS(=O)([O-])=O)=C6)C=C5OCCCS(=O)([O-])=O)C(OCCCS(=O)([O-])=O)=C4)=C1)([O-])=O.[Na+].[Na+].[Na+].[Na+].[Na+].[Na+].[Na+].[Na+].[Na+].[Na+],1,propyl sulfonated pillar[5]arene
59,CN(CCCCCC1=C(C(OC2=C1C=CC(=C2)N(CC)CC)=O)C=O)CC2=C(C=CC=C2)B(O)O,1,2-[[Methyl[5-[2-oxo-3-formyl-7-(diethylamino)-2H-1-benzopyran-4-yl]pentyl]amino]methyl]phenylboronic acid
60,CCCCOc1ccc2c3c1COCc1c(OCCCC)ccc4c1ccc1c4C4CC(O1)Oc1c4c4ccc(c(COCc5c6c(c7C8c2c(cc3)OC(C8)Oc7cc6)ccc5OCCCC)c4cc1)OCCCC,1,syn oxatube
61,Oc1c2Cc3cc(cc4c3OCCOc3c5Cc6cc(cc(Cc7c(OCCOc8c(Cc1cc(c2)S(=O)(=O)[O-])cc(cc8Cc1c(c(C4)cc(c1)S(=O)(=O)[O-])O)S(=O)(=O)[O-])c(Cc1c(c(Cc3cc(c5)S(=O)(=O)[O-])cc(c1)S(=O)(=O)[O-])O)cc(c7)S(=O)(=O)[O-])c6O)S(=O)(=O)[O-])S(=O)(=O)[O-],1,homoditopic doubly ethyl-bridged bis(p-sulfonatocalix[4]arene)
62,C1COCCOCCOCCOCCO1,1,15-crown-5
63,Oc1c2Cc3cc(cc(c3O)Cc3cc(cc(c3O)Cc3cc(cc(c3O)Cc3cc(cc(Cc4c(c(Cc5c(c(Cc6c(c(Cc1cc(c2)S(=O)(=O)[O-])cc(c6)S(=O)(=O)[O-])O)cc(c5)S(=O)(=O)[O-])O)cc(c4)S(=O)(=O)[O-])O)c3O)S(=O)(=O)[O-])S(=O)(=O)[O-])S(=O)(=O)[O-])S(=O)(=O)[O-],1,p-sulfonatocalix[8]arene
64,CCCCOc1cc2COCc3cc(OCCCC)cc4c3cc(OCCCC)cc4COCc3c(OCCCC)ccc4c3ccc(c4COCc3c4c(c(COCc5c(c1)c2cc(c5)OCCCC)c(OCCCC)cc4)ccc3OCCCC)OCCCC,1,Oxatub[4]arene TA4
65,O=C(COC1=C(CC2=CC(OCC(O)=O)=C(C3)C=C2OCC(O)=O)C=C(OCC(O)=O)C(CC4=C(OCC(O)=O)C=C(CC5=CC(OCC(O)=O)=C(CC6=C(OCC(O)=O)C=C3C(OCC(O)=O)=C6)C=C5OCC(O)=O)C(OCC(O)=O)=C4)=C1)O,1,carboxylate pillar[5]arene
66,O=C1N(C2)[C@@](N3CN4[C@]5([H])N2C(N(CN6C(N(C7)[C@@](N8CN9[C@]%10(C)N7C(N(CC%11=C%12C(OCCCS(=O)(O[Na])=O)=CC=C%11OCCCS(=O)(O[Na])=O)[C@]%10(C)N(C%12)C9=O)=O)([H])[C@]6([H])N%13C8=O)=O)[C@]5([H])N(C%13)C4=O)=O)(C)[C@@]%14(C)N1CC%15=C(OCCCS(=O)(O[Na])=O)C=CC(OCCCS(=O)(O[Na])=O)=C%15CN%14C3=O,1,"Acyclic (sodium 3,3'-(1,4-phenylenebis(oxy))bis(propane-1-sulfonate) Cucurbiturils (tetrameric Glycouril units)"
67,COCCOCCOCCN1C2C(N(C1=O)CCOCCOCCOC)N1C(=O)N2CN2C(=O)N(C3C2N(CCOCCOCCOC)C(=O)N3CCOCCOCCOC)CN2C(=O)N(C3C2N(CCOCCOCCOC)C(=O)N3CCOCCOCCOC)CN2C(=O)N(CN3C(=O)N(CN4C(=O)N(C1)C1C4N(C(=O)N1CCOCCOCCOC)CCOCCOCCOC)C1C3N(C(=O)N1CCOCCOCCOC)CCOCCOCCOC)C1C2N(CCOCCOCCOC)C(=O)N1CCOCCOCCOC,1,dodeca(PEG)bambus[6]uril
68,Oc1c2cc(cc1Cc1cc(cc(c1O)Cc1c(c(Cc3c(c(C2)cc(c3)S(=O)(=O)O)O)cc(c1)S(=O)(=O)O)O)S(=O)(=O)O)NS(=O)(=O)c1ccc(cc1)C(=O)O,1,p-sulfonatocalix[4]arene-(carboxysulfonamide-substituted)
69,NCCN1C=C(N=N1)COC(C=C2)=C(CNCC3=C(OCC(N=N4)=CN4CCN)C=CC5=C3C=C6)C7=C2C8=C(C=C7)OC9CC8C%10=C(O9)C=CC%11=C%10C=CC(OCC(N=N%12)=CN%12CCN)=C%11CNCC%13=C(OCC(N=N%14)=CN%14CCN)C=CC%15=C%13C=CC(O%16)=C%15C%17C5=C6OC%16C%17,2,anti amine naphthotube | syn amine naphthotube
70,COc1ccc2-c3ccc(c(c3)C#Cc3cc(OC)ccc3-c3ccc(c(c3)C#Cc3cc(OC)ccc3-c3cc(C#Cc4c(-c5c(C#Cc6c(-c7c(C#Cc2c1)cc(OC)cc7)ccc(c6)OC)cc(OC)cc5)ccc(c4)OC)c(OC)cc3)OC)OC,1,Corral[5]arene
71,COC[C@@H]1O[C@H]2O[C@H]3[C@H](COC)O[C@H]([C@H]([C@@H]3OC)OC)O[C@H]3[C@H](COC)O[C@H]([C@H]([C@@H]3OC)OC)O[C@@H]3[C@@H](COC)O[C@@H]([C@@H]([C@H]3OC)OC)O[C@@H]3[C@H](O[C@H](O[C@@H]4[C@H](O[C@H](O[C@H]5[C@@H](O[C@@H](O[C@@H]1[C@H]([C@@H]2OC)OC)[C@@H](OC)[C@@H]5OC)CNCCN1C(=O)c2ccc5c6c2c(C1=O)ccc6c1c2c5ccc5c2c(cc1)C(=O)N(C5=O)CCNC[C@H]1O[C@@H]2O[C@@H]5[C@@H](COC)O[C@@H]([C@@H]([C@H]5OC)OC)O[C@H]5[C@H](COC)O[C@H]([C@H]([C@@H]5OC)OC)O[C@H]5[C@H](COC)O[C@H]([C@H]([C@@H]5OC)OC)O[C@H]5[C@@H](O[C@@H](O[C@H]6[C@@H](O[C@@H](O[C@@H]7[C@H](O[C@H](O[C@H]1[C@@H]([C@H]2OC)OC)[C@H](OC)[C@H]7OC)COC)[C@@H](OC)[C@@H]6OC)COC)[C@@H](OC)[C@@H]5OC)COC)[C@H](OC)[C@H]4OC)COC)[C@H](OC)[C@H]3OC)COC,1,Perylene-Bridged Bis(b-cyclodextrin)
72,O=C1N2CN3C(=O)N4C5C3N3CN6C2C2N1CN1C(=O)N7C8C1N(CN2C6=O)C(=O)N8CN1C2N(C7)C(=O)N6C2N(C1=O)CN1C2N(C6)C(=O)N6CN7C(=O)N(C4CCc4ccccc4)C4N(CN5C3=O)C(=O)N(C74)CN(C26)C1=O,1,Meta-ethylphenylcucurbit[6]urils
73,C1C2=CC(=CC(=C2O)CC3=CC(=CC(=C3O)CC4=CC(=CC(=C4O)CC5=C(C(=CC(=C5)S(=O)(=O)O)CC6=C(C1=CC(=C6)S(=O)(=O)O)O)O)S(=O)(=O)O)S(=O)(=O)O)S(=O)(=O)O,1,p-Sulfonatocalix[5]arene
74,[Li+].[Li+].COP(OC)(=O)CC1=CC(=CC(=C1)NC(CCCN(C)CC1=C(C=CC=C1)B(O)O)=O)CP([O-])([O-])=O,1,5-[4-(2-dihydroxyboryl-benzyl-N-methylamino)-butyroylamino]-m-xylylene bisphosphonic acid dimethyl ester dilithium salt
75,CN1[C@H]2[C@@H](N(C1=O)C)N3CN4[C@@H]5[C@@H](N(C(=O)N5C)C)N(C4=O)CN6[C@@H]7[C@@H](N(C(=O)N7C)C)N(C6=O)CN8[C@@H]9[C@@H](N(C(=O)N9C)C)N(C8=O)CN1[C@@H]4[C@@H](N(C(=O)N4C)C)N(C1=O)CN1[C@@H]4[C@@H](N(C(=O)N4C)C)N(C1=O)CN2C3=O,1,Dodecamethylbambus[6]uril
76,O[C@@H]1C([C@H](O[C@@H]2[C@H](O)C(O)[C@H](O3)[C@@H](CO)O2)[C@@H](CN[C@](CO)([H])CC)O[C@@H]1O[C@@H]4[C@@H](CO)O[C@H](O[C@H]5C(O)[C@@H](O)[C@@H](O[C@@H]6[C@@H](CO)O[C@H](O[C@@H]7[C@@H](O)[C@@H]([C@H](O[C@H]8[C@H](O)[C@H]([C@@H]3O[C@@H]8CO)O)O[C@H]7CO)O)[C@H](O)C6O)O[C@@H]5CO)[C@H](O)[C@H]4O)O,1,Mono[6-(R(-)-1-hydroxymethylpropylamino)-6-deoxy]β-Cyclodextrin
77,Oc1c2Cc3cc(cc(c3OCCOc3c4Cc5cc(cc(c5O)Cc5cc(cc(Cc6c(c(Cc3cc(c4)S(=O)(=O)[O-])cc(c6)S(=O)(=O)[O-])O)c5O)S(=O)(=O)[O-])S(=O)(=O)[O-])Cc3cc(cc(Cc4c(c(Cc1cc(c2)S(=O)(=O)[O-])cc(c4)S(=O)(=O)[O-])O)c3O)S(=O)(=O)[O-])S(=O)(=O)[O-],2,bis(p-sulfonatocalix[4]arenes) | singly ethyl-bridged bis(p-sulfonatocalix[4]arene)
78,COC[C@@H]1O[C@H]2O[C@@H]3[C@@H](COC)O[C@@H]([C@@H]([C@H]3OC)OC)O[C@@H]3[C@@H](COC)O[C@@H]([C@@H]([C@H]3OC)OC)O[C@@H]3[C@@H](COC)O[C@@H]([C@@H]([C@H]3OC)OC)O[C@H]3[C@@H](O[C@@H](O[C@H]4[C@@H](O[C@@H](O[C@H]5[C@@H](O[C@@H](O[C@@H]1[C@H]([C@@H]2OC)OC)[C@@H](OC)[C@@H]5OC)COC)[C@@H](OC)[C@@H]4OC)COC)[C@@H](OC)[C@@H]3OC)COC,1,permethylated β-cyclodextrin
79,OC(=O)COc1c2cccc1Cc1cccc(c1OCC(=O)O)Cc1c(c(Cc3c(c(C2)ccc3)OCC(=O)O)ccc1)OCC(=O)O,1,Methylcarboxylate-substituted Calix[4]arene
80,O=C(OCC[N+](C)(C)C)C1=CC(CC2=C3)=C(OCCCCCCCCCCCC)C(CC4=CC(C(OCC[N+](C)(C)C)=O)=CC(CC5=CC(C(OCC[N+](C)(C)C)=O)=CC(CC(C=C3C(OCC[N+](C)(C)C)=O)=C2OCCCCCCCCCCCC)=C5OCCCCCCCCCCCC)=C4OCCCCCCCCCCCC)=C1,1,Amphipilic Cholin-alkyl-subsituted Calix[4]arene
81,[Na]OS(=O)(=O)CCCOc1c2CN3C(=O)N4[C@]5([C@@]3(N(Cc2c(c2c1cccc2)OCCCS(=O)(=O)O[Na])C(=O)N5CN1[C@@H]2N(C4)C(=O)N3[C@@H]2N(C1=O)CN1[C@@]2(N(C3)C(=O)N3[C@]2(C)N(C1=O)Cc1c(C3)c(OCCCS(=O)(=O)O[Na])c2c(c1OCCCS(=O)(=O)O[Na])cccc2)C)C)C,1,Dimetoxinaphtaleneglycoluril trimer
82,OC1=C2C=C(S(=O)([O-])=O)C=C1CC3=C(O)C(CC4=CC(S(=O)([O-])=O)=CC(CC5=CC(S(=O)([O-])=O)=CC(CC6=CC(S(=O)([O-])=O)=CC(CC(C=C(S(=O)([O-])=O)C=C7C2)=C7O)=C6O)=C5OCCN)=C4O)=CC(S(=O)([O-])=O)=C3,1,p-sulfonatocalix[6]arene-(mono amidomethyl-substituted)
83,O=C1N2CN(C(N3CN4C5[C@H]6N7C4=O)=O)C(C3N8C[N@]5C([N@@]6C[N@@]9C([N@@]([C@H]([N@](C[N@@]%10[C@H]%11C%12%13)C%14=O)[C@@H]9[N@]%14C7)C[N@@]%11C([N@]%13C%15N%16C(N%17CN%18C%19=O)=O)=O)=O)=O)N(C8=O)CN%19C2C%18N1CN%20C%17C%16N([C@H](C%21=C%15C=C(C=CC=C%22)C%22=C%21)N%12C%10=O)C%20=O,1,"Napthalene-monofunctionalized cucurbit[6]uril, Cucurbituril[6]"
84,CCCCCCOc1c2Cc3cc(cc(c3OCCCCCC)Cc3cc(cc(Cc4c(c(Cc1cc(c2)S(=O)(=O)[O-])cc(c4)S(=O)(=O)[O-])OCCCCCC)c3OCCCCCC)S(=O)(=O)[O-])S(=O)(=O)[O-],1,p-sulfonatocalix[4]arene-(tetrakis(hexyloxy) substitued)
85,OC[C@H]1O[C@@H]2O[C@@H]3[C@@H](CO)O[C@H](O[C@@H]4[C@@H](CO)O[C@H](O[C@@H]5[C@@H](CO)O[C@H](O[C@@H]6[C@@H](CO)O[C@H](O[C@@H]7[C@@H](CO)O[C@H](O[C@@H]8[C@@H](CO)O[C@H](O[C@@H]9[C@@H](CO)O[C@H](O[C@H]1[C@H](O)[C@H]2O)[C@H](O)[C@H]9O)[C@H](O)[C@H]8O)[C@H](O)[C@H]7O)[C@H](O)[C@H]6O)[C@H](O)[C@H]5O)[C@H](O)[C@H]4O)[C@H](O)[C@H]3O,1,γ-Cyclodextrin
86,[Na]OS(=O)(=O)CCCCOC=1C=C(C=CC1)[C@@H]1N=C(OC1)CC1=C(C(=C(C(=C1CC)CC=1OC[C@@H](N1)C1=CC(=CC=C1)OCCCCS(=O)(=O)O[Na])CC)CC=1OC[C@@H](N1)C1=CC(=CC=C1)OCCCCS(=O)(=O)O[Na])CC,1,"1,3,5-tris[[(4s)-4-[3-[4-(sodiosulfo)butoxy]phenyl]-2-oxazoline-2-yl]methyl]-2,4,6-triethylbenzene"
87,CCCCOc1c(OCCCC)c2COCc3c(OCCCC)c(OCCCC)c(c4c3cccc4)COCc3c(c(c(COCc4c(c(c(COCc1c1c2cccc1)c1ccccc41)OCCCC)OCCCC)c1c3cccc1)OCCCC)OCCCC,1,Zorb[4]arene
88,OCCNC(=O)CCCCCN1C2C(N(C1=O)CCCCCC(=O)NCCO)N1C(=O)N2CN2C(=O)N(C3C2N(CCCCCC(=O)NCCO)C(=O)N3CCCCCC(=O)NCCO)CN2C(=O)N(C3C2N(CCCCCC(=O)NCCO)C(=O)N3CCCCCC(=O)NCCO)CN2C(=O)N(CN3C(=O)N(CN4C(=O)N(C1)C1C4N(C(=O)N1CCCCCC(=O)NCCO)CCCCCC(=O)NCCO)C1C3N(C(=O)N1CCCCCC(=O)NCCO)CCCCCC(=O)NCCO)[C@H]1[C@@H]2N(CCCCCC(=O)NCCO)C(=O)N1CCCCCC(=O)NCCO,1,dodecakis(5‐carboxypentyl-2‐hydroxyethylamide)bambus[6]uril
89,O[C@@H]1[C@@H](O)[C@H](O[C@@H]2[C@H](O)[C@@H](O)[C@H](O3)[C@@H](COCCCCS(=O)([O-])=O)O2)[C@@H](COCCCCS(=O)([O-])=O)O[C@@H]1O[C@H]4[C@H](O)[C@@H](O)[C@@H](O[C@@H]5[C@@H](O)[C@H](O)[C@H](O[C@@H]6[C@@H](O)[C@H](O)[C@H](O[C@@H]7[C@@H](O)[C@H](O)[C@H](O[C@@H]8[C@@H](O)[C@H](O)[C@H]3O[C@H]8COCCCCS(=O)([O-])=O)O[C@H]7COCCCCS(=O)([O-])=O)O[C@H]6COCCCCS(=O)([O-])=O)O[C@H]5COCCCCS(=O)([O-])=O)O[C@@H]4COCCCCS(=O)([O-])=O.[Na+].[Na+].[Na+].[Na+].[Na+].[Na+].[Na+],1,sulfobutylether7-β-cyclodextrin
90,CCCCCCCCCCCCCOc1c2cc(cc1Cc1cc(NC(=N)[NH3+])cc(c1OCCCCCCCCCCCC)Cc1cc(NC(=N)[NH3+])cc(c1OCCCCCCCCCCCC)Cc1c(c(Cc3c(c(C2)cc(NC(=N)[NH3+])c3)OCCCCCCCCCCCC)cc(NC(=N)[NH3+])c1)OCCCCCCCCCCCC)NC(=N)[NH3+],1,Guanidinocalix[5]arene pentadodecyl ether
91,C1COCCOCCN2CCOCCOCCN1CCOCCOCC2,1,"4,7,13,16,21,24-Hexaoxa-1,10-diazabicyclo[8.8.8]hexacosane"
92,[O-]C(=O)COc1cc(OCC(=O)[O-])c2-c3ccc4c(c3)cc(-c3cc(Cc5cc(-c6cc7cc(-c8cc(Cc1c2)c(OCC(=O)[O-])cc8OCC(=O)[O-])ccc7cc6)c(OCC(=O)[O-])cc5OCC(=O)[O-])c(cc3OCC(=O)[O-])OCC(=O)[O-])cc4.[NH4+].[NH4+].[NH4+].[NH4+].[NH4+].[NH4+].[NH4+].[NH4+],1,WNBP
93,B(C1=CC=CC=C1CN(C)CC2=C3C=CC=CC3=CC4=CC=CC=C42)(O)O,1,(2-(((anthracen-9-ylmethyl)(methyl)amino)methyl)phenyl)boronic acid
94,CC(C(O[Na])=O)OC(C(OC(C)C(O[Na])=O)=C1)=CC2=C1C(C=C(OC(C(O[Na])=O)C)C(OC(C(O[Na])=O)C)=C3)=C3C4=C2C=C(OC(C(O[Na])=O)C)C(OC(C)C(O[Na])=O)=C4,1,Triphenylene receptor
95,COC[C@H]1O[C@@H]2O[C@H]3[CH][CH][C@H](O[CH]3)O[C@H]3[C@H](OC)[C@@H](OC)[C@H](O[C@@H]3COC)O[C@H]3[C@H](OC)[C@@H](OC)[C@H](O[C@@H]3COC)O[C@H]3[C@H](OC)[C@@H](OC)[C@H](O[C@@H]3COC)O[C@H]3[C@H](OC)[C@@H](OC)[C@H](O[C@@H]3COC)O[C@H]1[C@H](OC)[C@H]2OC,1,"Hexakis(2,3,6-tri-o-methyl)-alpha-cyclodextrin"
96,CN(c1ccc2c(c1)oc1-c(c2c2cc(ccc2C(=O)[O-])C(=O)NCCC(=O)N2Cc3ccccc3-c3c(-c4c2cccc4)nnn3CCCCC23N4CN5C(=O)N6C7C5N5CN2C(=O)N2C3(C)N(C4=O)CN3C4N(C2)C(=O)N2C4N(C3=O)CN3C4N(C2)C(=O)N2C4N(C3=O)CN3C4N(C2)C(=O)N2CN8C(=O)N9CN%10C(=O)N(CN7C5=O)C5N(C6)C(=O)N(C%105)CN5C(=O)N(C8C95)CN(C3=O)C42)ccc(=[N+](C)C)c1)C,1,Cucurbit[7]uril-tetramethylrhodamine conjugate
97,Oc1c2Cc3cc(cc(c3O)Cc3cc(cc(Cc4c(c(Cc1cc(c2)CS(=O)(=O)[O-])cc(c4)CS(=O)(=O)[O-])O)c3O)CS(=O)(=O)[O-])CS(=O)(=O)[O-],1,p-sulfocalixmethylcalix[4]arene
98,C([C@@H]1[C@@H]2[C@@H]([C@H]([C@H](O1)O[C@@H]3[C@H](O[C@@H]([C@@H]([C@H]3O)O)O[C@@H]4[C@H](O[C@@H]([C@@H]([C@H]4O)O)O[C@@H]5[C@H](O[C@@H]([C@@H]([C@H]5O)O)O[C@@H]6[C@H](O[C@@H]([C@@H]([C@H]6O)O)O[C@@H]7[C@H](O[C@@H]([C@@H]([C@H]7O)O)O[C@@H]8[C@H](O[C@H](O2)[C@@H]([C@H]8O)O)CO)CO)CO)CO)CO)CO)O)O)NCC(=O)O,1,Mono(6-carboxymethylamino-6-deoxy)-β-Cyclodextrin
99,N#CCOc1c2Cc3cc(cc(c3O)Cc3cc(cc(c3O)Cc3cc(cc(c3O)Cc3cc(cc(Cc4c(c(Cc5c(c(Cc6c(c(Cc1cc(c2)S(=O)(=O)O)cc(c6)S(=O)(=O)O)O)cc(c5)S(=O)(=O)O)O)cc(c4)S(=O)(=O)O)O)c3O)S(=O)(=O)O)S(=O)(=O)O)S(=O)(=O)O)S(=O)(=O)O,1,p-sulfonatocalix[8]arene-(mono cyanomethyl-substituted)
100,CCCCCCCCCCCCOc1c2cc(cc1Cc1cc(cc(c1OCCCCCCCCCCCC)Cc1cc(cc(c1OCCCCCCCCCCCC)Cc1c(c(Cc3c(c(C2)cc(c3)C(=O)OCC[N+](C)(C)C)OCCCCCCCCCCCC)cc(c1)C(=O)OCC[N+](C)(C)C)OCCCCCCCCCCCC)C(=O)OCC[N+](C)(C)C)C(=O)OCC[N+](C)(C)C)C(=O)OCC[N+](C)(C)C,1,Amphipilic Cholin-alkyl-subsituted Calix[5]arene
101,CC12C3(N4CN5C6C7N(C5=O)CN8C9C5N(C8=O)CN8C(=O)N%10CC%11=C(C=CC%12=C%11C(=C(C=C%12)OCCCS(=O)(=O)[O-])CN%11C%10(C8(N(C%11=O)CN5C(=O)N9CN7C(=O)N6CN3C(=O)N1CC1=C(C=CC3=C1C(=C(C=C3)OCCCS(=O)(=O)[O-])CN2C4=O)OCCCS(=O)(=O)[O-])C)C)OCCCS(=O)(=O)[O-])C.[Na+].[Na+].[Na+].[Na+],1,"Acyclic sodium 3,3'-(naphthalene-1,4-diylbis(oxy))bis(propane-1-sulfonate) Cucurbituril (tetrameric glycourilunit)"
102,C1C2=CC=C(C[N+]3=CC=C(C=C3)C4=CC=[N+](CC5=CC=C(C[N+]6=CC=C(C=C6)C7=CC=[N+]1C=C7)C=C5)C=C4)C=C2.F[P-](F)(F)(F)(F)F.F[P-](F)(F)(F)(F)F.F[P-](F)(F)(F)(F)F.F[P-](F)(F)(F)(F)F,1,"Cyclobis(paraquat-1,4-phenylene) tetrakis(hexafluorophosphate)"
103,O=C(N1C2N3CN4C5N6C1)N(CN78)[C@@]2(C)N(CN9[C@]8(C)C(N(C%10)C9=O)N(CN(C(N(C[N@]%11C(N%12C%13)=O)C%14N%15C[N@@]%16C([N@]([C@@]%12(C)[C@@H]%16%11)C[N@]%17C([N@](C([N@]%18C[N@]%19C%20(C)[C@H]%21N%22C[N@](C4=O)[C@]5(C)[N@@](C[N@]%21C%19=O)C6=O)(C)[C@H]%17[N@]%13C%18=O)C[N@]%20C%22=O)=O)=O)=O)[C@]%14(C)N%10C%15=O)C7=O)C3=O,1,"Hemimethyl-substituted Cucurbit[7]uril, Cucurbituril[7]"
104,C1COCCOCCN2CCOCCOCCN1CCOCCOCCOCC2,1,"4,7,10,16,19,24,27-Heptaoxa-1,13-diazabicyclo[11.8.8]nonacosane"
105,[O-]S(=O)(=O)c1cc2Cc3cc(cc4c3OCCOCCOc3c(C4)cc(cc3Cc3c4c(Cc(c1)c2OCCOCCO4)cc(c3)S(=O)(=O)[O-])S(=O)(=O)[O-])S(=O)(=O)[O-],1,p-sulfonatocalix[4]arene-(strapped-ethyleneglycol-substituted)
106,CCCOC1=C2CC3=CC(P(OC)(O[Li])=O)=CC(CC4=C(OCCC)C(CC5=C(OCCC)C(CC1=CC(P(OC)(O[Li])=O)=C2)=CC(P(OC)(O[Li])=O)=C5)=CC(P(OC)(O[Li])=O)=C4)=C3OCCC,1,"5,11,17,23-Tetrakis-(hydroxymethoxyphosphoryl)- 25,26,27,28-tetrapropoxycalix[4]arene Tetralithium Salt"
107,OC1=C(CC2=C(C(CC3=C(O)C(C4)=CC(N=NC5=CC=C(C(O)=O)C=C5)=C3)=CC(N=NC6=CC=C(C(O)=O)C=C6)=C2)O)C=C(N=NC7=CC=C(C(O)=O)C=C7)C=C1CC8=C(O)C4=CC(N=NC9=CC=C(C(O)=O)C=C9)=C8,1,"5,11,17,23- tetrakis[(p-carboxyphenyl)azo]-25,26,27,28-tetra-hydroxy calix[4]arene"
108,O=C1N2CN3C(=O)N4C5C3N3CN6C2C2N1CN1C(=O)N7C8C1N(CN2C6=O)C(=O)N8CN1[C@H]2N(C7)C(=O)N6C2N(C1=O)CN1[C@@H]2N(C6)C(=O)N6[C@@H]2N(C1=O)CN1[C@H]2[C@@H]7N(CN8C(=O)N(C4)C4N(CN5C3=O)C(=O)N(C84)CN7C1=O)C(=O)N2C6,1,Inverted Cucurbit[7]uril
109,N12CCOCCOCCOCCN(CCOCCOCCOCC1)CCOCC(OCC2)CO,1,"4,7,10,16,19,22,27,30-Octaoxa-1,13-diazabicyclo[11.11.8]dotriacontan-28-ylmethanol"
110,O=S(OC1=C(CC2=C(OS(=O)([O-])=O)C=C(CC3=C(OS(=O)([O-])=O)C=C(CC4=C(OS(=O)([O-])=O)C=C(CC5=CC(OS(=O)([O-])=O)=C(CC6=C(OS(=O)([O-])=O)C=C(C7)C(OS(=O)([O-])=O)=C6)C=C5OS(=O)([O-])=O)C(OS(=O)([O-])=O)=C4)C(OS(=O)([O-])=O)=C3)C(OS(=O)([O-])=O)=C2)C=C(OS(=O)([O-])=O)C(CC8=CC(OS(=O)([O-])=O)=C7C=C8OS(=O)([O-])=O)=C1)([O-])=O.[Na+].[Na+].[Na+].[Na+].[Na+].[Na+].[Na+].[Na+].[Na+].[Na+].[Na+].[Na+].[Na+].[Na+],1,sulfonated pillar[7]arene
111,O=C(N(C)C)COC1=C(CC(C=C2S(=O)([O-])=O)=C3OCC(N(C)C)=O)C=C(S(=O)([O-])=O)C=C1CC4=C(OCC(N(C)C)=O)C(CC5=CC(S(=O)([O-])=O)=CC(CC3=C2)=C5OCC(N(C)C)=O)=CC(S(=O)([O-])=O)=C4,1,p-Sulfonatocalix[4]arene (tetrakis(2-(dimethylamino)-2-oxoethoxy)-substituted)
112,CC(C)(C)C1=CC(=C(C=C1)NC(=O)NC2=CC=C(C=C2)OC)C#CC3=CC(=CC(=C3)Cl)C#CC4=C(C=CC(=C4)C(C)(C)C)NC(=O)NC5=CC=C(C=C5)OC,1,bisurea-receptor-Cl
113,CC(C)(C)C1=CC(=C(C=C1)NC(=O)NC2=CC=C(C=C2)OC)C#CC3=CC(=CC(=C3)F)C#CC4=C(C=CC(=C4)C(C)(C)C)NC(=O)NC5=CC=C(C=C5)OC,1,bisurea-receptor-F
114,COC[C@H]1O[C@@H]2O[C@H]3[C@H](COC)O[C@H]([C@H]([C@@H]3OC)OC)O[C@H]3[C@H](COC)O[C@H]([C@H]([C@@H]3OC)OC)O[C@H]3[C@H](COC)O[C@H]([C@H]([C@@H]3OC)OC)O[C@H]3[C@@H](O[C@@H](O[C@@H]4[C@H](O[C@H](O[C@@H]5[C@H](O[C@H](O[C@H]1[C@@H]([C@H]2OC)OC)[C@H](OC)[C@H]5OC)COc1cccc2c1cccc2)[C@H](OC)[C@H]4OC)COC)[C@@H](OC)[C@@H]3OC)COC,1,"6I-O-(1-naphtholxy)-2I,31-di-O- methylhexakis(2II-VII,3II-VII,6II-VII-tri-O-methyl)-B-cyclodextrin"
115,C(CCC)C1=C(C(OC2=CC(=CC=C12)N(CC)CC)=O)C=O,1,4-butyl-7-(diethylamino)-2-oxochromene-3-carbaldehyde
116,CC(C)(C)C1=CC(=C(C=C1)NC(=O)NC2=CC=C(C=C2)OC)C#CC3=CC(=CC(=C3)N(C)C)C#CC4=C(C=CC(=C4)C(C)(C)C)NC(=O)NC5=CC=C(C=C5)OC,1,bisurea-receptor-NMe2
117,CC(C)(C)C1=CC(=C(C=C1)NC(=O)NC2=CC=C(C=C2)OC)C#CC3=CC(=CC=C3)C#CC4=C(C=CC(=C4)C(C)(C)C)NC(=O)NC5=CC=C(C=C5)OC,1,bisurea-receptor
118,CCCCOc1ccc2c3c1CNC(=S)NCc1c(OCCCC)ccc4c1ccc1c4C4CC(O1)Oc1c4c4ccc(c(CNC(=S)NCc5c6c(c7C8c2c(cc3)OC(C8)Oc7cc6)ccc5OCCCC)c4cc1)OCCCC,1,anti-Thiourea Naphthotube
119,COC[C@H]1O[C@@H]2O[C@H]3[C@@H](O[C@H]([C@H]([C@@H]3OC)OC)O[C@H]3[C@H](COC)O[C@H]([C@H]([C@@H]3OC)OC)O[C@H]3[C@H](COC)O[C@H]([C@H]([C@@H]3OC)OC)O[C@H]3[C@@H](O[C@@H](O[C@@H]4[C@H](O[C@H](O[C@@H]5[C@H](O[C@H](O[C@H]1[C@@H]([C@H]2OC)OC)[C@H](OC)[C@H]5OC)COC)[C@H](OC)[C@H]4OC)COC)[C@@H](OC)[C@@H]3OC)COC)CN1C(=O)c2ccc3c4c2c(C1=O)ccc4c1c2c3ccc3c2c(cc1)C(=O)N(C3=O)C[C@H]1O[C@@H]2O[C@@H]3[C@@H](OC)O[C@@H]([C@@H]([C@H]3OC)OC)O[C@@H]3[C@@H](COC)O[C@@H]([C@@H]([C@H]3OC)OC)O[C@H]3[C@H](COC)O[C@H]([C@H]([C@@H]3OC)OC)O[C@H]3[C@@H](O[C@@H](O[C@H]4[C@@H](O[C@@H](O[C@H]5[C@@H](O[C@@H](O[C@H]1[C@@H]([C@H]2OC)OC)[C@@H](OC)[C@@H]5OC)COC)[C@@H](OC)[C@@H]4OC)COC)[C@@H](OC)[C@@H]3OC)COC,1,perylene- bridged bis(b-cyclodextrin)s
120,C[N+]1(CCCNC=2C(C(C2NCCC[N+](CCCNC=2C(C(C2NCCC1)=O)=O)(C)C)=O)=O)C,1,"6,6,19,19-tetramethyl-12,13,25,26-tetraoxo-2,6,10,15,19,23-hexaazatricyclo[22.2.0.011,14]hexacosa-1(24),11(14)-diene-6,19-diium"
121,Oc1c2Cc3cc(cc(c3O)Cc3cc(cc(Cc4c(c(Cc1cc(c2)S(=O)(=O)O)cc(c4)NS(=O)(=O)c1ccc(cc1)C(=O)[O])O)c3O)S(=O)(=O)O)NS(=O)(=O)c1ccc(cc1)C(=O)[O],1,"p-sulfonatocalix[4]arene-(2,4-dicarboxysulfonamide-substituted)"
122,CC(C)(C)C1=CC(=C(C=C1)NC(=O)NC2=CC=C(C=C2)OC)C#CC3=CC(=CC(=C3)OC)C#CC4=C(C=CC(=C4)C(C)(C)C)NC(=O)NC5=CC=C(C=C5)OC,1,bisurea-receptor-OMe
123,[Na]OS(=O)(=O)c1ccc(cc1)N=Nc1cc2Cc3cc(N=Nc4ccc(cc4)S(=O)(=O)O[Na])cc(c3O)Cc3cc(cc(Cc4c(c(Cc(c1)c2O)cc(/N=N/c1ccc(cc1)S(=O)(=O)O[Na])c4)O)c3O)/N=N/c1ccc(cc1)S(=O)(=O)O[Na],1,Sulfonated azocalix[4]arene
124,CC(C)(C)C1=CC(=C(C=C1)NC(=O)NC2=CC=C(C=C2)OC)C#CC3=CC(=CC(=C3)[N+](=O)[O-])C#CC4=C(C=CC(=C4)C(C)(C)C)NC(=O)NC5=CC=C(C=C5)OC,1,bisurea-receptor-NO2
125,[Na]OS(=O)(=O)CCCOc1ccc(c2c1CN1C(=O)N3[C@]4([C@@]1(N(C2)C(=O)N4CN1[C@@]2(N(C3)C(=O)N3[C@@H]2N(C1=O)CN1[C@@H]2N(C3)C(=O)N3[C@]2(C)N(C1=O)CN1[C@@]2(N(C3)C(=O)N3[C@]2(C)N(C1=O)Cc1c(C3)c(OCCCS(=O)(=O)O[Na])ccc1OCCCS(=O)(=O)O[Na])C)C)C)C)OCCCS(=O)(=O)O[Na],1,Dimetoxixylyleneglycoluril tetramer
126,[Na]OS(=O)(=O)CCCOc1ccc(c2c1CN1C(=O)N3[C@]4([C@@]1(N(C2)C(=O)N4CN1[C@@]2(N(C3)C(=O)N3[C@]2(C)N(C1=O)Cc1c(C3)c(OCCCS(=O)(=O)O[Na])ccc1OCCCS(=O)(=O)O[Na])C)C)C)OCCCS(=O)(=O)O[Na],1,Dimetoxixylyleneglycoluril dimer
127,O=C(N2CN(C(N4CN(C(N6CN(C(N8CN(C(N%10CN%11C%13C%12N(CCCCCC(O)=O)C(N%13CCCCCC(O)=O)=O)=O)C9C%10N(CCCCCC(O)=O)C(N9CCCCCC(O)=O)=O)=O)C7C8N(CCCCCC(O)=O)C(N7CCCCCC(O)=O)=O)=O)C5C6N(CCCCCC(O)=O)C(N5CCCCCC(O)=O)=O)=O)C3C4N(CCCCCC(O)=O)C(N3CCCCCC(O)=O)=O)N(CN%12C%11=O)C1C2N(CCCCCC(O)=O)C(N1CCCCCC(O)=O)=O,1,Dodecakis(5‐carboxypentyl)bambus[6]uril
128,O=C(CCC(C(=O)NCCNCc1c2ccccc2cc2c1cccc2)N)NCCNCc1c2ccccc2cc2c1cccc2,1,C39H41N5O2
129,COc1ccc2c(c1OCCOCCOCCOCCn1nnc(c1)COC13N4CN5[C@@H]6N7CN1C(=O)N1C3N(C4=O)CN3C4N(C1)C(=O)N1C4N(C3=O)CN3C4N(C1)C(=O)N1C4N(C3=O)CN3C(=O)N4CN8C(=O)N9CN(C5=O)[C@H]6N(C7=O)CN5[C@@H]9C8N(C5=O)CN5C4C3N(C1)C5=O)c[n+]1c(-c3cc4OCOc4cc3CC1)c2.[Br-],1,cucurbit[7]uril-tetraethylene glycol-berberine conjugate
130,[NH2+](Cc1ccccc1)Cc1ccccc1.CCCc1c2cc3OCCOCCOCCOc4nc5ccccc5nc4OCCOCCOCCOc3cc2c(c2c1cc1OCCOCCOCCOc3nc4ccccc4nc3OCCOCCOCCOc1c2)CCC,1,"Bis[quinoxaline-2,3-diylbis[oxy(3,6-dioxaoctane-1,8-diyl)oxy]]-9,10-dipropylanthracene and on dibenzylammonium"
131,C(C)NC(=O)C1=CC=C(N1)C(=O)NC(=[NH2+])N,1,1-[5-(ethylcarbamoyl)-1H-pyrrole-2-ylcarbonyl]guanidinium
132,[NH2+](Cc1ccccc1)Cc1ccccc1.O1CCOc2cc3c(cc2OCCOCCOCCOc2c(OCCOCC1)nc1ccccc1n2)c1cc2OCCOCCOCCOc4nc5ccccc5nc4OCCOCCOCCOc2cc1c1c3cc2OCCOCCOCCOc3nc4ccccc4nc3OCCOCCOCCOc2c1,1,"Tris[2,3-quinoxalinediylbis(oxyethyleneoxyethyleneoxyethyleneoxy)]triphenylene and Dibenzylammonium guest"
133,OC1=C(CC2=CC(S(=O)([O-])=O)=CC(CC3=CC(S(=O)([O-])=O)=CC(CC4=CC(S(=O)([O-])=O)=CC(CC5=CC(S(=O)([O-])=O)=CC6=C5OCC(O)=O)=C4O)=C3O)=C2O)C=C(S(=O)([O-])=O)C=C1CC7=C(O)C(CC8=C(O)C(CC9=C(O)C(C6)=CC(S(=O)([O-])=O)=C9)=CC(S(=O)([O-])=O)=C8)=CC(S(=O)([O-])=O)=C7,1,p-sulfonatocalix[8]arene-(carboxymethyl-substituted)
134,O[C@@H]1[C@H](OC([C@@H]2O)O[C@H](CO)[C@@H](O)[C@H]2O)[C@@H](CO)O[C@@H](OC[C@@H]3O[C@@H]4[C@@H](O)[C@H](O)[C@H]3O[C@H]5[C@@H](O)[C@H](O)[C@@H](O[C@H]6[C@@H](O)[C@H](O)[C@@H](O[C@H]7[C@@H](O)[C@H](O)[C@@H](O[C@@H]8[C@H](O)[C@@H](O)[C@H](O[C@@H]9[C@H](O)[C@@H](O)[C@H](O[C@@H]%10[C@H](O)[C@@H](O)[C@H](O4)[C@@H](CO)O%10)[C@@H](CO)O9)[C@@H](CO)O8)[C@H](CO)O7)[C@H](CO)O6)[C@H](CO)O5)[C@@H]1O,1,Mono(6-O-a-maltosyl)-β-Cyclodextrin
135,C(N)(=O)CN(C(=O)C1=CC=C(N1)C(=O)NC(=[NH2+])N)C(C)C,1,1-[5-(Carbamoylmethyl-isopropyl-carbamoyl)-1H-pyrrole-2-ylcarbonyl]guanidinium
136,[Na]OS(=O)(=O)CCCOc1c2CN3C(=O)N4[C@]5([C@@]3(N(Cc2c(c2c1cccc2)OCCCS(=O)(=O)O[Na])C(=O)N5CN1[C@@]2(N(C4)C(=O)N3[C@@H]2N(C1=O)CN1[C@@H]2N(C3)C(=O)N3[C@]2(C)N(C1=O)CN1[C@@]2(N(C3)C(=O)N3[C@]2(C)N(C1=O)Cc1c(C3)c(OCCCS(=O)(=O)O[Na])c2c(c1OCCCS(=O)(=O)O[Na])cccc2)C)C)C)C,1,Dimetoxinaphtaleneglycoluril tetramer
137,Oc1c2cc(cc1Cc1cc(cc(c1O)Cc1cc(cc(c1O)Cc1c(c(Cc3c(c(C2)cc(c3)CS(=O)(=O)[O-])O)cc(c1)CS(=O)(=O)[O-])O)CS(=O)(=O)[O-])CS(=O)(=O)[O-])CS(=O)(=O)[O-],1,p-sulfocalixmethylcalix[5]arene
138,[Na]OS(=O)(=O)CCCOc1c2CN3C(=O)N4[C@]5([C@@]3(N(Cc2c(c2c1cccc2)OCCCS(=O)(=O)O[Na])C(=O)N5Cc1c(C4)c(OCCCS(=O)(=O)O[Na])c2c(c1OCCCS(=O)(=O)O[Na])cccc2)C)C,1,Dimetoxinaphtaleneglycoluril
139,Oc1c2Cc3cc(N)cc(c3O)Cc3cc(cc(Cc4c(c(Cc1cc(c2)N)cc(N)c4)O)c3O)N,1,"5,11,17,23-Tetraamino-25,26,27,28-tetrahydroxycalix[4]arene"
140,CCCOc1c2cccc1Cc1cc(cc(c1O)Cc1c(c(Cc3c(c(C2)cc(c3)C(P(=O)(O)O)O)O)ccc1)OCCC)C(P(=O)(O)O)O,1,calix[4]arene bis-hydroxymethylphosphous acid
141,CC(C)(C)C1=CC2=C(C(=C1)CC3=CC(=CC(=C3OCC(=O)OC)CC4=CC(=CC(=C4OCC(=O)OC)CC5=C(C(=CC(=C5)C(C)(C)C)C2)OCC(=O)OC)C(C)(C)C)C(C)(C)C)OCC(=O)OC,1,Calixarene
142,[Na]OS(=O)(=O)CCCc1ccc2c3c1CN1C(=O)N4[C@@]5([C@@]1(C)N(Cc3c(cc2)CCCS(=O)(=O)O[Na])C(=O)N5CN1[C@H]2N(C4)C(=O)N3[C@H]2N(C1=O)CN1[C@H]2N(C3)C(=O)N3[C@H]2N(C1=O)CN1[C@]2(N(C3)C(=O)N3[C@]2(N(C1=O)Cc1c2c(C3)c(CCCS(=O)(=O)O[Na])ccc2ccc1CCCS(=O)(=O)O[Na])C)C)C,1,"Acyclic sodium 3,3'-(naphthalene-2,7-diyl)bis(propane-1-sulfonate) Cucurbituril (tetrameric Glycourilunit)"
143,C1=CC2=CC=C1C3=CC=C(C=C3)C4=CC=C(C=C4)C5=CC=C(C=C5)C6=CC=C(C=C6)C7=CC=C(C=C7)C8=CC=C(C=C8)C9=CC=C(C=C9)C1=CC=C(C=C1)C1=CC=C2C=C1,1,"undecacyclo[36.2.2.22,5.26,9.210,13.214,17.218,21.222,25.226,29.230,33.234,37]hexaconta-1(40),2(60),3,5(59),6(58),7,9(57),10(56),11,13(55),14(54),15,17(53),18(52),19,21(51),22,24,26,28,30,32,34,36,38,41,43,45,47,49-triacontaene"
144,[K+].[I-],1,Potassium iodide
145,C(CSC[C@@H]1[C@@H]2[C@@H]([C@H]([C@H](O1)O[C@@H]3[C@H](O[C@@H]([C@@H]([C@H]3O)O)O[C@@H]4[C@H](O[C@@H]([C@@H]([C@H]4O)O)O[C@@H]5[C@H](O[C@@H]([C@@H]([C@H]5O)O)O[C@@H]6[C@H](O[C@@H]([C@@H]([C@H]6O)O)O[C@@H]7[C@H](O[C@@H]([C@@H]([C@H]7O)O)O[C@@H]8[C@H](O[C@@H]([C@@H]([C@H]8O)O)O[C@@H]9[C@H](O[C@H](O2)[C@@H]([C@H]9O)O)CSCCC(=O)O)CSCCC(=O)O)CSCCC(=O)O)CSCCC(=O)O)CSCCC(=O)O)CSCCC(=O)O)CSCCC(=O)O)O)O)C(=O)O,1,Sugammadex
146,C(C1C(C(C(C(O1)OCC2C3C(C(C(O2)OC4C(OC(C(C4O)O)OC5C(OC(C(C5O)O)OC6C(OC(C(C6O)O)OC7C(OC(C(C7O)O)OC8C(OC(C(C8O)O)OC9C(OC(O3)C(C9O)O)CO)CO)CO)CO)CO)CO)O)O)O)O)O)O,1,6-O-alpha-D-glucosyl-β-Cyclodextrin
147,c1cc2ccc1C[n+]1ccc(-c3ccc(-c4cc[n+](cc4)Cc4ccc(C[n+]5ccc(-c6ccc(-c7cc[n+](C2)cc7)cc6)cc5)cc4)cc3)cc1.[Cl-].[Cl-].[Cl-].[Cl-],1,ExBox.4Cl
148,COC[C@H]1O[C@@H]2O[C@H]3[C@H](COC)O[C@H]([C@H]([C@@H]3OC)OC)O[C@H]3[C@H](COC)O[C@H]([C@H]([C@@H]3OC)OC)O[C@H]3[C@H](COC)O[C@H]([C@H]([C@@H]3OC)OC)O[C@H]3[C@@H](O[C@@H](O[C@@H]4[C@H](O[C@H](O[C@@H]5[C@H](O[C@H](O[C@H]1[C@@H]([C@H]2OC)OC)[C@H](OC)[C@H]5OC)COc1cccc2c1nccc2)[C@H](OC)[C@H]4OC)COC)[C@@H](OC)[C@@H]3OC)COC,1,"6I-O-(8-hydroxyquinoline)-2I,31- di-O-methylhexakis(2II-VII,3II-VII,6II-VII- tri-O-methyl)-B-cyclodextrin"
149,C(=N)(N)N.Cl,1,Guanidinium Chloride
150,O=C1NCC[NH](Cc2c3ccccc3cc3c2cccc3)[Cu]2[NH2][C@H](CC1)C(=O)NCC[NH]2Cc1c2ccccc2cc2c1cccc2.CCC,1,Napthalene-copper complex 1
151,C(C(=O)O)N(CC(=O)O)C1C(=O)NC(=O)NC1=O,1,Uramildiacetic acid
152,C1COCCOC2=NC3=CC=CC=C3N=C2OCCOCCOCCOC4=CC=CC=C4OCCO1,1,"2,3-[1,2-phenylenebis[oxy(3,6-dioxaoctane-1,8-diyl)oxy]]quinoxaline"
153,O=C(CCC(C(=O)NCCCCNCc1c2ccccc2cc2c1cccc2)N)NCCCCNCc1c2ccccc2cc2c1cccc2,1,C41H45N5O2
154,CC(C)(C)C1=CC(=C(C=C1)NC(=O)NC2=CC=C(C=C2)OC)C#CC3=NC(=CC=C3)C#CC4=C(C=CC(=C4)C(C)(C)C)NC(=O)NC5=CC=C(C=C5)OC,1,Pyridine-bisurea-receptor
155,CC(C)(C)C1=CC(=C(C=C1)NC(=O)NC2=CC=C(C=C2)OC)C#CC3=CC(=CC(=C3)C(C)(C)C)C#CC4=C(C=CC(=C4)C(C)(C)C)NC(=O)NC5=CC=C(C=C5)OC,1,bisurea-receptor-tBu
156,C1N2[C@H]3[C@@H](N(C2=O)CN4[C@H]5[C@@H](N(C4=O)CN6[C@H]7[C@@H](N(C6=O)CN8[C@H]9[C@@H](N(C8=O)CN2[C@H]4[C@@H](N(C2=O)CN2[C@H]6[C@@H](N1C2=O)N(C(=O)N6CC1=CC=CC=C1)CC1=CC=CC=C1)N(C(=O)N4CC1=CC=CC=C1)CC1=CC=CC=C1)N(C(=O)N9CC1=CC=CC=C1)CC1=CC=CC=C1)N(C(=O)N7CC1=CC=CC=C1)CC1=CC=CC=C1)N(C(=O)N5CC1=CC=CC=C1)CC1=CC=CC=C1)N(C(=O)N3CC1=CC=CC=C1)CC1=CC=CC=C1,1,Dodecabenzylbambus[6]uril
157,N1C(=CC=C1)C(=O)NC(=[NH2+])N,1,1-(1H-hyrrole-2-ylcarbonyl)guanidinium
158,C[C@H](C(NC1=CC=CC(C2=C(I)N([C@H](C)C(NC3=CC=CC(C4=C(I)N([C@H](C)C5=O)N=N4)=N3)=O)N=N2)=N1)=O)N6N=NC(C7=CC=CC(N5)=N7)=C6I,1,Pseudocyclopeptide iodide
159,CCCCCCOc1c2Cc3cc(cc(c3OCCCCCC)Cc3cc(cc(c3OCCCCCC)Cc3cc(cc(Cc4c(c(Cc5c(c(Cc1cc(c2)S(=O)(=O)[O-])cc(c5)S(=O)(=O)[O-])OCCCCCC)cc(c4)S(=O)(=O)[O-])OCCCCCC)c3OCCCCCC)S(=O)(=O)[O-])S(=O)(=O)[O-])S(=O)(=O)[O-],1,p-sulfonatocalix[6]arene-(hexakis(hexyloxy) substituted)
160,Cc1ccc(cc1)S(=O)(=O)Nc1cc2Cc3cc(cc(c3O)Cc3cc(cc(Cc4c(c(Cc(c1)c2O)cc(c4)S(=O)(=O)O)O)c3O)S(=O)(=O)O)S(=O)(=O)O,1,p-sulfonatocalix[4]arene-(tosylamide-substituted)
161,O[C@H]1[C@H](O[C@@H]2[C@H](OC)[C@@H](O)[C@H](O3)[C@@H](COC)O2)[C@@H](COC)O[C@H](O[C@H]4[C@H](O)[C@@H](OC)[C@@H](O[C@@H]5[C@@H](O)[C@H](OC)[C@H](O[C@@H]6[C@@H](O)[C@H](OC)[C@H](O[C@@H]7[C@@H](O)[C@H](OC)[C@H](O[C@@H]8[C@@H](O)[C@H](OC)[C@H]3O[C@H]8COC)O[C@H]7COC)O[C@H]6COC)O[C@H]5COC)O[C@@H]4COC)[C@@H]1OC,1,"heptakis(2,6-di-methyl)-β-Cyclodextrine"
162,C(=O)C1=C2C=CC=CC2=C(C2=CC=CC=C12)CN(C)CC1=C(C=CC=C1)B(O)O,1,(2-((((10-formylanthracen-9-yl)methyl)(methyl)amino)methyl)phenyl)boronic acid
163,COCCOCCOCCOc1c2Cc3cc(NC(=N)[NH3+])cc(c3OCCOCCOCCOC)Cc3cc(cc(Cc4c(c(Cc1cc(c2)NC(=N)[NH3+])cc(NC(=N)[NH3+])c4)OCCOCCOCCOC)c3OCCOCCOCCOC)NC(=N)[NH3+],1,oligoethylene glycol functionalized guanidinocalixarene
164,[O-]C(=O)C(F)(F)F.COc1ccc(cc1)NC(=O)Nc1ccc(cc1C#Cc1cccc([nH+]1)C#Cc1cc(ccc1NC(=O)Nc1ccc(cc1)OC)C(C)(C)C)C(C)(C)C,1,H+Pyridine-bisurea-receptorTFA
165,O[C@@H]1[C@@H](O)[C@H](O[C@@H]2[C@H](O)[C@@H](O)[C@H](O[C@H]3[C@@H](O)[C@H](O)[C@@H](O[C@H]4[C@@H](O)[C@H](O)[C@@H](O[C@H]5[C@@H](O)[C@H](O)[C@@H](O6)[C@H](COCC(O)C)O5)[C@H](COCC(O)C)O4)[C@H](COCC(O)C)O3)[C@@H](COCC(O)C)O2)[C@@H](COCC(O)C)O[C@@H]1O[C@H]7[C@H](O)[C@@H](O)[C@@H](O[C@@H]8[C@@H](O)[C@H](O)[C@H](O[C@@H]9[C@@H](O)[C@H](O)C6O[C@H]9COCC(O)C)O[C@H]8COCC(O)C)O[C@@H]7COCC(O)C,1,Octa-(6-O-(1-ethoxypropan-2-ol))-γ-Cyclodextrine
166,CCOC(=O)COc1c2cccc1Cc1cc(cc(c1OCC(=O)OCC)Cc1c(c(Cc3c(c(C2)cc(c3)C(=O)NCc2ccc3c4c2ccc2c4c(cc3)ccc2)OCC(=O)OCC)ccc1)OCC(=O)OCC)C(=O)NCc1ccc2c3c1ccc1c3c(cc2)ccc1,1,pyrene-modified calix[4]arene derivative
167,CC(COC[C@@H]1[C@@H]2[C@@H]([C@H]([C@H](O1)O[C@@H]3[C@H](O[C@@H]([C@@H]([C@H]3O)O)O[C@@H]4[C@H](O[C@@H]([C@@H]([C@H]4O)O)O[C@@H]5[C@H](O[C@@H]([C@@H]([C@H]5O)O)O[C@@H]6[C@H](O[C@@H]([C@@H]([C@H]6O)O)O[C@@H]7[C@H](O[C@@H]([C@@H]([C@H]7O)O)O[C@@H]8[C@H](O[C@H](O2)[C@@H]([C@H]8O)O)COCC(C)O)COCC(C)O)COCC(C)O)COCC(C)O)COCC(C)O)COCC(C)O)O)O)O,1,Hydroxypropyl-β-Cyclodextrin
168,CCOCCOc1c2Cc3cc(cc(c3O)Cc3cc(cc(Cc4c(c(Cc1cc(c2)S(=O)(=O)O)cc(c4)S(=O)(=O)O)O)c3OCCOCC)S(=O)(=O)O)S(=O)(=O)O,1,p-Sulfonato calix[4]arene (bis(2-ethoxyethoxy)-substituted)
169,C1COCCOC2=NC3=CC=CC=C3N=C2OCCOCCOCCOC4=C(C=C5C6=CC7=C(C=C6C8=CC9=C(C=C8C5=C4)OCCOCCOCCOC2=NC3=CC=CC=C3N=C2OCCOCCOCCO9)OCCOCCOCCOC2=NC3=CC=CC=C3N=C2OCCOCCOCCO7)OCCO1,1,"2,3:6,7:10,11-tris[2,3-quinoxalinediylbis(oxyethyleneoxyethyleneoxyethyleneoxy)]triphenylene"
170,C(CCCCCCCCCCCCCCCCCCC)OC=1C=C(C=2C=CC3=C(C=C(C=4C=CC1C2C43)S(=O)(=O)[O-])S(=O)(=O)[O-])S(=O)(=O)[O-].[Na+].[Na+].[Na+],1,"Trisodium 8-eicosyloxypyrene-1,3,6-trisulfonate"
171,[Pt](Cl)Cl.C(C)(C)(C)C1=CC=2C(C3=CC(=CC(=C3OC2C(=C1)C1=CC=C(C(=O)O)C=C1)C1=CC(=CC(=C1)C=1C=NC=CC1)C1=NC=CC=C1)C(C)(C)C)(C)C,1,"4-(2,7-di-tert-butyl-9,9-dimethyl-5-(3-(pyridin-2-yl)-5-(pyridin-3-yl)phenyl)-9H-xanthen-4-yl)benzoate-platinum(II) chlorid"
172,O=C(N1CC2=C(OCCCS(=O)(O[Na])=O)C3=CC=CC=C3C(OCCN=[N+]=[N-])=C2CN4[C@]15C)N(CN6[C@]7([H])[C@]8([H])N(C9)C6=O)[C@]5(C)N(CN7C(N8CN(C(N%10CN%11C(N%12CC%13=C%14C(OCCCS(=O)(O[Na])=O)=C%15C(C=CC=C%15)=C%13OCCN=[N+]=[N-])=O)=O)[C@]([C@]%10([H])N%16CN%17[C@]%11(C)[C@]%12(C)N(C%14)C%17=O)([H])N9C%16=O)=O)C4=O,1,Acyclic di-(sodium(3-((4-(2-azidoethoxy)naphthalen-1-yl)oxy)propane-1-sulfonate) Cucurbituril (tetrametic glycourilunit)sodium
173,COP(=O)(Cc1cc2COC(=O)c3ccc(cc3)C#Cc3ccc(cc3)C(=O)OCc3cc(c(COC(=O)c4ccc(C#Cc5ccc(C(=O)OCc1cc2CP(=O)(OC)[O-])cc5)cc4)cc3CP(=O)(OC)[O-])CP(=O)(OC)[O-])[O-],1,Tetraphosphonate cyclophane
174,C(C)(=O)[NH+]=C(N)N,1,2-Acetylguanidinium
175,COC(=O)C1=CC=C(N1)C(=O)NC(=[NH2+])N,1,1-[5-(methoxycarbonyl)-1H-pyrrole-2-ylcarbonyl]guanidinium
176,CCC1c2cc(C(C)c3cc(C(C)c4cc(C(C)c5cc1c(O)cc5O)c(O)cc4O)c(O)cc3O)c(O)cc2O,1,Resorcin[4]arene
177,OC1=C(C(CCCCCCCCCCC)C2=C(O)C=C(O)C(C(CCCCCCCCCCC)C3=CC(C(CCCCCCCCCCC)C4=C(O)C=C(O)C5=C4)=C(O)C=C3O)=C2)C=C(C5CCCCCCCCCCC)C(O)=C1,1,Tetraundecyl calix[4]resorcinarene
178,CC1c2cc(c(cc2O)O)C(C)c2cc(c(cc2O)O)C(c2cc(C(c3cc1c(O)cc3O)C)c(O)cc2O)C,1,Deprotonated calix[4]resorcinarene
179,COC1=C2C=C3CC4=CC(=C5C=C4CC6=CC(=C(C=C6CC3=C1)OCCOC7=C(C=C8CC9=CC(=C(C=C9CC1=CC(=C(C=C1CC8=C7)OC)OCCO2)OC)OCCO5)OC)OC)OC,1,Cryptophane-A-acid
180,CCOCCOc1c2Cc3cc(cc(c3OCCOCC)Cc3cc(cc(Cc4c(c(Cc1cc(c2)S(=O)(=O)O)cc(c4)S(=O)(=O)O)OCCOCC)c3OCCOCC)S(=O)(=O)O)S(=O)(=O)O,1,p-Sulfonatocalix[4]arene(tetrakis(2-ethoxyethoxy)-substituted)
181,CCN(CC)C1=CC2=C(C=C1)C=C(C(=O)O2)C=O,1,7-(diethylamino)-2-oxochromene-3-carbaldehyde
182,O=C(N1CC2=C(OCCN=[N+]=[N-])C3=CC=CC=C3C(OCCCS(=O)(O[Na])=O)=C2CN4[C@]15C)N(CN6[C@]7([H])[C@]8([H])N(C9)C6=O)[C@]5(C)N(CN7C(N8CN(C(N%10CN%11C(N%12CC%13=C%14C(OCCN=[N+]=[N-])=C%15C(C=CC=C%15)=C%13OCCCS(=O)(O[Na])=O)=O)=O)[C@]([C@]%10([H])N%16CN%17[C@]%11(C)[C@]%12(C)N(C%14)C%17=O)([H])N9C%16=O)=O)C4=O,1,Acyclic di-(sodium(3-((4-(2-azidoethoxy)naphthalen-1-yl)oxy)propane-1-sulfonate)-functionalizedCucurbiturils (tetrameric glycourilunit)
183,C(CCC)NC(=O)C1=CC=C(N1)C(=O)NC(=[NH2+])N,1,1-[5-(Butylcarbamoyl)-1H-pyrrole-2-ylcarbonyl]guanidinium
184,C1COCCOCCOCCOCCOCCO1,1,18-Crown-6
185,O[C@H]1[C@H](O[C@@H]2[C@H](O)[C@@H](O)[C@H](O3)[C@@H](CO)O2)[C@@H](CO)O[C@H](O[C@H]4[C@H](O)[C@@H](O)[C@@H](O[C@@H]5[C@@H](O)[C@H](O)[C@H](O[C@@H]6[C@@H](O)[C@H](O)[C@H](O[C@@H]7[C@@H](O)[C@H](O)[C@H](O[C@@H]8[C@@H](O)[C@H](O)[C@H]3O[C@H]8CO)O[C@H]7CO)O[C@H]6CO)O[C@H]5CO)O[C@@H]4CO)[C@@H]1OCCO,1,Mono[2-O-(2-hydroxyethyl)]-β-CD
186,C(N)(=O)CNC(=O)C1=CC=C(N1)C(=O)NC(=[NH2+])N,1,1-[5-(carbamoylmethylcarbamoyl)-1h-pyrrole-2-ylcarbonyl]guanidinium
187,OC(=O)COc1c2Cc3cc(cc(c3O)Cc3cc(cc(Cc4c(c(Cc1cc(c2)S(=O)(=O)O)cc(c4)S(=O)(=O)O)O)c3OCC(=O)O)S(=O)(=O)O)S(=O)(=O)O,1,p-Sulfonatocalix[4]arene bis(carboxymethoxy)-substituted
188,C1N2C3C4N(C2=O)CN5C6C7N(C5=O)CN8C9C2N(C8=O)CN5C8C%10N(C5=O)CN5C%11C%12N(C5=O)CN5C%13C%14N(C5=O)CN5C%15C(N1C5=O)N1CN3C(=O)N4CN6C(=O)N7CN9C(=O)N2CN8C(=O)N%10CN%11C(=O)N%12CN%13C(=O)N%14CN%15C1=O,1,Cucurbit[7]uril
