model,metric,n_seeds,mean,sample_sd,minimum,maximum
PAIR_RF,mean_R2,5,0.38173253650154654,0.0037289610230260496,0.37728652068634855,0.3863930461734219
PAIR_RF,mean_margin_R2,5,0.09037940147979866,0.003728961023026071,0.08593338566460063,0.09503991115167403
PAIR_RF,positive_blocks,5,10.8,0.4472135954999579,10.0,11.0
PAIR_RF,mean_standard_margin_R2,5,0.09037940147979866,0.003728961023026071,0.08593338566460063,0.09503991115167403
ECFP_RF,mean_R2,5,0.35260860974449715,0.002496022393851738,0.3502127323030895,0.3565469728745485
ECFP_RF,mean_margin_R2,5,0.061255474722749205,0.002496022393851713,0.05885959728134158,0.06519383785280052
ECFP_RF,positive_blocks,5,9.0,0.0,9.0,9.0
ECFP_RF,mean_standard_margin_R2,5,0.061255474722749205,0.002496022393851713,0.05885959728134158,0.06519383785280052
XGB_pair,mean_R2,5,0.3483063826958338,0.011784667967899128,0.3303780009349187,0.35807643830776215
XGB_pair,mean_margin_R2,5,0.05695324767408592,0.011784667967899124,0.03902486591317079,0.06672330328601421
XGB_pair,positive_blocks,5,8.8,1.3038404810405297,7.0,10.0
XGB_pair,mean_standard_margin_R2,5,0.05695324767408592,0.011784667967899124,0.03902486591317079,0.06672330328601421
XGB_ecfp,mean_R2,5,0.2989433993895848,0.012661154492556032,0.2864148020744324,0.31602177023887634
XGB_ecfp,mean_margin_R2,5,0.007590264367836929,0.012661154492556033,-0.004938332947315559,0.02466863521712841
XGB_ecfp,positive_blocks,5,7.8,0.4472135954999579,7.0,8.0
XGB_ecfp,mean_standard_margin_R2,5,0.007590264367836929,0.012661154492556033,-0.004938332947315559,0.02466863521712841
LGBM_pair,mean_R2,5,0.3542797328431241,0.00687093509584371,0.34855545913855934,0.36623554288245713
LGBM_pair,mean_margin_R2,5,0.06292659782137613,0.006870935095843705,0.057202324116811414,0.0748824078607092
LGBM_pair,positive_blocks,5,10.0,0.0,10.0,10.0
LGBM_pair,mean_standard_margin_R2,5,0.06292659782137613,0.006870935095843705,0.057202324116811414,0.0748824078607092
LGBM_ecfp,mean_R2,5,0.255171809169801,0.003987023365441814,0.25031333909227943,0.259286998709921
LGBM_ecfp,mean_margin_R2,5,-0.03618132585194693,0.003987023365441821,-0.04103979592946854,-0.03206613631182695
LGBM_ecfp,positive_blocks,5,6.6,0.8944271909999159,5.0,7.0
LGBM_ecfp,mean_standard_margin_R2,5,-0.03618132585194693,0.003987023365441821,-0.04103979592946854,-0.03206613631182695
3D_pair_RF,mean_R2,5,0.3589085521467096,0.004593816106623798,0.35412524670917445,0.364882356087741
3D_pair_RF,mean_margin_R2,5,0.06755541712496169,0.004593816106623823,0.06277211168742654,0.07352922106599315
3D_pair_RF,positive_blocks,5,8.8,0.4472135954999579,8.0,9.0
3D_pair_RF,mean_standard_margin_R2,5,0.06755541712496169,0.004593816106623823,0.06277211168742654,0.07352922106599315
