model,block,n,max_abs_prediction_difference,historical_R2,new_seed0_R2,R2_difference
PAIR_RF,0,100,8.881784197001252e-16,0.2716551324891181,0.2716551324891181,0.0
PAIR_RF,1,128,1.7763568394002505e-15,0.516502991311361,0.516502991311361,0.0
PAIR_RF,2,244,1.7763568394002505e-15,0.35791058699643397,0.35791058699643397,0.0
PAIR_RF,3,165,8.881784197001252e-16,0.22093748719673378,0.22093748719673378,0.0
PAIR_RF,4,170,8.881784197001252e-16,0.4042446901327511,0.4042446901327511,0.0
PAIR_RF,5,197,8.881784197001252e-16,0.4988475814451757,0.4988475814451757,0.0
PAIR_RF,6,159,8.881784197001252e-16,0.47912751528930386,0.47912751528930386,0.0
PAIR_RF,7,76,8.881784197001252e-16,0.2908190120522628,0.2908190120522627,-1.1102230246251565e-16
PAIR_RF,8,232,1.7763568394002505e-15,0.47423224160293664,0.47423224160293653,-1.1102230246251565e-16
PAIR_RF,9,107,8.881784197001252e-16,0.27140130651313943,0.27140130651313943,0.0
PAIR_RF,10,195,8.881784197001252e-16,0.3862809478412109,0.3862809478412109,0.0
PAIR_RF,11,211,1.7763568394002505e-15,0.4647570612106363,0.4647570612106363,0.0
ECFP_RF,0,100,1.7763568394002505e-15,-0.4112510749309206,-0.4112510749309204,2.220446049250313e-16
ECFP_RF,1,128,1.7763568394002505e-15,0.5134987346393167,0.5134987346393167,0.0
ECFP_RF,2,244,8.881784197001252e-16,0.47339075003981257,0.47339075003981246,-1.1102230246251565e-16
ECFP_RF,3,165,8.881784197001252e-16,0.42329487369186225,0.42329487369186225,0.0
ECFP_RF,4,170,8.881784197001252e-16,0.4148956132603798,0.4148956132603797,-1.1102230246251565e-16
ECFP_RF,5,197,1.7763568394002505e-15,0.42001292701672177,0.42001292701672177,0.0
ECFP_RF,6,159,8.881784197001252e-16,0.42702265462986355,0.42702265462986355,0.0
ECFP_RF,7,76,8.881784197001252e-16,0.3827492523566778,0.38274925235667767,-1.1102230246251565e-16
ECFP_RF,8,232,1.7763568394002505e-15,0.5438623411390417,0.5438623411390417,0.0
ECFP_RF,9,107,1.7763568394002505e-15,0.20219694006463762,0.20219694006463784,2.220446049250313e-16
ECFP_RF,10,195,8.881784197001252e-16,0.3485619850564936,0.3485619850564935,-1.1102230246251565e-16
ECFP_RF,11,211,1.7763568394002505e-15,0.46431779067318735,0.46431779067318735,0.0
XGB_pair,0,100,0.0,0.2765457034111023,0.2765457034111023,0.0
XGB_pair,1,128,0.0,0.5484251976013184,0.5484251976013184,0.0
XGB_pair,2,244,0.0,0.3099638819694519,0.3099638819694519,0.0
XGB_pair,3,165,0.0,0.12013113498687744,0.12013113498687744,0.0
XGB_pair,4,170,0.0,0.3549324870109558,0.3549324870109558,0.0
XGB_pair,5,197,0.0,0.5223433375358582,0.5223433375358582,0.0
XGB_pair,6,159,0.0,0.47927188873291016,0.47927188873291016,0.0
XGB_pair,7,76,0.0,0.24266505241394043,0.24266505241394043,0.0
XGB_pair,8,232,0.0,0.5315972566604614,0.5315972566604614,0.0
XGB_pair,9,107,0.0,0.07492303848266602,0.07492303848266602,0.0
XGB_pair,10,195,0.0,0.4308176040649414,0.4308176040649414,0.0
XGB_pair,11,211,0.0,0.39909660816192627,0.39909660816192627,0.0
XGB_ecfp,0,100,0.0,-0.3675161600112915,-0.3675161600112915,0.0
XGB_ecfp,1,128,0.0,0.4149957299232483,0.4149957299232483,0.0
XGB_ecfp,2,244,0.0,0.37983864545822144,0.37983864545822144,0.0
XGB_ecfp,3,165,0.0,0.15469986200332642,0.15469986200332642,0.0
XGB_ecfp,4,170,0.0,0.4041587710380554,0.4041587710380554,0.0
XGB_ecfp,5,197,0.0,0.37846237421035767,0.37846237421035767,0.0
XGB_ecfp,6,159,0.0,0.3973436951637268,0.3973436951637268,0.0
XGB_ecfp,7,76,0.0,0.3836372494697571,0.3836372494697571,0.0
XGB_ecfp,8,232,0.0,0.5358191728591919,0.5358191728591919,0.0
XGB_ecfp,9,107,0.0,0.2414020299911499,0.2414020299911499,0.0
XGB_ecfp,10,195,0.0,0.25548189878463745,0.25548189878463745,0.0
XGB_ecfp,11,211,0.0,0.4279845952987671,0.4279845952987671,0.0
LGBM_pair,0,100,0.0,0.14363486095746625,0.14363486095746625,0.0
LGBM_pair,1,128,0.0,0.5416018548052954,0.5416018548052954,0.0
LGBM_pair,2,244,0.0,0.3261514796273207,0.3261514796273207,0.0
LGBM_pair,3,165,0.0,0.2626195112024837,0.2626195112024837,0.0
LGBM_pair,4,170,0.0,0.378667774470554,0.378667774470554,0.0
LGBM_pair,5,197,0.0,0.4572913560901496,0.4572913560901496,0.0
LGBM_pair,6,159,0.0,0.5248214603217313,0.5248214603217313,0.0
LGBM_pair,7,76,0.0,0.07414837259420426,0.07414837259420426,0.0
LGBM_pair,8,232,0.0,0.4865741562822298,0.4865741562822298,0.0
LGBM_pair,9,107,0.0,0.20778915917104246,0.20778915917104246,0.0
LGBM_pair,10,195,0.0,0.42550491924609957,0.42550491924609957,0.0
LGBM_pair,11,211,0.0,0.3960636493504377,0.3960636493504377,0.0
LGBM_ecfp,0,100,0.0,-0.4674816826017474,-0.4674816826017474,0.0
LGBM_ecfp,1,128,0.0,0.32890842214091043,0.32890842214091043,0.0
LGBM_ecfp,2,244,0.0,0.36719768829413557,0.36719768829413557,0.0
LGBM_ecfp,3,165,0.0,-0.016899891592424332,-0.016899891592424332,0.0
LGBM_ecfp,4,170,0.0,0.34971083161518624,0.34971083161518624,0.0
LGBM_ecfp,5,197,0.0,0.4081391101032775,0.4081391101032775,0.0
LGBM_ecfp,6,159,0.0,0.3460091972379007,0.3460091972379007,0.0
LGBM_ecfp,7,76,0.0,0.28631056334349647,0.28631056334349647,0.0
LGBM_ecfp,8,232,0.0,0.5127950901734092,0.5127950901734092,0.0
LGBM_ecfp,9,107,0.0,0.177536036157795,0.177536036157795,0.0
LGBM_ecfp,10,195,0.0,0.3079430701505087,0.3079430701505087,0.0
LGBM_ecfp,11,211,0.0,0.5112755494966037,0.5112755494966037,0.0
3D_pair_RF,0,100,8.881784197001252e-16,0.2883433256162088,0.2883433256162088,0.0
3D_pair_RF,1,128,8.881784197001252e-16,0.4828188104019645,0.4828188104019644,-1.1102230246251565e-16
3D_pair_RF,2,244,8.881784197001252e-16,0.3524534133347491,0.3524534133347491,0.0
3D_pair_RF,3,165,8.881784197001252e-16,0.19671754246089723,0.19671754246089723,0.0
3D_pair_RF,4,170,8.881784197001252e-16,0.44256518110291654,0.44256518110291654,0.0
3D_pair_RF,5,197,8.881784197001252e-16,0.4318861348168289,0.4318861348168289,0.0
3D_pair_RF,6,159,8.881784197001252e-16,0.4215197390829074,0.4215197390829074,0.0
3D_pair_RF,7,76,8.881784197001252e-16,0.21796208784888194,0.21796208784888182,-1.1102230246251565e-16
3D_pair_RF,8,232,8.881784197001252e-16,0.44824244044190287,0.44824244044190287,0.0
3D_pair_RF,9,107,8.881784197001252e-16,0.28252243025237533,0.28252243025237533,0.0
3D_pair_RF,10,195,1.7763568394002505e-15,0.33055223547955903,0.33055223547955903,0.0
3D_pair_RF,11,211,8.881784197001252e-16,0.4443237538031549,0.4443237538031549,0.0
