block,model,n,R2,standard_R2,MAE,Spearman
0,sim_knn_k5,100,-0.6822797495915627,-0.6822797495915627,1.6643290722370148,0.2737078993270985
0,additive,100,-0.08823488100461674,-0.08823488100461674,1.3073725067727688,0.44477583375728624
0,host_only_RF,100,-0.10511746347030693,-0.10511746347030693,1.4415097410384183,0.33151571962153226
0,guest_only_RF,100,0.05234481582204453,0.05234481582204453,1.262133645547766,0.35270022178189864
0,cond_only_RF,100,0.1026759126875656,0.1026759126875656,1.26337837254733,0.3308807278161743
0,source_only_RF,100,,-0.05545148509521858,1.4094897075202988,
1,sim_knn_k5,128,0.3021102456406931,0.3021102456406931,1.2540752291679382,0.5681559042939776
1,additive,128,0.016879450905755933,0.016879450905755933,1.5632862273473207,0.6693133161355201
1,host_only_RF,128,0.018799330476842346,0.018799330476842346,1.5235469771325951,0.5417512190067275
1,guest_only_RF,128,0.3027033950729492,0.3027033950729492,1.366477181643828,0.5207744651449416
1,cond_only_RF,128,0.0029075540460056226,0.0029075540460056226,1.4405249826861766,0.35709274798624835
1,source_only_RF,128,,-0.08574739680052135,1.561952859903386,
2,sim_knn_k5,244,0.26215952027033773,0.26215952027033773,1.2397486017253556,0.5446026271278946
2,additive,244,0.24911608715602684,0.24911608715602684,1.3096478056777112,0.661947080052059
2,host_only_RF,244,0.29903135567343786,0.29903135567343786,1.290514561343362,0.5401828938078713
2,guest_only_RF,244,0.09566842694018396,0.09566842694018396,1.4627595761451704,0.522713693363818
2,cond_only_RF,244,-0.16688768259620468,-0.16688768259620468,1.6663086407873853,-0.03533310184570295
2,source_only_RF,244,,-7.716260598278346e-05,1.5152435852803443,
3,sim_knn_k5,165,-0.2123143011616846,-0.2123143011616846,1.113676447579355,0.5590991452334184
3,additive,165,-1.2595917915297412,-1.2595917915297412,1.540138161932218,0.42328663560820645
3,host_only_RF,165,0.06255374201827146,0.06255374201827146,1.0207690198715853,0.4570382595203143
3,guest_only_RF,165,-1.2474929323172121,-1.2474929323172121,1.6537708084537206,0.2703942467774645
3,cond_only_RF,165,-0.626752973650553,-0.626752973650553,1.484780729445533,-0.14193113027179488
3,source_only_RF,165,,-0.1212424994359309,1.2136074146057025,
4,sim_knn_k5,170,0.2559367409168446,0.2559367409168446,1.1362801632460426,0.5603790925116039
4,additive,170,0.02799842525048457,0.02799842525048457,1.3434151575980333,0.649906356806641
4,host_only_RF,170,0.027769668280672066,0.027769668280672066,1.2629614169109271,0.48171913748134776
4,guest_only_RF,170,0.23049658468071854,0.23049658468071854,1.1454319260804682,0.542861226845935
4,cond_only_RF,170,-0.10345524612619283,-0.10345524612619283,1.3811799457936196,0.10300244835613741
4,source_only_RF,170,,-0.1709366038455542,1.4061598000491249,
5,sim_knn_k5,197,0.323456530578793,0.323456530578793,1.2427875021387478,0.6501950467894722
5,additive,197,0.3036509538929191,0.3036509538929191,1.3640525808159725,0.5375442096514155
5,host_only_RF,197,0.26014689177465056,0.26014689177465056,1.437482529418045,0.41656389617565115
5,guest_only_RF,197,0.15621101559627282,0.15621101559627282,1.4823890665666903,0.38649335117508693
5,cond_only_RF,197,-0.08304165371058891,-0.08304165371058891,1.7426581006185524,-0.005066791000900306
5,source_only_RF,197,,-0.0035260103275402965,1.6939682648148728,
6,sim_knn_k5,159,0.3264730625573823,0.3264730625573823,1.3792541319469236,0.5920172684180638
6,additive,159,0.447440726857964,0.447440726857964,1.342431627901752,0.6700174281380912
6,host_only_RF,159,0.3075207447311733,0.3075207447311733,1.485855176692398,0.5673618480739893
6,guest_only_RF,159,0.26133764123547676,0.26133764123547676,1.4292196984594987,0.5100478327991096
6,cond_only_RF,159,-0.05497877339755708,-0.05497877339755708,1.6969260076460269,0.2250134217439791
6,source_only_RF,159,,-0.09923453433171625,1.7398094002560736,
7,sim_knn_k5,76,0.2681589951258996,0.2681589951258996,1.3614904213892787,0.4871803635135238
7,additive,76,0.0072847599622627435,0.0072847599622627435,1.5758583430603357,0.4103514036418735
7,host_only_RF,76,0.1663148579512973,0.1663148579512973,1.4834023630082618,0.35047047047633995
7,guest_only_RF,76,0.004542322049690406,0.004542322049690406,1.5627380587602673,0.30800046746323895
7,cond_only_RF,76,-0.12103441061237219,-0.12103441061237219,1.6932425778769868,-0.08252859859385696
7,source_only_RF,76,,-0.00041101237399621127,1.6133718284721004,
8,sim_knn_k5,232,0.48412480326185636,0.48412480326185636,1.1052674558655968,0.5996668158664447
8,additive,232,0.43080689501283587,0.43080689501283587,1.1838051199844934,0.6628922129224526
8,host_only_RF,232,0.2876378088808458,0.2876378088808458,1.3644557982075214,0.5583279966634485
8,guest_only_RF,232,0.23798244135162538,0.23798244135162538,1.4216941454841427,0.4760173349359251
8,cond_only_RF,232,-0.13038457980876506,-0.13038457980876506,1.7972213914680546,0.04900741093534178
8,source_only_RF,232,,-0.04677487679271186,1.7248522531159372,
9,sim_knn_k5,107,0.26224904274342764,0.26224904274342764,1.3011356257946691,0.5587599223265376
9,additive,107,0.05212248031737632,0.05212248031737632,1.4673992674701257,0.47546994211184707
9,host_only_RF,107,0.12398201157360478,0.12398201157360478,1.410349952670013,0.49044452702089697
9,guest_only_RF,107,-0.04056657873693914,-0.04056657873693914,1.5735388132173398,0.3243503437268244
9,cond_only_RF,107,-0.014593862803286228,-0.014593862803286228,1.5674580087372372,0.1991137824506819
9,source_only_RF,107,,-0.10641436878640298,1.6456493459762191,
10,sim_knn_k5,195,0.28453712227667416,0.28453712227667416,1.3604214215889956,0.4625618998420573
10,additive,195,0.3272728170124667,0.3272728170124667,1.3285696698526936,0.6138217467653757
10,host_only_RF,195,0.21391851468151457,0.21391851468151457,1.3861087182726788,0.4920407152574542
10,guest_only_RF,195,0.12608925088246892,0.12608925088246892,1.4416719247327288,0.4804048514365057
10,cond_only_RF,195,-0.1616234291776515,-0.1616234291776515,1.7132814367996003,0.023961119272573068
10,source_only_RF,195,,-0.11586226061859262,1.6205158730229146,
11,sim_knn_k5,211,0.36063355831149924,0.36063355831149924,1.3014841074062184,0.6182107591356302
11,additive,211,0.29463582413006795,0.29463582413006795,1.4986098789670637,0.6871835817604994
11,host_only_RF,211,0.095867445282658,0.095867445282658,1.6767666792379747,0.4065680167030705
11,guest_only_RF,211,0.2762277356477799,0.2762277356477799,1.4447396666094103,0.578885878679267
11,cond_only_RF,211,-0.10587693413687194,-0.10587693413687194,1.775187315774356,-0.01808933469505218
11,source_only_RF,211,,-0.051407854069286385,1.725369498948972,
