model,seed,n_blocks,mean_R2,block_sd_R2_ddof0,mean_margin_R2,positive_blocks,mean_standard_margin_R2,standard_positive_blocks
PAIR_RF,0,12,0.3863930461734219,0.09834408830551139,0.09503991115167403,11,0.09503991115167403,11
ECFP_RF,0,12,0.3502127323030895,0.24417362988459407,0.05885959728134158,9,0.05885959728134158,9
XGB_pair,0,12,0.3575594325860341,0.1511264278627339,0.06620629756428621,10,0.06620629756428621,10
XGB_ecfp,0,12,0.30052565534909564,0.223078380472228,0.00917252032734773,8,0.00917252032734773,8
LGBM_pair,0,12,0.3520723795099179,0.14524107023407204,0.06071924448816996,10,0.06071924448816996,10
LGBM_ecfp,0,12,0.259286998709921,0.25761137118330546,-0.03206613631182695,7,-0.03206613631182695,7
3D_pair_RF,0,12,0.3616589245535289,0.09336999313167012,0.07030578953178093,9,0.07030578953178093,9
PAIR_RF,1,12,0.3804096356126268,0.10522261172656808,0.08905650059087888,11,0.08905650059087888,11
ECFP_RF,1,12,0.35074134506216326,0.24701426979886928,0.059388210040415335,9,0.059388210040415335,9
XGB_pair,1,12,0.3528783271710078,0.15520432392844188,0.06152519214925986,10,0.06152519214925986,10
XGB_ecfp,1,12,0.305131529768308,0.2190449294492129,0.013778394746560072,8,0.013778394746560072,8
LGBM_pair,1,12,0.35198403944605955,0.13610195850610982,0.060630904424311606,10,0.060630904424311606,10
LGBM_ecfp,1,12,0.25608317123289137,0.25360054544538724,-0.035269963788856516,7,-0.035269963788856516,7
3D_pair_RF,1,12,0.35412524670917445,0.10322728607602111,0.06277211168742654,8,0.06277211168742654,8
PAIR_RF,2,12,0.37986095721845753,0.10850446964622275,0.0885078221967096,11,0.0885078221967096,11
ECFP_RF,2,12,0.3525158912124791,0.24014001049647068,0.061162756190731166,9,0.061162756190731166,9
XGB_pair,2,12,0.3303780009349187,0.17583143655026054,0.03902486591317079,8,0.03902486591317079,8
XGB_ecfp,2,12,0.31602177023887634,0.20330926864556215,0.02466863521712841,8,0.02466863521712841,8
LGBM_pair,2,12,0.36623554288245713,0.12073915197271515,0.0748824078607092,10,0.0748824078607092,10
LGBM_ecfp,2,12,0.25175601224005667,0.2623251391189947,-0.03959712278169122,5,-0.03959712278169122,5
3D_pair_RF,2,12,0.35464503349319304,0.09786027443561698,0.06329189847144508,9,0.06329189847144508,9
PAIR_RF,3,12,0.37728652068634855,0.1190136826235852,0.08593338566460063,11,0.08593338566460063,11
ECFP_RF,3,12,0.3565469728745485,0.24043731541669444,0.06519383785280052,9,0.06519383785280052,9
XGB_pair,3,12,0.35807643830776215,0.14649480669547005,0.06672330328601421,9,0.06672330328601421,9
XGB_ecfp,3,12,0.2866232395172119,0.21876878968615684,-0.004729895504536018,8,-0.004729895504536018,8
LGBM_pair,3,12,0.35255124323862636,0.14898979284733058,0.06119810821687844,10,0.06119810821687844,10
LGBM_ecfp,3,12,0.2584195245738565,0.25126451465135363,-0.03293361044789142,7,-0.03293361044789142,7
3D_pair_RF,3,12,0.364882356087741,0.0929407328624168,0.07352922106599315,9,0.07352922106599315,9
PAIR_RF,4,12,0.384712522816878,0.1085956071154024,0.09335938779513013,10,0.09335938779513013,10
ECFP_RF,4,12,0.3530261072702054,0.2408378197021826,0.06167297224845739,9,0.06167297224845739,9
XGB_pair,4,12,0.3426397144794464,0.15416940369143672,0.05128657945769848,7,0.05128657945769848,7
XGB_ecfp,4,12,0.2864148020744324,0.2266051953815791,-0.004938332947315559,7,-0.004938332947315559,7
LGBM_pair,4,12,0.34855545913855934,0.1532271868719008,0.057202324116811414,10,0.057202324116811414,10
LGBM_ecfp,4,12,0.25031333909227943,0.26762336789192936,-0.04103979592946854,7,-0.04103979592946854,7
3D_pair_RF,4,12,0.35923119988991065,0.10036901972914761,0.06787806486816272,9,0.06787806486816272,9
