branch	split	unit	model	check	actual	reference	absolute_difference	pass
canonical	host_cold	host_cold/fold_0	PAIR_RF	exact_float_8ulp	0.46953850870514335	0.46953850870514335	0.0	True
canonical	host_cold	host_cold/fold_0	additive	exact_float_8ulp	0.3370590428984481	0.3370590428984481	0.0	True
canonical	host_cold	host_cold/fold_0	host_only_RF	exact_float_8ulp	0.1839687649331413	0.1839687649331413	0.0	True
canonical	host_cold	host_cold/fold_0	guest_only_RF	exact_float_8ulp	0.35499513440628705	0.35499513440628705	0.0	True
canonical	host_cold	host_cold/fold_0	cond_only_RF	exact_float_8ulp	-0.166081288388098	-0.166081288388098	0.0	True
canonical	host_cold	host_cold/fold_0	source_only_RF	exact_float_8ulp	UNDEFINED	UNDEFINED	UNDEFINED	True
canonical	host_cold	host_cold/fold_0	sim_knn_k5	exact_float_8ulp	0.46535366984891124	0.46535366984891124	0.0	True
canonical	host_cold	host_cold/fold_1	PAIR_RF	exact_float_8ulp	0.23809523359490126	0.23809523359490126	0.0	True
canonical	host_cold	host_cold/fold_1	additive	exact_float_8ulp	0.06085795294920249	0.06085795294920249	0.0	True
canonical	host_cold	host_cold/fold_1	host_only_RF	exact_float_8ulp	0.10001306306021673	0.10001306306021673	0.0	True
canonical	host_cold	host_cold/fold_1	guest_only_RF	exact_float_8ulp	0.04123437043823486	0.04123437043823486	0.0	True
canonical	host_cold	host_cold/fold_1	cond_only_RF	exact_float_8ulp	-0.38085848391287436	-0.38085848391287436	0.0	True
canonical	host_cold	host_cold/fold_1	source_only_RF	exact_float_8ulp	UNDEFINED	UNDEFINED	UNDEFINED	True
canonical	host_cold	host_cold/fold_1	sim_knn_k5	exact_float_8ulp	0.11538688725691992	0.11538688725691992	0.0	True
canonical	host_cold	host_cold/fold_2	PAIR_RF	exact_float_8ulp	0.2694596825801092	0.2694596825801092	0.0	True
canonical	host_cold	host_cold/fold_2	additive	exact_float_8ulp	-0.07752612975633033	-0.07752612975633033	0.0	True
canonical	host_cold	host_cold/fold_2	host_only_RF	exact_float_8ulp	-0.05427822720798314	-0.05427822720798314	0.0	True
canonical	host_cold	host_cold/fold_2	guest_only_RF	exact_float_8ulp	-0.29517978050176685	-0.29517978050176685	0.0	True
canonical	host_cold	host_cold/fold_2	cond_only_RF	exact_float_8ulp	-0.5461628283053779	-0.5461628283053779	0.0	True
canonical	host_cold	host_cold/fold_2	source_only_RF	exact_float_8ulp	UNDEFINED	UNDEFINED	UNDEFINED	True
canonical	host_cold	host_cold/fold_2	sim_knn_k5	exact_float_8ulp	0.3932927822600527	0.3932927822600527	0.0	True
canonical	host_cold	host_cold/fold_3	PAIR_RF	exact_float_8ulp	0.3800931106327734	0.3800931106327734	0.0	True
canonical	host_cold	host_cold/fold_3	additive	exact_float_8ulp	-0.06278474173724091	-0.06278474173724091	0.0	True
canonical	host_cold	host_cold/fold_3	host_only_RF	exact_float_8ulp	0.0995997534403612	0.0995997534403612	0.0	True
canonical	host_cold	host_cold/fold_3	guest_only_RF	exact_float_8ulp	0.09498382036057107	0.09498382036057107	0.0	True
canonical	host_cold	host_cold/fold_3	cond_only_RF	exact_float_8ulp	0.05265766985308307	0.05265766985308307	0.0	True
canonical	host_cold	host_cold/fold_3	source_only_RF	exact_float_8ulp	UNDEFINED	UNDEFINED	UNDEFINED	True
canonical	host_cold	host_cold/fold_3	sim_knn_k5	exact_float_8ulp	0.1038985898314485	0.1038985898314485	0.0	True
canonical	host_cold	host_cold/fold_4	PAIR_RF	exact_float_8ulp	0.3318689157017961	0.3318689157017961	0.0	True
canonical	host_cold	host_cold/fold_4	additive	exact_float_8ulp	0.02439148408181102	0.02439148408181102	0.0	True
canonical	host_cold	host_cold/fold_4	host_only_RF	exact_float_8ulp	-0.17120878819039076	-0.17120878819039076	0.0	True
canonical	host_cold	host_cold/fold_4	guest_only_RF	exact_float_8ulp	0.0344761327908375	0.0344761327908375	0.0	True
canonical	host_cold	host_cold/fold_4	cond_only_RF	exact_float_8ulp	-0.3468128976467433	-0.3468128976467433	0.0	True
canonical	host_cold	host_cold/fold_4	source_only_RF	exact_float_8ulp	UNDEFINED	UNDEFINED	UNDEFINED	True
canonical	host_cold	host_cold/fold_4	sim_knn_k5	exact_float_8ulp	-1.0395695215052418	-1.0395695215052418	0.0	True
canonical	host_cold	POOLED_OOF	PAIR_RF	exact_float_8ulp	0.44188316279851125	0.44188316279851125	0.0	True
canonical	host_cold	POOLED_OOF	additive	exact_float_8ulp	0.23608089717112357	0.23608089717112357	0.0	True
canonical	host_cold	POOLED_OOF	host_only_RF	exact_float_8ulp	0.20593826758652578	0.20593826758652578	0.0	True
canonical	host_cold	POOLED_OOF	guest_only_RF	exact_float_8ulp	0.22686164039829926	0.22686164039829926	0.0	True
canonical	host_cold	POOLED_OOF	cond_only_RF	exact_float_8ulp	-0.08394358891791676	-0.08394358891791676	0.0	True
canonical	host_cold	POOLED_OOF	source_only_RF	exact_float_8ulp	-0.07165558881537737	-0.07165558881537737	0.0	True
canonical	host_cold	POOLED_OOF	sim_knn_k5	exact_float_8ulp	0.21411231520507124	0.21411231520507124	0.0	True
canonical	guest_cold	guest_cold/fold_0	PAIR_RF	exact_float_8ulp	0.6227388641150263	0.6227388641150263	0.0	True
canonical	guest_cold	guest_cold/fold_0	additive	exact_float_8ulp	0.3431056324171593	0.3431056324171593	0.0	True
canonical	guest_cold	guest_cold/fold_0	host_only_RF	exact_float_8ulp	0.41286863714434363	0.41286863714434363	0.0	True
canonical	guest_cold	guest_cold/fold_0	guest_only_RF	exact_float_8ulp	0.34836628218994214	0.34836628218994214	0.0	True
canonical	guest_cold	guest_cold/fold_0	cond_only_RF	exact_float_8ulp	0.15921064435204113	0.15921064435204113	0.0	True
canonical	guest_cold	guest_cold/fold_0	source_only_RF	exact_float_8ulp	0.11525807824338874	0.11525807824338874	0.0	True
canonical	guest_cold	guest_cold/fold_0	sim_knn_k5	exact_float_8ulp	0.5275833401469234	0.5275833401469234	0.0	True
canonical	guest_cold	guest_cold/fold_1	PAIR_RF	exact_float_8ulp	0.6633598668185241	0.6633598668185241	0.0	True
canonical	guest_cold	guest_cold/fold_1	additive	exact_float_8ulp	0.36558416661819204	0.36558416661819204	0.0	True
canonical	guest_cold	guest_cold/fold_1	host_only_RF	exact_float_8ulp	0.416078126267579	0.416078126267579	0.0	True
canonical	guest_cold	guest_cold/fold_1	guest_only_RF	exact_float_8ulp	0.3498545685399581	0.3498545685399581	0.0	True
canonical	guest_cold	guest_cold/fold_1	cond_only_RF	exact_float_8ulp	0.1503494982786493	0.1503494982786493	0.0	True
canonical	guest_cold	guest_cold/fold_1	source_only_RF	exact_float_8ulp	0.08141547405918936	0.08141547405918936	0.0	True
canonical	guest_cold	guest_cold/fold_1	sim_knn_k5	exact_float_8ulp	0.556376928383897	0.556376928383897	0.0	True
canonical	guest_cold	guest_cold/fold_2	PAIR_RF	exact_float_8ulp	0.6397023129857995	0.6397023129857995	0.0	True
canonical	guest_cold	guest_cold/fold_2	additive	exact_float_8ulp	0.2596510683521098	0.2596510683521098	0.0	True
canonical	guest_cold	guest_cold/fold_2	host_only_RF	exact_float_8ulp	0.48737883640383184	0.48737883640383184	0.0	True
canonical	guest_cold	guest_cold/fold_2	guest_only_RF	exact_float_8ulp	0.17682602774308742	0.17682602774308742	0.0	True
canonical	guest_cold	guest_cold/fold_2	cond_only_RF	exact_float_8ulp	0.16951256704760076	0.16951256704760076	0.0	True
canonical	guest_cold	guest_cold/fold_2	source_only_RF	exact_float_8ulp	0.10544447943830826	0.10544447943830826	0.0	True
canonical	guest_cold	guest_cold/fold_2	sim_knn_k5	exact_float_8ulp	0.49903057586848865	0.49903057586848865	0.0	True
canonical	guest_cold	guest_cold/fold_3	PAIR_RF	exact_float_8ulp	0.6820670917800464	0.6820670917800464	0.0	True
canonical	guest_cold	guest_cold/fold_3	additive	exact_float_8ulp	0.4179571322904785	0.4179571322904785	0.0	True
canonical	guest_cold	guest_cold/fold_3	host_only_RF	exact_float_8ulp	0.3879478417807485	0.3879478417807485	0.0	True
canonical	guest_cold	guest_cold/fold_3	guest_only_RF	exact_float_8ulp	0.39150266950154033	0.39150266950154033	0.0	True
canonical	guest_cold	guest_cold/fold_3	cond_only_RF	exact_float_8ulp	0.08914325704901627	0.08914325704901627	0.0	True
canonical	guest_cold	guest_cold/fold_3	source_only_RF	exact_float_8ulp	0.04189076712963702	0.04189076712963702	0.0	True
canonical	guest_cold	guest_cold/fold_3	sim_knn_k5	exact_float_8ulp	0.5599860089174096	0.5599860089174096	0.0	True
canonical	guest_cold	guest_cold/fold_4	PAIR_RF	exact_float_8ulp	0.6100011834092539	0.6100011834092539	0.0	True
canonical	guest_cold	guest_cold/fold_4	additive	exact_float_8ulp	0.25994251179383	0.25994251179383	0.0	True
canonical	guest_cold	guest_cold/fold_4	host_only_RF	exact_float_8ulp	0.3821366216768348	0.3821366216768348	0.0	True
canonical	guest_cold	guest_cold/fold_4	guest_only_RF	exact_float_8ulp	0.2845758817580325	0.2845758817580325	0.0	True
canonical	guest_cold	guest_cold/fold_4	cond_only_RF	exact_float_8ulp	0.07306004936951482	0.07306004936951482	0.0	True
canonical	guest_cold	guest_cold/fold_4	source_only_RF	exact_float_8ulp	0.055485202689748325	0.055485202689748325	0.0	True
canonical	guest_cold	guest_cold/fold_4	sim_knn_k5	exact_float_8ulp	0.5286821339413955	0.5286821339413955	0.0	True
canonical	guest_cold	POOLED_OOF	PAIR_RF	exact_float_8ulp	0.6460302172706822	0.6460302172706822	0.0	True
canonical	guest_cold	POOLED_OOF	additive	exact_float_8ulp	0.33463370423433814	0.33463370423433814	0.0	True
canonical	guest_cold	POOLED_OOF	host_only_RF	exact_float_8ulp	0.4178166937064878	0.4178166937064878	0.0	True
canonical	guest_cold	POOLED_OOF	guest_only_RF	exact_float_8ulp	0.31521909405403037	0.31521909405403037	0.0	True
canonical	guest_cold	POOLED_OOF	cond_only_RF	exact_float_8ulp	0.13024778276314797	0.13024778276314797	0.0	True
canonical	guest_cold	POOLED_OOF	source_only_RF	exact_float_8ulp	0.08096787992979826	0.08096787992979826	0.0	True
canonical	guest_cold	POOLED_OOF	sim_knn_k5	exact_float_8ulp	0.536488565619055	0.536488565619055	0.0	True
canonical	double_cold	double_cold/seed_0	PAIR_RF	exact_float_8ulp	0.3697075816550607	0.3697075816550607	0.0	True
canonical	double_cold	double_cold/seed_0	additive	exact_float_8ulp	0.05572412723779241	0.05572412723779241	0.0	True
canonical	double_cold	double_cold/seed_0	host_only_RF	exact_float_8ulp	0.07862913815220096	0.07862913815220096	0.0	True
canonical	double_cold	double_cold/seed_0	guest_only_RF	exact_float_8ulp	-0.0622353051127158	-0.0622353051127158	0.0	True
canonical	double_cold	double_cold/seed_0	cond_only_RF	exact_float_8ulp	-0.001663321890004843	-0.001663321890004843	0.0	True
canonical	double_cold	double_cold/seed_0	source_only_RF	exact_float_8ulp	UNDEFINED	UNDEFINED	UNDEFINED	True
canonical	double_cold	double_cold/seed_0	sim_knn_k5	exact_float_8ulp	-0.03666267342839924	-0.03666267342839924	0.0	True
canonical	double_cold	double_cold/seed_1	PAIR_RF	exact_float_8ulp	0.18667404984226688	0.18667404984226688	0.0	True
canonical	double_cold	double_cold/seed_1	additive	exact_float_8ulp	-0.03985844902887825	-0.03985844902887825	0.0	True
canonical	double_cold	double_cold/seed_1	host_only_RF	exact_float_8ulp	0.07935422211527943	0.07935422211527943	0.0	True
canonical	double_cold	double_cold/seed_1	guest_only_RF	exact_float_8ulp	-0.06694189419112129	-0.06694189419112129	0.0	True
canonical	double_cold	double_cold/seed_1	cond_only_RF	exact_float_8ulp	0.0029063967294288284	0.0029063967294288284	0.0	True
canonical	double_cold	double_cold/seed_1	source_only_RF	exact_float_8ulp	UNDEFINED	UNDEFINED	UNDEFINED	True
canonical	double_cold	double_cold/seed_1	sim_knn_k5	exact_float_8ulp	-0.14935611915168168	-0.14935611915168168	0.0	True
canonical	double_cold	double_cold/seed_10	PAIR_RF	exact_float_8ulp	0.43375981832663313	0.43375981832663313	0.0	True
canonical	double_cold	double_cold/seed_10	additive	exact_float_8ulp	0.44902879825206765	0.44902879825206765	0.0	True
canonical	double_cold	double_cold/seed_10	host_only_RF	exact_float_8ulp	0.2600719261961312	0.2600719261961312	0.0	True
canonical	double_cold	double_cold/seed_10	guest_only_RF	exact_float_8ulp	0.3778426495922318	0.3778426495922318	0.0	True
canonical	double_cold	double_cold/seed_10	cond_only_RF	exact_float_8ulp	0.025652661187277603	0.025652661187277603	0.0	True
canonical	double_cold	double_cold/seed_10	source_only_RF	exact_float_8ulp	UNDEFINED	UNDEFINED	UNDEFINED	True
canonical	double_cold	double_cold/seed_10	sim_knn_k5	exact_float_8ulp	-0.033936200361206925	-0.033936200361206925	0.0	True
canonical	double_cold	double_cold/seed_11	PAIR_RF	exact_float_8ulp	0.4473262992669761	0.4473262992669761	0.0	True
canonical	double_cold	double_cold/seed_11	additive	exact_float_8ulp	0.3516835596394948	0.3516835596394948	0.0	True
canonical	double_cold	double_cold/seed_11	host_only_RF	exact_float_8ulp	0.2502638453220736	0.2502638453220736	0.0	True
canonical	double_cold	double_cold/seed_11	guest_only_RF	exact_float_8ulp	0.2130741738210391	0.2130741738210391	0.0	True
canonical	double_cold	double_cold/seed_11	cond_only_RF	exact_float_8ulp	-0.11027497532224162	-0.11027497532224162	0.0	True
canonical	double_cold	double_cold/seed_11	source_only_RF	exact_float_8ulp	UNDEFINED	UNDEFINED	UNDEFINED	True
canonical	double_cold	double_cold/seed_11	sim_knn_k5	exact_float_8ulp	0.2684692074084972	0.2684692074084972	0.0	True
canonical	double_cold	double_cold/seed_2	PAIR_RF	exact_float_8ulp	0.3725418198556463	0.3725418198556463	0.0	True
canonical	double_cold	double_cold/seed_2	additive	exact_float_8ulp	0.16491336567009873	0.16491336567009873	0.0	True
canonical	double_cold	double_cold/seed_2	host_only_RF	exact_float_8ulp	0.2274177490748066	0.2274177490748066	0.0	True
canonical	double_cold	double_cold/seed_2	guest_only_RF	exact_float_8ulp	-0.015766490609746775	-0.015766490609746775	0.0	True
canonical	double_cold	double_cold/seed_2	cond_only_RF	exact_float_8ulp	-0.22425520461882487	-0.22425520461882487	0.0	True
canonical	double_cold	double_cold/seed_2	source_only_RF	exact_float_8ulp	UNDEFINED	UNDEFINED	UNDEFINED	True
canonical	double_cold	double_cold/seed_2	sim_knn_k5	exact_float_8ulp	0.2586777183608948	0.2586777183608948	0.0	True
canonical	double_cold	double_cold/seed_3	PAIR_RF	exact_float_8ulp	0.6647860796020222	0.6647860796020222	0.0	True
canonical	double_cold	double_cold/seed_3	additive	exact_float_8ulp	0.3696882402497028	0.3696882402497028	0.0	True
canonical	double_cold	double_cold/seed_3	host_only_RF	exact_float_8ulp	0.29714707482790725	0.29714707482790725	0.0	True
canonical	double_cold	double_cold/seed_3	guest_only_RF	exact_float_8ulp	0.3422044553780399	0.3422044553780399	0.0	True
canonical	double_cold	double_cold/seed_3	cond_only_RF	exact_float_8ulp	0.18643905599816502	0.18643905599816502	0.0	True
canonical	double_cold	double_cold/seed_3	source_only_RF	exact_float_8ulp	UNDEFINED	UNDEFINED	UNDEFINED	True
canonical	double_cold	double_cold/seed_3	sim_knn_k5	exact_float_8ulp	0.27757558883730593	0.27757558883730593	0.0	True
canonical	double_cold	double_cold/seed_4	PAIR_RF	exact_float_8ulp	0.31260302702356435	0.31260302702356435	0.0	True
canonical	double_cold	double_cold/seed_4	additive	exact_float_8ulp	0.14828281634107943	0.14828281634107943	0.0	True
canonical	double_cold	double_cold/seed_4	host_only_RF	exact_float_8ulp	0.17540666848992825	0.17540666848992825	0.0	True
canonical	double_cold	double_cold/seed_4	guest_only_RF	exact_float_8ulp	0.24844808208835134	0.24844808208835134	0.0	True
canonical	double_cold	double_cold/seed_4	cond_only_RF	exact_float_8ulp	0.031909502615317886	0.031909502615317886	0.0	True
canonical	double_cold	double_cold/seed_4	source_only_RF	exact_float_8ulp	UNDEFINED	UNDEFINED	UNDEFINED	True
canonical	double_cold	double_cold/seed_4	sim_knn_k5	exact_float_8ulp	-0.35955422745483934	-0.35955422745483934	0.0	True
canonical	double_cold	double_cold/seed_5	PAIR_RF	exact_float_8ulp	0.37673092642800354	0.37673092642800354	0.0	True
canonical	double_cold	double_cold/seed_5	additive	exact_float_8ulp	-0.06500984761916717	-0.06500984761916717	0.0	True
canonical	double_cold	double_cold/seed_5	host_only_RF	exact_float_8ulp	0.03963497983230013	0.03963497983230013	0.0	True
canonical	double_cold	double_cold/seed_5	guest_only_RF	exact_float_8ulp	0.21503685349929513	0.21503685349929513	0.0	True
canonical	double_cold	double_cold/seed_5	cond_only_RF	exact_float_8ulp	0.0870062396979604	0.0870062396979604	0.0	True
canonical	double_cold	double_cold/seed_5	source_only_RF	exact_float_8ulp	UNDEFINED	UNDEFINED	UNDEFINED	True
canonical	double_cold	double_cold/seed_5	sim_knn_k5	exact_float_8ulp	-0.270653347619644	-0.270653347619644	0.0	True
canonical	double_cold	double_cold/seed_6	PAIR_RF	exact_float_8ulp	0.13212769273173852	0.13212769273173852	0.0	True
canonical	double_cold	double_cold/seed_6	additive	exact_float_8ulp	-0.16774812779433024	-0.16774812779433024	0.0	True
canonical	double_cold	double_cold/seed_6	host_only_RF	exact_float_8ulp	0.08249545223385668	0.08249545223385668	0.0	True
canonical	double_cold	double_cold/seed_6	guest_only_RF	exact_float_8ulp	-0.3169509640910477	-0.3169509640910477	0.0	True
canonical	double_cold	double_cold/seed_6	cond_only_RF	exact_float_8ulp	-0.038836191678701004	-0.038836191678701004	0.0	True
canonical	double_cold	double_cold/seed_6	source_only_RF	exact_float_8ulp	UNDEFINED	UNDEFINED	UNDEFINED	True
canonical	double_cold	double_cold/seed_6	sim_knn_k5	exact_float_8ulp	0.13726240660809108	0.13726240660809108	0.0	True
canonical	double_cold	double_cold/seed_7	PAIR_RF	exact_float_8ulp	0.39983254143786384	0.39983254143786384	0.0	True
canonical	double_cold	double_cold/seed_7	additive	exact_float_8ulp	0.1519064799107669	0.1519064799107669	0.0	True
canonical	double_cold	double_cold/seed_7	host_only_RF	exact_float_8ulp	0.04759580180736378	0.04759580180736378	0.0	True
canonical	double_cold	double_cold/seed_7	guest_only_RF	exact_float_8ulp	0.27308468191254964	0.27308468191254964	0.0	True
canonical	double_cold	double_cold/seed_7	cond_only_RF	exact_float_8ulp	-0.07608145671301902	-0.07608145671301902	0.0	True
canonical	double_cold	double_cold/seed_7	source_only_RF	exact_float_8ulp	UNDEFINED	UNDEFINED	UNDEFINED	True
canonical	double_cold	double_cold/seed_7	sim_knn_k5	exact_float_8ulp	0.3527869414925162	0.3527869414925162	0.0	True
canonical	double_cold	double_cold/seed_8	PAIR_RF	exact_float_8ulp	0.24901783519483833	0.24901783519483833	0.0	True
canonical	double_cold	double_cold/seed_8	additive	exact_float_8ulp	0.0366734545111137	0.0366734545111137	0.0	True
canonical	double_cold	double_cold/seed_8	host_only_RF	exact_float_8ulp	-0.18138318552855326	-0.18138318552855326	0.0	True
canonical	double_cold	double_cold/seed_8	guest_only_RF	exact_float_8ulp	-0.06946073030425604	-0.06946073030425604	0.0	True
canonical	double_cold	double_cold/seed_8	cond_only_RF	exact_float_8ulp	-0.38414203937677693	-0.38414203937677693	0.0	True
canonical	double_cold	double_cold/seed_8	source_only_RF	exact_float_8ulp	UNDEFINED	UNDEFINED	UNDEFINED	True
canonical	double_cold	double_cold/seed_8	sim_knn_k5	exact_float_8ulp	-1.149597294594206	-1.149597294594206	0.0	True
canonical	double_cold	double_cold/seed_9	PAIR_RF	exact_float_8ulp	0.0371172207885323	0.0371172207885323	0.0	True
canonical	double_cold	double_cold/seed_9	additive	exact_float_8ulp	-0.7016084638318985	-0.7016084638318985	0.0	True
canonical	double_cold	double_cold/seed_9	host_only_RF	exact_float_8ulp	-0.6314201988946646	-0.6314201988946646	0.0	True
canonical	double_cold	double_cold/seed_9	guest_only_RF	exact_float_8ulp	-0.07072015633522422	-0.07072015633522422	0.0	True
canonical	double_cold	double_cold/seed_9	cond_only_RF	exact_float_8ulp	-0.033088886697820064	-0.033088886697820064	0.0	True
canonical	double_cold	double_cold/seed_9	source_only_RF	exact_float_8ulp	UNDEFINED	UNDEFINED	UNDEFINED	True
canonical	double_cold	double_cold/seed_9	sim_knn_k5	exact_float_8ulp	-0.3785714556862798	-0.3785714556862798	0.0	True
