split,block_id,seed,n_appearances,finite_null_count,undefined_nulls,sim_knn_k5_r2,additive_r2,host_only_RF_r2,guest_only_RF_r2,cond_only_RF_r2,source_only_RF_r2,sim_knn_k5_status,additive_status,host_only_RF_status,guest_only_RF_status,cond_only_RF_status,source_only_RF_status,best_null,best_null_r2,PAIR_RF_r2,GINE_r2,AttentiveFP_r2,PAIR_RF_margin_r2,GINE_margin_r2,AttentiveFP_margin_r2,PAIR_RF_positive_margin,GINE_positive_margin,AttentiveFP_positive_margin
double_cold,double_cold/seed_0,0,102,5,source_only_RF,-0.036662673428399239,0.055724127237792409,0.078629138152200961,-0.0622353051127158,-0.001663321890004843,,DEFINED,DEFINED,DEFINED,DEFINED,DEFINED,UNKNOWN,host_only_RF,0.078629138152200961,0.36970758165506068,-0.49251651763916016,0.29368650913238525,0.29107844350285972,-0.57114565579136112,0.21505737098018429,TRUE,FALSE,TRUE
double_cold,double_cold/seed_1,1,162,5,source_only_RF,-0.14935611915168168,-0.039858449028878251,0.079354222115279427,-0.066941894191121287,0.0029063967294288284,,DEFINED,DEFINED,DEFINED,DEFINED,DEFINED,UNKNOWN,host_only_RF,0.079354222115279427,0.18667404984226688,0.17690622806549072,0.15828436613082886,0.10731982772698745,0.097552005950211296,0.07893014401554943,TRUE,TRUE,TRUE
double_cold,double_cold/seed_2,2,131,5,source_only_RF,0.25867771836089481,0.16491336567009873,0.22741774907480661,-0.015766490609746775,-0.22425520461882487,,DEFINED,DEFINED,DEFINED,DEFINED,DEFINED,UNKNOWN,sim_knn_k5,0.25867771836089481,0.37254181985564627,0.29572492837905884,0.29706215858459473,0.11386410149475146,0.037047210018164023,0.038384440223699912,TRUE,TRUE,TRUE
double_cold,double_cold/seed_3,3,68,5,source_only_RF,0.27757558883730593,0.36968824024970282,0.29714707482790725,0.3422044553780399,0.18643905599816502,,DEFINED,DEFINED,DEFINED,DEFINED,DEFINED,UNKNOWN,additive,0.36968824024970282,0.66478607960202218,0.29918885231018066,0.57074946165084839,0.29509783935231937,-0.070499387939522151,0.20106122140114557,TRUE,FALSE,TRUE
double_cold,double_cold/seed_4,4,118,5,source_only_RF,-0.35955422745483934,0.14828281634107943,0.17540666848992825,0.24844808208835134,0.031909502615317886,,DEFINED,DEFINED,DEFINED,DEFINED,DEFINED,UNKNOWN,guest_only_RF,0.24844808208835134,0.31260302702356435,-0.30335056781768799,0.3311455249786377,0.06415494493521301,-0.55179864990603933,0.082697442890286355,TRUE,FALSE,TRUE
double_cold,double_cold/seed_5,5,179,5,source_only_RF,-0.27065334761964399,-0.065009847619167171,0.039634979832300132,0.21503685349929513,0.087006239697960397,,DEFINED,DEFINED,DEFINED,DEFINED,DEFINED,UNKNOWN,guest_only_RF,0.21503685349929513,0.37673092642800354,-0.10187292098999023,0.026953399181365967,0.16169407292870841,-0.31690977448928537,-0.18808345431792917,TRUE,FALSE,FALSE
double_cold,double_cold/seed_6,6,105,5,source_only_RF,0.13726240660809108,-0.16774812779433024,0.082495452233856681,-0.31695096409104773,-0.038836191678701004,,DEFINED,DEFINED,DEFINED,DEFINED,DEFINED,UNKNOWN,sim_knn_k5,0.13726240660809108,0.13212769273173852,-0.16682088375091553,0.21833628416061401,-0.005134713876352559,-0.30408329035900661,0.081073877552522933,FALSE,FALSE,TRUE
double_cold,double_cold/seed_7,7,215,5,source_only_RF,0.35278694149251622,0.15190647991076689,0.04759580180736378,0.27308468191254964,-0.076081456713019024,,DEFINED,DEFINED,DEFINED,DEFINED,DEFINED,UNKNOWN,sim_knn_k5,0.35278694149251622,0.39983254143786384,0.2098119854927063,0.29449903964996338,0.047045599945347627,-0.14297495599980992,-0.058287901842552836,TRUE,FALSE,FALSE
double_cold,double_cold/seed_8,8,138,5,source_only_RF,-1.1495972945942059,0.036673454511113701,-0.18138318552855326,-0.069460730304256035,-0.38414203937677693,,DEFINED,DEFINED,DEFINED,DEFINED,DEFINED,UNKNOWN,additive,0.036673454511113701,0.24901783519483833,-0.80616891384124756,-0.16085588932037354,0.21234438068372463,-0.84284236835236126,-0.19752934383148724,TRUE,FALSE,FALSE
double_cold,double_cold/seed_9,9,100,5,source_only_RF,-0.37857145568627981,-0.70160846383189845,-0.63142019889466461,-0.070720156335224216,-0.033088886697820064,,DEFINED,DEFINED,DEFINED,DEFINED,DEFINED,UNKNOWN,cond_only_RF,-0.033088886697820064,0.037117220788532301,-0.30007922649383545,-0.18923962116241455,0.070206107486352365,-0.26699033979601539,-0.15615073446459449,TRUE,FALSE,FALSE
double_cold,double_cold/seed_10,10,112,5,source_only_RF,-0.033936200361206925,0.44902879825206765,0.26007192619613118,0.37784264959223179,0.025652661187277603,,DEFINED,DEFINED,DEFINED,DEFINED,DEFINED,UNKNOWN,additive,0.44902879825206765,0.43375981832663313,0.16244161128997803,0.35995882749557495,-0.015268979925434523,-0.28658718696208962,-0.0890699707564927,FALSE,FALSE,FALSE
double_cold,double_cold/seed_11,11,286,5,source_only_RF,0.26846920740849722,0.35168355963949482,0.25026384532207357,0.2130741738210391,-0.11027497532224162,,DEFINED,DEFINED,DEFINED,DEFINED,DEFINED,UNKNOWN,additive,0.35168355963949482,0.44732629926697609,0.26197350025177002,0.060514509677886963,0.095642739627481266,-0.089710059387724805,-0.29116904996160786,TRUE,FALSE,FALSE
