split	model	aggregation	n_appearances	n_blocks	model_r2	best_null	best_null_r2	delta_r2	display_delta_4dp	positive_blocks	total_blocks	null_policy
host_cold	PAIR_RF	pooled_test_appearances	2383	5	0.44188316279851125	additive	0.23608089717112357	0.20580226562738768	+0.2058			largest finite pooled R2 among six prespecified nulls
host_cold	GINE	pooled_test_appearances	2383	5	0.29084887320383634	additive	0.23608089717112357	0.054767976032712773	+0.0548			largest finite pooled R2 among six prespecified nulls
host_cold	AttentiveFP	pooled_test_appearances	2383	5	0.38944105859266209	additive	0.23608089717112357	0.15336016142153852	+0.1534			largest finite pooled R2 among six prespecified nulls
guest_cold	PAIR_RF	pooled_test_appearances	2383	5	0.64603021727068222	sim_knn_k5	0.536488565619055	0.10954165165162721	+0.1095			largest finite pooled R2 among six prespecified nulls
guest_cold	GINE	pooled_test_appearances	2383	5	0.5049357596015871	sim_knn_k5	0.536488565619055	-0.031552806017467905	-0.0316			largest finite pooled R2 among six prespecified nulls
guest_cold	AttentiveFP	pooled_test_appearances	2383	5	0.54999036947534607	sim_knn_k5	0.536488565619055	0.013501803856291072	+0.0135			largest finite pooled R2 among six prespecified nulls
double_cold	PAIR_RF	pooled_test_appearances	1716	12	0.37968624975862153	guest_only_RF	0.15987396598321535	0.21981228377540618	+0.2198			largest finite pooled R2 among six prespecified nulls
double_cold	GINE	pooled_test_appearances	1716	12	0.080152681484600419	guest_only_RF	0.15987396598321535	-0.07972128449861493	-0.0797			largest finite pooled R2 among six prespecified nulls
double_cold	AttentiveFP	pooled_test_appearances	1716	12	0.20251599030173595	guest_only_RF	0.15987396598321535	0.042642024318520599	+0.0426			largest finite pooled R2 among six prespecified nulls
double_cold	PAIR_RF	equal_block_mean	1716	12	0.33185207434609554	PER_BLOCK_MAX_OF_FINITE_SIX	0.21201504402259896	0.11983703032349653	+0.1198	10	12	largest finite production-guarded R2 among six prespecified nulls; block comparator selected separately per block
double_cold	PAIR_RF	appearance_weighted_mean	1716	12	0.33841014158586025	PER_BLOCK_MAX_OF_FINITE_SIX	0.2276201192353586	0.11079002235050157	+0.1108	10	12	largest finite production-guarded R2 among six prespecified nulls; block comparator selected separately per block
double_cold	GINE	equal_block_mean	1716	12	-0.063730160395304367	PER_BLOCK_MAX_OF_FINITE_SIX	0.21201504402259896	-0.27574520441790334	-0.2757	2	12	largest finite production-guarded R2 among six prespecified nulls; block comparator selected separately per block
double_cold	GINE	appearance_weighted_mean	1716	12	-0.021603528714124416	PER_BLOCK_MAX_OF_FINITE_SIX	0.2276201192353586	-0.24922364794948301	-0.2492	2	12	largest finite production-guarded R2 among six prespecified nulls; block comparator selected separately per block
double_cold	AttentiveFP	equal_block_mean	1716	12	0.18842454751332602	PER_BLOCK_MAX_OF_FINITE_SIX	0.21201504402259896	-0.023590496509272984	-0.0236	6	12	largest finite production-guarded R2 among six prespecified nulls; block comparator selected separately per block
double_cold	AttentiveFP	appearance_weighted_mean	1716	12	0.16315098763345839	PER_BLOCK_MAX_OF_FINITE_SIX	0.2276201192353586	-0.064469131601900237	-0.0645	6	12	largest finite production-guarded R2 among six prespecified nulls; block comparator selected separately per block
