block,delta_PAIR_RF,delta_XGB_pair,delta_LGBM_pair,delta_3D_pair_RF,best_null_R2
0,0.1689792198015525,0.1738697907235367,0.04095894826990065,0.1856674129286432,0.1026759126875656
1,0.21379959623841183,0.24572180252836917,0.23889845973234625,0.18011541532901532,0.3027033950729492
2,0.058879231322996106,0.010932526296014045,0.027120123953882858,0.05342205766131125,0.29903135567343786
3,0.15838374517846232,0.05757739296860598,0.20006576918421226,0.13416380044262577,0.06255374201827146
4,0.1483079492159065,0.09899574609411121,0.1227310335537094,0.18662844018607194,0.2559367409168446
5,0.17539105086638274,0.19888680695706518,0.13383482551135661,0.10842960423803594,0.323456530578793
6,0.031686788431339874,0.03183116187494617,0.07738073346376728,-0.02592098777505658,0.447440726857964
7,0.022660016926363213,-0.02549394271195915,-0.19401062253169532,-0.050196907277017644,0.2681589951258996
8,-0.009892561658919719,0.04747245339860506,0.0024493530203734126,-0.035882362819953495,0.48412480326185636
9,0.009152263769711788,-0.18732600426076162,-0.05445988357238518,0.020273387508947693,0.26224904274342764
10,0.05900813082874423,0.10354478705247472,0.09823210223363288,0.003279418467092343,0.3272728170124667
11,0.10412350289913708,0.038463049850427034,0.03543009103893846,0.08369019549165568,0.36063355831149924
