row_index,host_id,guest_id,host_smiles,guest_smiles,family,y_true,host_canonical_smiles,host_canonical_key_sha256,host_alias_group_id,host_parse_status,guest_canonical_smiles,guest_canonical_key_sha256,guest_alias_group_id,guest_parse_status,model,seed,regime,fold,y_pred
27,21,27,Brc1ccc(cc1)S(=O)(=O)Nc1cc2Cc3cc(cc(c3O)Cc3cc(cc(Cc4c(c(Cc(c1)c2O)cc(c4)S(=O)(=O)O)O)c3O)S(=O)(=O)O)S(=O)(=O)O,NCCCCC(C(=O)NC(C(=O)NC(C(=O)NC(=O)C(NC(C(=O)NC(C(=O)NC(C(=O)NC(C(=O)NCC(=O)NC(C(=O)N)Cc1ccc(cc1)O)C(O)C)CO)CCCC[N+](C)(C)C)CCCNC(=N)N)C)C(O)C)CCC(=O)N)NC(=O)C(C(O)C)NC(=O)C(NC(=O)C(N)C)CCCNC(=N)N,calixarene,5.322199821472168,O=S(=O)(O)c1cc2c(O)c(c1)Cc1cc(S(=O)(=O)O)cc(c1O)Cc1cc(S(=O)(=O)O)cc(c1O)Cc1cc(NS(=O)(=O)c3ccc(Br)cc3)cc(c1O)C2,9740E1ADA78264243C242FDF917430805970CF99DF4E8ED560501F29D97FEA8B,HOST_CAN_0153,PASS,CC(N)C(=O)NC(CCCNC(=N)N)C(=O)NC(C(=O)NC(CCCCN)C(=O)NC(CCC(N)=O)C(=O)NC(C(=O)NC(=O)C(C)NC(CCCNC(=N)N)C(=O)NC(CCCC[N+](C)(C)C)C(=O)NC(CO)C(=O)NC(C(=O)NCC(=O)NC(Cc1ccc(O)cc1)C(N)=O)C(C)O)C(C)O)C(C)O,FDB24492C01844597473AA7C2BD6C580BEC794EA067753C199B126BE41E8D5FA,GUEST_CAN_0177,PASS,AttentiveFP,0,double_cold,9,6.02970027923584
30,23,30,OC[C@H]1O[C@@H]2O[C@@H]3[C@@H](CO)O[C@H](O[C@@H]4[C@@H](CO)O[C@H](O[C@@H]5[C@@H](CO)O[C@H](O[C@@H]6[C@@H](CO)O[C@H](O[C@@H]7[C@@H](CO)O[C@H](O[C@H]1[C@H](O)[C@H]2O)[C@H](O)[C@H]7O)[C@H](O)[C@H]6O)[C@H](O)[C@H]5O)[C@H](O)[C@H]4O)[C@H](O)[C@H]3O,CCCCOC1=NC2=CC=CC=C2C(=C1)C(=O)NCCN(CC)CC.Cl,cyclodextrin,2.8013999462127686,OC[C@H]1O[C@@H]2O[C@H]3[C@H](O)[C@@H](O)[C@@H](O[C@H]4[C@H](O)[C@@H](O)[C@@H](O[C@H]5[C@H](O)[C@@H](O)[C@@H](O[C@H]6[C@H](O)[C@@H](O)[C@@H](O[C@H]7[C@H](O)[C@@H](O)[C@@H](O[C@H]1[C@H](O)[C@H]2O)O[C@@H]7CO)O[C@@H]6CO)O[C@@H]5CO)O[C@@H]4CO)O[C@@H]3CO,9CB41F926A4386D7C0E23599753E6EDC60802BE1DCF577DB9B32CBB20691DB1D,HOST_CAN_0175,PASS,CCCCOc1cc(C(=O)NCCN(CC)CC)c2ccccc2n1.Cl,9EE0A4C760C05959EF862E5A33BC41138F65BC2F1C0C020F262CB04579BA1A37,GUEST_CAN_0314,PASS,AttentiveFP,0,double_cold,9,2.9509968757629395
39,27,39,C[N+](CCCC1c2cc3c4cc2OCOc2c1cc1c(c2)OCOc2c(C1CCC[N+](C)(C)C)cc1C(c5cc(C3CCC[N+](C)(C)C)c(OCO4)cc5OCOc1c2)CCC[N+](C)(C)C)(C)C.[Cl-].[Cl-].[Cl-].[Cl-],[Na+].[I-],cavitand,3.812700033187866,C[N+](C)(C)CCCC1c2cc3c4cc2OCOc2cc5c(cc21)C(CCC[N+](C)(C)C)c1cc2c(cc1OCO5)OCOc1cc(c(cc1C2CCC[N+](C)(C)C)C3CCC[N+](C)(C)C)OCO4.[Cl-].[Cl-].[Cl-].[Cl-],BE088984763C14FD65B8A34D618A60117E825B49BF929FD4529F9E4120B2F425,HOST_CAN_0095,PASS,[I-].[Na+],73311483F334B57118E8BB4B950F1319B23923E3B04C12FF7EFEBC24A7D3AF4B,GUEST_CAN_1064,PASS,AttentiveFP,0,double_cold,9,1.942960262298584
43,28,43,O=C1N2[C@@]3([H])[C@@]4([H])N1CC5=CC=CC=C5CN4C(N3CN(C(N6CN(C(N7CN(C(N8CC(C=CC=C9)=C9C%10)=O)[C@]([C@]8([H])N%10C%11=O)([H])N%11C%12)=O)[C@]([C@]7([H])N%12C%13=O)([H])N%13C%14)=O)[C@]([C@]6([H])N%14C%15=O)([H])N%15C2)=O,C[n+]1ccc(cc1)/C=C/c1cc[n+](cc1)C,other,4.4278998374938965,O=C1N2Cc3ccccc3CN3C(=O)N4CN5C(=O)N6CN7C(=O)N8CN9C(=O)N%10Cc%11ccccc%11CN%11C(=O)N(CN%12C(=O)N(CN%13C(=O)N(CN1[C@H]4[C@H]32)[C@@H]5[C@H]%136)[C@@H]7[C@H]%128)[C@@H]9[C@H]%11%10,C06DBA8CB1A01AEB8337B71D87CD1B30E9CBAC6D34129CB5457249ED32FE0331,HOST_CAN_0151,PASS,C[n+]1ccc(/C=C/c2cc[n+](C)cc2)cc1,14818FE10F046EBD0B8696923FD529607C8E7F65FCD645EC173AF08C6F65A94F,GUEST_CAN_0633,PASS,AttentiveFP,0,double_cold,9,5.1873626708984375
46,30,45,C1C2=CC(=CC(=C2O)CC3=CC(=CC(=C3O)CC4=CC(=CC(=C4O)CC5=C(C(=CC(=C5)S(=O)(=O)[O-])CC6=C(C(=CC(=C6)S(=O)(=O)[O-])CC7=C(C1=CC(=C7)S(=O)(=O)[O-])O)O)O)S(=O)(=O)[O-])S(=O)(=O)[O-])S(=O)(=O)[O-],[Ni+2],calixarene,3.731600046157837,O=S(=O)([O-])c1cc2c(O)c(c1)Cc1cc(S(=O)(=O)[O-])cc(c1O)Cc1cc(S(=O)(=O)[O-])cc(c1O)Cc1cc(S(=O)(=O)[O-])cc(c1O)Cc1cc(S(=O)(=O)[O-])cc(c1O)Cc1cc(S(=O)(=O)[O-])cc(c1O)C2,175E9D01D3A7DD7BE73E9B8659E8BAA0A16B2D5C4CCEFE3BEFED10121429BF10,HOST_CAN_0164,PASS,[Ni+2],8BE14EA3A3715F5B836E046902CF446D35D301050216EFC5FE6BC970E8697121,GUEST_CAN_1104,PASS,AttentiveFP,0,double_cold,9,3.9633920192718506
66,30,64,C1C2=CC(=CC(=C2O)CC3=CC(=CC(=C3O)CC4=CC(=CC(=C4O)CC5=C(C(=CC(=C5)S(=O)(=O)[O-])CC6=C(C(=CC(=C6)S(=O)(=O)[O-])CC7=C(C1=CC(=C7)S(=O)(=O)[O-])O)O)O)S(=O)(=O)[O-])S(=O)(=O)[O-])S(=O)(=O)[O-],COC1=C(C=CC(=C1)C=CC(=O)O)O,calixarene,3.9902000427246094,O=S(=O)([O-])c1cc2c(O)c(c1)Cc1cc(S(=O)(=O)[O-])cc(c1O)Cc1cc(S(=O)(=O)[O-])cc(c1O)Cc1cc(S(=O)(=O)[O-])cc(c1O)Cc1cc(S(=O)(=O)[O-])cc(c1O)Cc1cc(S(=O)(=O)[O-])cc(c1O)C2,175E9D01D3A7DD7BE73E9B8659E8BAA0A16B2D5C4CCEFE3BEFED10121429BF10,HOST_CAN_0164,PASS,COc1cc(C=CC(=O)O)ccc1O,FBA2624599D3DF61E64A1CD01004296006570403D519166BB73FAE5CFC4F262F,GUEST_CAN_0476,PASS,AttentiveFP,0,double_cold,9,2.8966097831726074
79,44,21,C1COCCN2CCOCCOCCN1CCOCCOCC2,[Sr+2],other,7.350200176239014,C1COCCN2CCOCCOCCN(CCO1)CCOCC2,32931B055F3C7DC5134671B8211003699C695F3A170DAFEAC54A6E2274B3149A,HOST_CAN_0003,PASS,[Sr+2],B6D37E5B591B608C4BE7D5E471532F87A202E5D6C60D3F594302E0BACEDD0483,GUEST_CAN_1113,PASS,AttentiveFP,0,double_cold,9,3.6998486518859863
102,25,5,CCCOc1c2Cc3cc(cc(c3OCCC)Cc3cc(cc(Cc4c(c(Cc1cc(c2)P(=O)(O)O)cc(c4)P(=O)(O)O)OCCC)c3OCCC)P(=O)(O)O)P(=O)(O)O,C1=CC=C(C=C1)CCN.Cl,calixarene,2.161400079727173,CCCOc1c2cc(P(=O)(O)O)cc1Cc1cc(P(=O)(O)O)cc(c1OCCC)Cc1cc(P(=O)(O)O)cc(c1OCCC)Cc1cc(P(=O)(O)O)cc(c1OCCC)C2,C043E79A34829EDDBE86C6FC09E756E7D0FDCE1A2BB383803C5CAA52B9480850,HOST_CAN_0037,PASS,Cl.NCCc1ccccc1,694C353D974E43F94B1A87CEC52C279387A77EBF6FFAF0F180A66EE64E2F9B79,GUEST_CAN_0692,PASS,AttentiveFP,0,double_cold,9,3.836477279663086
109,54,102,[O-]C(=O)COc1c2c(c(c3c1C1CC3c3c1cc1c(c3)C3CC1c1c3cccc1)OCC(=O)[O-])C1CC2c2c1cc1c(c2)C2CC1c1c2cccc1.[Na+].[Na+],CC(=O)NC(CCCCN)C(=O)OC.Cl,other,3.257499933242798,O=C([O-])COc1c2c(c(OCC(=O)[O-])c3c1C1CC3c3cc4c(cc31)C1CC4c3ccccc31)C1CC2c2cc3c(cc21)C1CC3c2ccccc21.[Na+].[Na+],71E90553B9BBF31920DD1BD183D0F0C0585830F890A72ECB34B8E8CE3C7EDE35,HOST_CAN_0137,PASS,COC(=O)C(CCCCN)NC(C)=O.Cl,5A0A62219231BC9A9B1FFE190DDB386916DC23A68C87DBD4EDE828D9A34D1434,GUEST_CAN_0436,PASS,AttentiveFP,0,double_cold,9,3.58142352104187
132,23,117,OC[C@H]1O[C@@H]2O[C@@H]3[C@@H](CO)O[C@H](O[C@@H]4[C@@H](CO)O[C@H](O[C@@H]5[C@@H](CO)O[C@H](O[C@@H]6[C@@H](CO)O[C@H](O[C@@H]7[C@@H](CO)O[C@H](O[C@H]1[C@H](O)[C@H]2O)[C@H](O)[C@H]7O)[C@H](O)[C@H]6O)[C@H](O)[C@H]5O)[C@H](O)[C@H]4O)[C@H](O)[C@H]3O,CCCCCCCC(=O)[O-],cyclodextrin,3.3889999389648438,OC[C@H]1O[C@@H]2O[C@H]3[C@H](O)[C@@H](O)[C@@H](O[C@H]4[C@H](O)[C@@H](O)[C@@H](O[C@H]5[C@H](O)[C@@H](O)[C@@H](O[C@H]6[C@H](O)[C@@H](O)[C@@H](O[C@H]7[C@H](O)[C@@H](O)[C@@H](O[C@H]1[C@H](O)[C@H]2O)O[C@@H]7CO)O[C@@H]6CO)O[C@@H]5CO)O[C@@H]4CO)O[C@@H]3CO,9CB41F926A4386D7C0E23599753E6EDC60802BE1DCF577DB9B32CBB20691DB1D,HOST_CAN_0175,PASS,CCCCCCCC(=O)[O-],6C7F59955968D6F66A25FA20F972DD1B465784053C347AEBF93F2935785EE3D8,GUEST_CAN_0278,PASS,AttentiveFP,0,double_cold,9,2.2928545475006104
135,30,119,C1C2=CC(=CC(=C2O)CC3=CC(=CC(=C3O)CC4=CC(=CC(=C4O)CC5=C(C(=CC(=C5)S(=O)(=O)[O-])CC6=C(C(=CC(=C6)S(=O)(=O)[O-])CC7=C(C1=CC(=C7)S(=O)(=O)[O-])O)O)O)S(=O)(=O)[O-])S(=O)(=O)[O-])S(=O)(=O)[O-],CN1C=CC(=CC=C2C=CC(=[N+](C)C)C=C2)C=C1,calixarene,5.0,O=S(=O)([O-])c1cc2c(O)c(c1)Cc1cc(S(=O)(=O)[O-])cc(c1O)Cc1cc(S(=O)(=O)[O-])cc(c1O)Cc1cc(S(=O)(=O)[O-])cc(c1O)Cc1cc(S(=O)(=O)[O-])cc(c1O)Cc1cc(S(=O)(=O)[O-])cc(c1O)C2,175E9D01D3A7DD7BE73E9B8659E8BAA0A16B2D5C4CCEFE3BEFED10121429BF10,HOST_CAN_0164,PASS,CN1C=CC(=CC=C2C=CC(=[N+](C)C)C=C2)C=C1,383D307CF44E12525FF819074F4E5980A73A2E0E06FD056155E2E701CF54D81C,GUEST_CAN_0417,PASS,AttentiveFP,0,double_cold,9,4.292413234710693
151,20,131,O=C(COC1=CC(CC2=C(OCC(O)=O)C=C(C(OCC(O)=O)=C2)CC3=CC(COC(O)=O)=C(C4)C=C3OCC(O)=O)=C(OCC(O)=O)C=C1CC5=C[C@@H](OCC(O)=O)[C@H](C=C5OCC(O)=O)CC6=CC(COC(O)=O)=C(C=C6OCC(O)=O)CC7=C(OCC(O)=O)C=C4C(OCC(O)=O)=C7)O,[NH3+]CCCCC[NH3+],pillararene,6.298900127410889,O=C(O)COC1=C[C@@H]2Cc3cc(COC(=O)O)c(cc3OCC(=O)O)Cc3cc(OCC(=O)O)c(cc3OCC(=O)O)Cc3cc(OCC(=O)O)c(cc3COC(=O)O)Cc3cc(OCC(=O)O)c(cc3OCC(=O)O)Cc3cc(OCC(=O)O)c(cc3OCC(=O)O)CC1=C[C@H]2OCC(=O)O,EB7BB63E53C952B34EDD9A1AA221307EA37FEE1D4C687CFC64D6BC38CEFE6263,HOST_CAN_0126,PASS,[NH3+]CCCCC[NH3+],66335AEC2CB613CEAD8BC8785304D6F64176DBA93B3B28361722B02D88E5AE58,GUEST_CAN_1086,PASS,AttentiveFP,0,double_cold,9,5.054654121398926
162,15,6,C1=C2C=C3C=C1OC4=CC(=CC(=C4)C(=O)O)OC5=CC6=CC(=C5)C7OC8=CC9=C1C=C8C(C4=C(O7)C=C5C(=C4)C(C4=CC7=C(C=C4OC2O5)OC2C4=CC(=CC(=C4)OC4=CC(=CC(=C4)C(=O)O)OC4=CC(=CC(=C4)OC4=CC(=CC(=C4)O6)C(=O)O)C(O9)OC4=C(C1CCC(=O)O)C=C(C7CCC(=O)O)C(=C4)O2)OC1=CC(=CC(=C1)O3)C(=O)O)CCC(=O)O)CCC(=O)O,CC1=CC=C(C=C1)C(=O)O,cavitand,4.298900127410889,O=C(O)CCC1c2cc3c4cc2OC2Oc5cc6c(cc51)C(CCC(=O)O)c1cc5c7cc1OC(O6)c1cc6cc(c1)Oc1cc(cc(C(=O)O)c1)Oc1cc8cc(c1)C(Oc1cc(c(cc1C5CCC(=O)O)C3CCC(=O)O)OC(O4)c1cc(cc(c1)Oc1cc(cc(C(=O)O)c1)O8)Oc1cc(cc(C(=O)O)c1)Oc1cc(cc2c1)Oc1cc(cc(C(=O)O)c1)O6)O7,AE6E8A9B8E3ECDE32B65BE9B8736ECC23E2311A112E2CA1B78F35ECF9046A382,HOST_CAN_0117,PASS,Cc1ccc(C(=O)O)cc1,77120D4F215B3F6A20DC92D31FF568A8A5CC2FD03CD35785CF05B48416FB8C9C,GUEST_CAN_0655,PASS,AttentiveFP,0,double_cold,9,3.908160448074341
175,20,153,O=C(COC1=CC(CC2=C(OCC(O)=O)C=C(C(OCC(O)=O)=C2)CC3=CC(COC(O)=O)=C(C4)C=C3OCC(O)=O)=C(OCC(O)=O)C=C1CC5=C[C@@H](OCC(O)=O)[C@H](C=C5OCC(O)=O)CC6=CC(COC(O)=O)=C(C=C6OCC(O)=O)CC7=C(OCC(O)=O)C=C4C(OCC(O)=O)=C7)O,[NH3+]C1CCCCC1.[Cl-],pillararene,5.638500213623047,O=C(O)COC1=C[C@@H]2Cc3cc(COC(=O)O)c(cc3OCC(=O)O)Cc3cc(OCC(=O)O)c(cc3OCC(=O)O)Cc3cc(OCC(=O)O)c(cc3COC(=O)O)Cc3cc(OCC(=O)O)c(cc3OCC(=O)O)Cc3cc(OCC(=O)O)c(cc3OCC(=O)O)CC1=C[C@H]2OCC(=O)O,EB7BB63E53C952B34EDD9A1AA221307EA37FEE1D4C687CFC64D6BC38CEFE6263,HOST_CAN_0126,PASS,[Cl-].[NH3+]C1CCCCC1,2162787C3E2FAC35A50418434382F9CBB2B93A16A7A688D5A6BEB4BB92F60FDD,GUEST_CAN_1038,PASS,AttentiveFP,0,double_cold,9,4.757021903991699
190,15,166,C1=C2C=C3C=C1OC4=CC(=CC(=C4)C(=O)O)OC5=CC6=CC(=C5)C7OC8=CC9=C1C=C8C(C4=C(O7)C=C5C(=C4)C(C4=CC7=C(C=C4OC2O5)OC2C4=CC(=CC(=C4)OC4=CC(=CC(=C4)C(=O)O)OC4=CC(=CC(=C4)OC4=CC(=CC(=C4)O6)C(=O)O)C(O9)OC4=C(C1CCC(=O)O)C=C(C7CCC(=O)O)C(=C4)O2)OC1=CC(=CC(=C1)O3)C(=O)O)CCC(=O)O)CCC(=O)O,CC1CCC(CC1)C(=O)O,cavitand,5.602099895477295,O=C(O)CCC1c2cc3c4cc2OC2Oc5cc6c(cc51)C(CCC(=O)O)c1cc5c7cc1OC(O6)c1cc6cc(c1)Oc1cc(cc(C(=O)O)c1)Oc1cc8cc(c1)C(Oc1cc(c(cc1C5CCC(=O)O)C3CCC(=O)O)OC(O4)c1cc(cc(c1)Oc1cc(cc(C(=O)O)c1)O8)Oc1cc(cc(C(=O)O)c1)Oc1cc(cc2c1)Oc1cc(cc(C(=O)O)c1)O6)O7,AE6E8A9B8E3ECDE32B65BE9B8736ECC23E2311A112E2CA1B78F35ECF9046A382,HOST_CAN_0117,PASS,CC1CCC(C(=O)O)CC1,3FDB2838F187634251A1B431DE076D2F7BA27A48B712FA498CA3AA06B531DC9D,GUEST_CAN_0238,PASS,AttentiveFP,0,double_cold,9,3.6384096145629883
208,20,181,O=C(COC1=CC(CC2=C(OCC(O)=O)C=C(C(OCC(O)=O)=C2)CC3=CC(COC(O)=O)=C(C4)C=C3OCC(O)=O)=C(OCC(O)=O)C=C1CC5=C[C@@H](OCC(O)=O)[C@H](C=C5OCC(O)=O)CC6=CC(COC(O)=O)=C(C=C6OCC(O)=O)CC7=C(OCC(O)=O)C=C4C(OCC(O)=O)=C7)O,C(CCC[NH3+])CC[NH3+].[Cl-].[Cl-],pillararene,7.4232001304626465,O=C(O)COC1=C[C@@H]2Cc3cc(COC(=O)O)c(cc3OCC(=O)O)Cc3cc(OCC(=O)O)c(cc3OCC(=O)O)Cc3cc(OCC(=O)O)c(cc3COC(=O)O)Cc3cc(OCC(=O)O)c(cc3OCC(=O)O)Cc3cc(OCC(=O)O)c(cc3OCC(=O)O)CC1=C[C@H]2OCC(=O)O,EB7BB63E53C952B34EDD9A1AA221307EA37FEE1D4C687CFC64D6BC38CEFE6263,HOST_CAN_0126,PASS,[Cl-].[Cl-].[NH3+]CCCCCC[NH3+],C5972710ADEA5F593934762CCF65EB152DFF548B5145AFDEFD51BD47BE3931B7,GUEST_CAN_1029,PASS,AttentiveFP,0,double_cold,9,5.145956039428711
230,27,199,C[N+](CCCC1c2cc3c4cc2OCOc2c1cc1c(c2)OCOc2c(C1CCC[N+](C)(C)C)cc1C(c5cc(C3CCC[N+](C)(C)C)c(OCO4)cc5OCOc1c2)CCC[N+](C)(C)C)(C)C.[Cl-].[Cl-].[Cl-].[Cl-],CI,cavitand,1.3978999853134155,C[N+](C)(C)CCCC1c2cc3c4cc2OCOc2cc5c(cc21)C(CCC[N+](C)(C)C)c1cc2c(cc1OCO5)OCOc1cc(c(cc1C2CCC[N+](C)(C)C)C3CCC[N+](C)(C)C)OCO4.[Cl-].[Cl-].[Cl-].[Cl-],BE088984763C14FD65B8A34D618A60117E825B49BF929FD4529F9E4120B2F425,HOST_CAN_0095,PASS,CI,FE8EE15BB86D27A77F2A62BD71BC65936156C99FE5B58537B347CBAD1761FD95,GUEST_CAN_0390,PASS,AttentiveFP,0,double_cold,9,1.7359919548034668
286,15,237,C1=C2C=C3C=C1OC4=CC(=CC(=C4)C(=O)O)OC5=CC6=CC(=C5)C7OC8=CC9=C1C=C8C(C4=C(O7)C=C5C(=C4)C(C4=CC7=C(C=C4OC2O5)OC2C4=CC(=CC(=C4)OC4=CC(=CC(=C4)C(=O)O)OC4=CC(=CC(=C4)OC4=CC(=CC(=C4)O6)C(=O)O)C(O9)OC4=C(C1CCC(=O)O)C=C(C7CCC(=O)O)C(=C4)O2)OC1=CC(=CC(=C1)O3)C(=O)O)CCC(=O)O)CCC(=O)O,C#CCCCC(=O)O,cavitand,3.827699899673462,O=C(O)CCC1c2cc3c4cc2OC2Oc5cc6c(cc51)C(CCC(=O)O)c1cc5c7cc1OC(O6)c1cc6cc(c1)Oc1cc(cc(C(=O)O)c1)Oc1cc8cc(c1)C(Oc1cc(c(cc1C5CCC(=O)O)C3CCC(=O)O)OC(O4)c1cc(cc(c1)Oc1cc(cc(C(=O)O)c1)O8)Oc1cc(cc(C(=O)O)c1)Oc1cc(cc2c1)Oc1cc(cc(C(=O)O)c1)O6)O7,AE6E8A9B8E3ECDE32B65BE9B8736ECC23E2311A112E2CA1B78F35ECF9046A382,HOST_CAN_0117,PASS,C#CCCCC(=O)O,44098F444A383255C50ABD8A5620E03A2E79ECC4071BA0A80188DEB1DF0F35FF,GUEST_CAN_0006,PASS,AttentiveFP,0,double_cold,9,3.4588327407836914
291,37,21,C(CN(CC(=O)O)CC(=O)O)N(CC(=O)O)CC(=O)O,[Sr+2],other,8.800000190734863,O=C(O)CN(CCN(CC(=O)O)CC(=O)O)CC(=O)O,6BFD1C3C84BE32FEF0887DE527CC95AE0C3680F389E80993C4242A4E3571F896,HOST_CAN_0123,PASS,[Sr+2],B6D37E5B591B608C4BE7D5E471532F87A202E5D6C60D3F594302E0BACEDD0483,GUEST_CAN_1113,PASS,AttentiveFP,0,double_cold,9,4.413376808166504
318,15,257,C1=C2C=C3C=C1OC4=CC(=CC(=C4)C(=O)O)OC5=CC6=CC(=C5)C7OC8=CC9=C1C=C8C(C4=C(O7)C=C5C(=C4)C(C4=CC7=C(C=C4OC2O5)OC2C4=CC(=CC(=C4)OC4=CC(=CC(=C4)C(=O)O)OC4=CC(=CC(=C4)OC4=CC(=CC(=C4)O6)C(=O)O)C(O9)OC4=C(C1CCC(=O)O)C=C(C7CCC(=O)O)C(=C4)O2)OC1=CC(=CC(=C1)O3)C(=O)O)CCC(=O)O)CCC(=O)O,[B-]C#N.[Na+],cavitand,2.003999948501587,O=C(O)CCC1c2cc3c4cc2OC2Oc5cc6c(cc51)C(CCC(=O)O)c1cc5c7cc1OC(O6)c1cc6cc(c1)Oc1cc(cc(C(=O)O)c1)Oc1cc8cc(c1)C(Oc1cc(c(cc1C5CCC(=O)O)C3CCC(=O)O)OC(O4)c1cc(cc(c1)Oc1cc(cc(C(=O)O)c1)O8)Oc1cc(cc(C(=O)O)c1)Oc1cc(cc2c1)Oc1cc(cc(C(=O)O)c1)O6)O7,AE6E8A9B8E3ECDE32B65BE9B8736ECC23E2311A112E2CA1B78F35ECF9046A382,HOST_CAN_0117,PASS,[B-]C#N.[Na+],6E772614713BBC86FC89ED5E24C8307A59F018048CC86C967F9B9862D42B8DE7,GUEST_CAN_1011,PASS,AttentiveFP,0,double_cold,9,1.769594430923462
320,75,259,CN1[C@H]2[C@@H](N(C1=O)C)N3CN4[C@@H]5[C@@H](N(C(=O)N5C)C)N(C4=O)CN6[C@@H]7[C@@H](N(C(=O)N7C)C)N(C6=O)CN8[C@@H]9[C@@H](N(C(=O)N9C)C)N(C8=O)CN1[C@@H]4[C@@H](N(C(=O)N4C)C)N(C1=O)CN1[C@@H]4[C@@H](N(C(=O)N4C)C)N(C1=O)CN2C3=O,O.[Na+].[SH-],other,4.230400085449219,CN1C(=O)N(C)[C@@H]2[C@H]1N1CN3C(=O)N(CN4C(=O)N(CN5C(=O)N(CN6C(=O)N(CN7C(=O)N(CN2C1=O)[C@@H]1[C@H]7N(C)C(=O)N1C)[C@@H]1[C@H]6N(C)C(=O)N1C)[C@@H]1[C@H]5N(C)C(=O)N1C)[C@@H]1[C@H]4N(C)C(=O)N1C)[C@@H]1[C@H]3N(C)C(=O)N1C,D6C3F21332661BB9069594818AE00619D2227BBAE869749EDEEAB00A6EE038AA,HOST_CAN_0053,PASS,O.[Na+].[SH-],6AB4F15725C0C493021ACFD5241D72DEC2416E3E783F239DE772FE3ED1470BA5,GUEST_CAN_0846,PASS,AttentiveFP,0,double_cold,9,2.6607041358947754
321,90,260,CCCCCCCCCCCCCOc1c2cc(cc1Cc1cc(NC(=N)[NH3+])cc(c1OCCCCCCCCCCCC)Cc1cc(NC(=N)[NH3+])cc(c1OCCCCCCCCCCCC)Cc1c(c(Cc3c(c(C2)cc(NC(=N)[NH3+])c3)OCCCCCCCCCCCC)cc(NC(=N)[NH3+])c1)OCCCCCCCCCCCC)NC(=N)[NH3+],C1CCC(C(C1)[NH-])[NH-].C(=O)(C(=O)[O-])[O-].[Pt+4],calixarene,5.414999961853027,CCCCCCCCCCCCCOc1c2cc(NC(=N)[NH3+])cc1Cc1cc(NC(=N)[NH3+])cc(c1OCCCCCCCCCCCC)Cc1cc(NC(=N)[NH3+])cc(c1OCCCCCCCCCCCC)Cc1cc(NC(=N)[NH3+])cc(c1OCCCCCCCCCCCC)Cc1cc(NC(=N)[NH3+])cc(c1OCCCCCCCCCCCC)C2,A5AE0C6743B4C191BBE311A7590CE3620FD85BC6216E8A86BBF33F2997A94F95,HOST_CAN_0025,PASS,O=C([O-])C(=O)[O-].[NH-]C1CCCCC1[NH-].[Pt+4],0CDD95870040990434C583DE9E1CAA6F0E585FA27432CAAE3DAE2F8D1B0F1A60,GUEST_CAN_0893,PASS,AttentiveFP,0,double_cold,9,6.874648094177246
332,69,267,NCCN1C=C(N=N1)COC(C=C2)=C(CNCC3=C(OCC(N=N4)=CN4CCN)C=CC5=C3C=C6)C7=C2C8=C(C=C7)OC9CC8C%10=C(O9)C=CC%11=C%10C=CC(OCC(N=N%12)=CN%12CCN)=C%11CNCC%13=C(OCC(N=N%14)=CN%14CCN)C=CC%15=C%13C=CC(O%16)=C%15C%17C5=C6OC%16C%17,C1=CC=C(C=C1)CC(=O)O,other,4.223599910736084,NCCn1cc(COc2ccc3c4c5ccc3c2CNCc2c(OCc3cn(CCN)nn3)ccc3c6c(ccc23)OC2CC6c3c(ccc6c(c(OCc7cn(CCN)nn7)ccc36)CNCc3c(OCc6cn(CCN)nn6)ccc6c7c(ccc36)OC(CC47)O5)O2)nn1,E69AC36986BDADC1E5A61FE9021251B6D5437DB096F231021CE94D055FF4BCBF,HOST_CAN_0113,PASS,O=C(O)Cc1ccccc1,CDC327033EEEA935CE7B18A021AC4EEC8A15F4B61C90D20EF1DA9875BA8FC256,GUEST_CAN_0880,PASS,AttentiveFP,0,double_cold,9,2.105590581893921
347,23,279,OC[C@H]1O[C@@H]2O[C@@H]3[C@@H](CO)O[C@H](O[C@@H]4[C@@H](CO)O[C@H](O[C@@H]5[C@@H](CO)O[C@H](O[C@@H]6[C@@H](CO)O[C@H](O[C@@H]7[C@@H](CO)O[C@H](O[C@H]1[C@H](O)[C@H]2O)[C@H](O)[C@H]7O)[C@H](O)[C@H]6O)[C@H](O)[C@H]5O)[C@H](O)[C@H]4O)[C@H](O)[C@H]3O,C1=CC=C2C(=C1)C=CC(=C2C3=C(C=CC4=CC=CC=C43)O)O,cyclodextrin,2.0141000747680664,OC[C@H]1O[C@@H]2O[C@H]3[C@H](O)[C@@H](O)[C@@H](O[C@H]4[C@H](O)[C@@H](O)[C@@H](O[C@H]5[C@H](O)[C@@H](O)[C@@H](O[C@H]6[C@H](O)[C@@H](O)[C@@H](O[C@H]7[C@H](O)[C@@H](O)[C@@H](O[C@H]1[C@H](O)[C@H]2O)O[C@@H]7CO)O[C@@H]6CO)O[C@@H]5CO)O[C@@H]4CO)O[C@@H]3CO,9CB41F926A4386D7C0E23599753E6EDC60802BE1DCF577DB9B32CBB20691DB1D,HOST_CAN_0175,PASS,Oc1ccc2ccccc2c1-c1c(O)ccc2ccccc12,590AF5C1DE9D6AC8FDFE35D459C231FE39B34B3ED27E03468EB1328DB6B3A1CC,GUEST_CAN_1001,PASS,AttentiveFP,0,double_cold,9,3.335944652557373
352,15,281,C1=C2C=C3C=C1OC4=CC(=CC(=C4)C(=O)O)OC5=CC6=CC(=C5)C7OC8=CC9=C1C=C8C(C4=C(O7)C=C5C(=C4)C(C4=CC7=C(C=C4OC2O5)OC2C4=CC(=CC(=C4)OC4=CC(=CC(=C4)C(=O)O)OC4=CC(=CC(=C4)OC4=CC(=CC(=C4)O6)C(=O)O)C(O9)OC4=C(C1CCC(=O)O)C=C(C7CCC(=O)O)C(=C4)O2)OC1=CC(=CC(=C1)O3)C(=O)O)CCC(=O)O)CCC(=O)O,C1CCC(C1)CC(=O)O,cavitand,4.167300224304199,O=C(O)CCC1c2cc3c4cc2OC2Oc5cc6c(cc51)C(CCC(=O)O)c1cc5c7cc1OC(O6)c1cc6cc(c1)Oc1cc(cc(C(=O)O)c1)Oc1cc8cc(c1)C(Oc1cc(c(cc1C5CCC(=O)O)C3CCC(=O)O)OC(O4)c1cc(cc(c1)Oc1cc(cc(C(=O)O)c1)O8)Oc1cc(cc(C(=O)O)c1)Oc1cc(cc2c1)Oc1cc(cc(C(=O)O)c1)O6)O7,AE6E8A9B8E3ECDE32B65BE9B8736ECC23E2311A112E2CA1B78F35ECF9046A382,HOST_CAN_0117,PASS,O=C(O)CC1CCCC1,B26B5C1A414F0F248B420D703FE03E508390EEBAF5F9AB5DAA4D5EC46659AD77,GUEST_CAN_0871,PASS,AttentiveFP,0,double_cold,9,3.4848530292510986
404,30,255,C1C2=CC(=CC(=C2O)CC3=CC(=CC(=C3O)CC4=CC(=CC(=C4O)CC5=C(C(=CC(=C5)S(=O)(=O)[O-])CC6=C(C(=CC(=C6)S(=O)(=O)[O-])CC7=C(C1=CC(=C7)S(=O)(=O)[O-])O)O)O)S(=O)(=O)[O-])S(=O)(=O)[O-])S(=O)(=O)[O-],CCN1C=C(C(=O)C2=CC(=C(C=C21)N3CCNCC3)F)C(=O)O,calixarene,4.601600170135498,O=S(=O)([O-])c1cc2c(O)c(c1)Cc1cc(S(=O)(=O)[O-])cc(c1O)Cc1cc(S(=O)(=O)[O-])cc(c1O)Cc1cc(S(=O)(=O)[O-])cc(c1O)Cc1cc(S(=O)(=O)[O-])cc(c1O)Cc1cc(S(=O)(=O)[O-])cc(c1O)C2,175E9D01D3A7DD7BE73E9B8659E8BAA0A16B2D5C4CCEFE3BEFED10121429BF10,HOST_CAN_0164,PASS,CCn1cc(C(=O)O)c(=O)c2cc(F)c(N3CCNCC3)cc21,51A13D1B35CE84294FAFDDC991735A9C36D89C1EB8D5241A29415246F6566D08,GUEST_CAN_0386,PASS,AttentiveFP,0,double_cold,9,4.030395984649658
417,27,53,C[N+](CCCC1c2cc3c4cc2OCOc2c1cc1c(c2)OCOc2c(C1CCC[N+](C)(C)C)cc1C(c5cc(C3CCC[N+](C)(C)C)c(OCO4)cc5OCOc1c2)CCC[N+](C)(C)C)(C)C.[Cl-].[Cl-].[Cl-].[Cl-],[Na+].[Cl-],cavitand,2.0422000885009766,C[N+](C)(C)CCCC1c2cc3c4cc2OCOc2cc5c(cc21)C(CCC[N+](C)(C)C)c1cc2c(cc1OCO5)OCOc1cc(c(cc1C2CCC[N+](C)(C)C)C3CCC[N+](C)(C)C)OCO4.[Cl-].[Cl-].[Cl-].[Cl-],BE088984763C14FD65B8A34D618A60117E825B49BF929FD4529F9E4120B2F425,HOST_CAN_0095,PASS,[Cl-].[Na+],75BE434EC1982F4169BCC68DFF522D1CE80C4ED9F32BD5BD82D1768FC8A5ED44,GUEST_CAN_1040,PASS,AttentiveFP,0,double_cold,9,1.8062210083007812
424,38,328,C1C2C3=CC=CC=C3C4=C5C6CC7=CC=CC=C7C8=CC(=CC(=C8)C9=CC=CC=C9CC3C7=CC=CC=C7C(=C24)C3=C5C2=CC=CC=C62)C2=CC=CC=C21,C[N+](C)(C)C12CC3CC(C1)CC(C3)C2,cyclophane,5.722300052642822,c1ccc2c(c1)CC1c3ccccc3-c3c1c1c4c5c3C(Cc3ccccc3-c3cc-2cc(c3)-c2ccccc2CC4c2ccccc2-1)c1ccccc1-5,7D60610AC6275537B6952E12359C97C789A38E2FA1295732E16AF89573CE95C4,HOST_CAN_0186,PASS,C[N+](C)(C)C12CC3CC(CC(C3)C1)C2,592B1274AF36843687A4C28CB14599E0E7295207B2962D4756B9C9C885C8456D,GUEST_CAN_0558,PASS,AttentiveFP,0,double_cold,9,5.986095905303955
482,30,81,C1C2=CC(=CC(=C2O)CC3=CC(=CC(=C3O)CC4=CC(=CC(=C4O)CC5=C(C(=CC(=C5)S(=O)(=O)[O-])CC6=C(C(=CC(=C6)S(=O)(=O)[O-])CC7=C(C1=CC(=C7)S(=O)(=O)[O-])O)O)O)S(=O)(=O)[O-])S(=O)(=O)[O-])S(=O)(=O)[O-],Cc1cc2nc3-c([nH]c2cc1N)cc(=[N+](C)C)cc3,calixarene,4.4253997802734375,O=S(=O)([O-])c1cc2c(O)c(c1)Cc1cc(S(=O)(=O)[O-])cc(c1O)Cc1cc(S(=O)(=O)[O-])cc(c1O)Cc1cc(S(=O)(=O)[O-])cc(c1O)Cc1cc(S(=O)(=O)[O-])cc(c1O)Cc1cc(S(=O)(=O)[O-])cc(c1O)C2,175E9D01D3A7DD7BE73E9B8659E8BAA0A16B2D5C4CCEFE3BEFED10121429BF10,HOST_CAN_0164,PASS,Cc1cc2nc3ccc(=[N+](C)C)cc-3[nH]c2cc1N,C5DF1E7584A7298C9907FD74E586B8A2459B4C1C8328AB00C60A72DAE728E305,GUEST_CAN_0651,PASS,AttentiveFP,0,double_cold,9,4.47363805770874
607,89,442,O[C@@H]1[C@@H](O)[C@H](O[C@@H]2[C@H](O)[C@@H](O)[C@H](O3)[C@@H](COCCCCS(=O)([O-])=O)O2)[C@@H](COCCCCS(=O)([O-])=O)O[C@@H]1O[C@H]4[C@H](O)[C@@H](O)[C@@H](O[C@@H]5[C@@H](O)[C@H](O)[C@H](O[C@@H]6[C@@H](O)[C@H](O)[C@H](O[C@@H]7[C@@H](O)[C@H](O)[C@H](O[C@@H]8[C@@H](O)[C@H](O)[C@H]3O[C@H]8COCCCCS(=O)([O-])=O)O[C@H]7COCCCCS(=O)([O-])=O)O[C@H]6COCCCCS(=O)([O-])=O)O[C@H]5COCCCCS(=O)([O-])=O)O[C@@H]4COCCCCS(=O)([O-])=O.[Na+].[Na+].[Na+].[Na+].[Na+].[Na+].[Na+],CC12CC3CC(C1)(CC(C3)(C2)N)C,cyclodextrin,3.702699899673462,O=S(=O)([O-])CCCCOC[C@@H]1O[C@H]2O[C@@H]3[C@@H](O)[C@H](O)[C@H](O[C@H]4[C@H](O)[C@@H](O)[C@@H](O[C@H]5[C@H](O)[C@@H](O)[C@@H](O[C@H]6[C@H](O)[C@@H](O)[C@@H](O[C@@H]7[C@@H](O)[C@H](O)[C@H](O[C@@H]8[C@@H](O)[C@H](O)[C@H](O[C@@H]1[C@@H](O)[C@@H]2O)O[C@H]8COCCCCS(=O)(=O)[O-])O[C@H]7COCCCCS(=O)(=O)[O-])O[C@@H]6COCCCCS(=O)(=O)[O-])O[C@@H]5COCCCCS(=O)(=O)[O-])O[C@@H]4COCCCCS(=O)(=O)[O-])O[C@H]3COCCCCS(=O)(=O)[O-].[Na+].[Na+].[Na+].[Na+].[Na+].[Na+].[Na+],0EF453A8FEAB2DBB346A347C51767F5C4A37ED4747250CEC0BCF3880BBC2D023,HOST_CAN_0157,PASS,CC12CC3CC(C)(C1)CC(N)(C3)C2,0AFD1A68AE2979847F2FE8C6289B56D5AE3344B3DCCB36D840CDC4248A6C7DFA,GUEST_CAN_0217,PASS,AttentiveFP,0,double_cold,9,5.587733268737793
614,69,447,NCCN1C=C(N=N1)COC(C=C2)=C(CNCC3=C(OCC(N=N4)=CN4CCN)C=CC5=C3C=C6)C7=C2C8=C(C=C7)OC9CC8C%10=C(O9)C=CC%11=C%10C=CC(OCC(N=N%12)=CN%12CCN)=C%11CNCC%13=C(OCC(N=N%14)=CN%14CCN)C=CC%15=C%13C=CC(O%16)=C%15C%17C5=C6OC%16C%17,C1=CC=C(C=C1)C(C(=O)O)C(=O)O,other,5.3078999519348145,NCCn1cc(COc2ccc3c4c5ccc3c2CNCc2c(OCc3cn(CCN)nn3)ccc3c6c(ccc23)OC2CC6c3c(ccc6c(c(OCc7cn(CCN)nn7)ccc36)CNCc3c(OCc6cn(CCN)nn6)ccc6c7c(ccc36)OC(CC47)O5)O2)nn1,E69AC36986BDADC1E5A61FE9021251B6D5437DB096F231021CE94D055FF4BCBF,HOST_CAN_0113,PASS,O=C(O)C(C(=O)O)c1ccccc1,C222F47227AA49085DE9BEABCF86D2CC30B938D60B89D8109753067B98D02E05,GUEST_CAN_0856,PASS,AttentiveFP,0,double_cold,9,2.099931001663208
624,95,257,COC[C@H]1O[C@@H]2O[C@H]3[CH][CH][C@H](O[CH]3)O[C@H]3[C@H](OC)[C@@H](OC)[C@H](O[C@@H]3COC)O[C@H]3[C@H](OC)[C@@H](OC)[C@H](O[C@@H]3COC)O[C@H]3[C@H](OC)[C@@H](OC)[C@H](O[C@@H]3COC)O[C@H]3[C@H](OC)[C@@H](OC)[C@H](O[C@@H]3COC)O[C@H]1[C@H](OC)[C@H]2OC,[B-]C#N.[Na+],cyclodextrin,1.9991999864578247,COC[C@H]1O[C@@H]2O[C@H]3[C@H](OC)[C@@H](OC)[C@@H](O[C@H]4[C@H](OC)[C@@H](OC)[C@@H](O[C@H]5[C@H](OC)[C@@H](OC)[C@@H](O[C@H]6[C@H](OC)[C@@H](OC)[C@@H](O[C@H]7[CH][CH][C@H](O[CH]7)O[C@H]1[C@H](OC)[C@H]2OC)O[C@@H]6COC)O[C@@H]5COC)O[C@@H]4COC)O[C@@H]3COC,BA1F8E9DE02B15AC84054A5C62EC8B5DF0CD7AD851D8A1EF33FE4C916623E590,HOST_CAN_0064,PASS,[B-]C#N.[Na+],6E772614713BBC86FC89ED5E24C8307A59F018048CC86C967F9B9862D42B8DE7,GUEST_CAN_1011,PASS,AttentiveFP,0,double_cold,9,1.153892993927002
645,123,464,[Na]OS(=O)(=O)c1ccc(cc1)N=Nc1cc2Cc3cc(N=Nc4ccc(cc4)S(=O)(=O)O[Na])cc(c3O)Cc3cc(cc(Cc4c(c(Cc(c1)c2O)cc(/N=N/c1ccc(cc1)S(=O)(=O)O[Na])c4)O)c3O)/N=N/c1ccc(cc1)S(=O)(=O)O[Na],CCCN1c2ccccc2C(/C/1=C/C=C/1\CCCC(=C1Cl)/C=C/C1=[N+](CCC)c2c(C1(C)C)cccc2)(C)C.[I-],calixarene,6.322199821472168,O=S(=O)([O][Na])c1ccc(N=Nc2cc3c(O)c(c2)Cc2cc(/N=N/c4ccc(S(=O)(=O)[O][Na])cc4)cc(c2O)Cc2cc(/N=N/c4ccc(S(=O)(=O)[O][Na])cc4)cc(c2O)Cc2cc(N=Nc4ccc(S(=O)(=O)[O][Na])cc4)cc(c2O)C3)cc1,544EE97E01F97F0432023165405A220034C2FC0C5A49A4E738969204EB66D3D4,HOST_CAN_0170,PASS,CCCN1/C(=C\C=C2/CCCC(/C=C/C3=[N+](CCC)c4ccccc4C3(C)C)=C2Cl)C(C)(C)c2ccccc21.[I-],C6134AC374607D29755300A057745976433909E073A85C043D920EB96147F247,GUEST_CAN_0331,PASS,AttentiveFP,0,double_cold,9,4.895934581756592
666,69,473,NCCN1C=C(N=N1)COC(C=C2)=C(CNCC3=C(OCC(N=N4)=CN4CCN)C=CC5=C3C=C6)C7=C2C8=C(C=C7)OC9CC8C%10=C(O9)C=CC%11=C%10C=CC(OCC(N=N%12)=CN%12CCN)=C%11CNCC%13=C(OCC(N=N%14)=CN%14CCN)C=CC%15=C%13C=CC(O%16)=C%15C%17C5=C6OC%16C%17,O=C(Cc1ccccc1)N[C@H]1C(=O)N2[C@H]1SC([C@H]2C(=O)[O-])(C)C.[Na+],other,4.12060022354126,NCCn1cc(COc2ccc3c4c5ccc3c2CNCc2c(OCc3cn(CCN)nn3)ccc3c6c(ccc23)OC2CC6c3c(ccc6c(c(OCc7cn(CCN)nn7)ccc36)CNCc3c(OCc6cn(CCN)nn6)ccc6c7c(ccc36)OC(CC47)O5)O2)nn1,E69AC36986BDADC1E5A61FE9021251B6D5437DB096F231021CE94D055FF4BCBF,HOST_CAN_0113,PASS,CC1(C)S[C@H]2[C@@H](NC(=O)Cc3ccccc3)C(=O)N2[C@@H]1C(=O)[O-].[Na+],95280732D171EA0125107DBD13A3770B46FD40C4C47303A961FE1BBA455EA980,GUEST_CAN_0211,PASS,AttentiveFP,0,double_cold,9,3.657271385192871
701,38,328,C1C2C3=CC=CC=C3C4=C5C6CC7=CC=CC=C7C8=CC(=CC(=C8)C9=CC=CC=C9CC3C7=CC=CC=C7C(=C24)C3=C5C2=CC=CC=C62)C2=CC=CC=C21,C[N+](C)(C)C12CC3CC(C1)CC(C3)C2,cyclophane,4.968500137329102,c1ccc2c(c1)CC1c3ccccc3-c3c1c1c4c5c3C(Cc3ccccc3-c3cc-2cc(c3)-c2ccccc2CC4c2ccccc2-1)c1ccccc1-5,7D60610AC6275537B6952E12359C97C789A38E2FA1295732E16AF89573CE95C4,HOST_CAN_0186,PASS,C[N+](C)(C)C12CC3CC(CC(C3)C1)C2,592B1274AF36843687A4C28CB14599E0E7295207B2962D4756B9C9C885C8456D,GUEST_CAN_0558,PASS,AttentiveFP,0,double_cold,9,5.986095905303955
719,13,504,O=C1N2CN3C(=O)N4C5C3N3CN6C2C2N1CN1C(=O)N7[C@H]8[C@@H]1N(CN2C6=O)C(=O)N8CN1C2(N(C7)C(=O)N6[C@@H]2N(C1=O)CN1[C@H]2N(C6)C(=O)N6[C@H]2N(C1=O)CN1C(=O)N2CN7C8C(N(C4)C(=O)N8CN4C2C1N(C4=O)C6)N(CN5C3=O)C7=O)O,n1ccc(cc1)c1ccncc1.Cl.Cl,cucurbituril,6.322199821472168,O=C1N2CN3C(=O)N4CN5C(=O)N6CN7C(=O)N8CN9C(=O)N%10CN%11C(=O)N%12CN%13C(=O)N%14CN1C1C2N2CN%15C(=O)N(CN%16C(=O)N(CN%17C(=O)N(CN%18C(=O)N(CN%19C(=O)N(CN%20C(=O)N(CN1C2=O)C%14C%13%20)[C@H]%12[C@@H]%19%11)C%10(O)[C@@H]%189)[C@@H]8[C@@H]7%17)C6C5%16)C4C3%15,834B504E9B204C59F3298F5D5A67B7E1A7ED973D91F3A1C9659C2402EB422334,HOST_CAN_0147,PASS,Cl.Cl.c1cc(-c2ccncc2)ccn1,FBA35AB7E0DEF4BD93A3A2177A54D4D616C65E044B2A3D219EB964CC0B7DDE98,GUEST_CAN_0682,PASS,AttentiveFP,0,double_cold,9,4.909382343292236
723,15,506,C1=C2C=C3C=C1OC4=CC(=CC(=C4)C(=O)O)OC5=CC6=CC(=C5)C7OC8=CC9=C1C=C8C(C4=C(O7)C=C5C(=C4)C(C4=CC7=C(C=C4OC2O5)OC2C4=CC(=CC(=C4)OC4=CC(=CC(=C4)C(=O)O)OC4=CC(=CC(=C4)OC4=CC(=CC(=C4)O6)C(=O)O)C(O9)OC4=C(C1CCC(=O)O)C=C(C7CCC(=O)O)C(=C4)O2)OC1=CC(=CC(=C1)O3)C(=O)O)CCC(=O)O)CCC(=O)O,C(CCCCCCCCC)(=O)O,cavitand,5.511899948120117,O=C(O)CCC1c2cc3c4cc2OC2Oc5cc6c(cc51)C(CCC(=O)O)c1cc5c7cc1OC(O6)c1cc6cc(c1)Oc1cc(cc(C(=O)O)c1)Oc1cc8cc(c1)C(Oc1cc(c(cc1C5CCC(=O)O)C3CCC(=O)O)OC(O4)c1cc(cc(c1)Oc1cc(cc(C(=O)O)c1)O8)Oc1cc(cc(C(=O)O)c1)Oc1cc(cc2c1)Oc1cc(cc(C(=O)O)c1)O6)O7,AE6E8A9B8E3ECDE32B65BE9B8736ECC23E2311A112E2CA1B78F35ECF9046A382,HOST_CAN_0117,PASS,CCCCCCCCCC(=O)O,DE76B806FE9E7D2DEE5CEE3C7D2175EC9010DB89A29E45D0CA10F9CAA6311CB6,GUEST_CAN_0281,PASS,AttentiveFP,0,double_cold,9,4.135479927062988
730,6,328,OC(=O)CCC1c2cc3c4cc2O[C@@H]2Oc5c1cc1c(c5)O[C@@H]5Oc6c([C@@H]1CCC(=O)O)cc1[C@H](c7cc(C3CCC(=O)O)c3O[C@H](O4)c4cc8Oc9cc(Oc%10cc2cc(c%10C(=O)O)Oc2cccc(c2)Oc2cc5cc(c2C(=O)O)Oc2cccc(c2)Oc2cc([C@@H](Oc7c3)Oc1c6)cc(Oc1cc(Oc(c4)c8C(=O)O)ccc1)c2C(=O)O)ccc9)CCC(=O)O,C[N+](C)(C)C12CC3CC(C1)CC(C3)C2,other,5.620100021362305,O=C(O)CCC1c2cc3c4cc2O[C@H]2Oc5cc6c(cc51)[C@H](CCC(=O)O)c1cc5c7cc1O[C@H](O6)c1cc6c(C(=O)O)c(c1)Oc1cccc(c1)Oc1cc8cc(c1C(=O)O)Oc1cccc(c1)Oc1cc(cc(c1C(=O)O)Oc1cccc(c1)Oc1cc2cc(c1C(=O)O)Oc1cccc(c1)O6)[C@H](O4)Oc1cc(c(cc1C3CCC(=O)O)[C@H]5CCC(=O)O)O[C@@H]8O7,9910B6C324867B78C538BC824892433086D3864FCBD7A2F3E051B7730A9D9689,HOST_CAN_0118,PASS,C[N+](C)(C)C12CC3CC(CC(C3)C1)C2,592B1274AF36843687A4C28CB14599E0E7295207B2962D4756B9C9C885C8456D,GUEST_CAN_0558,PASS,AttentiveFP,0,double_cold,9,4.259442329406738
735,130,512,[NH2+](Cc1ccccc1)Cc1ccccc1.CCCc1c2cc3OCCOCCOCCOc4nc5ccccc5nc4OCCOCCOCCOc3cc2c(c2c1cc1OCCOCCOCCOc3nc4ccccc4nc3OCCOCCOCCOc1c2)CCC,C1=CC=C(C=C1)C[NH2+]CC2=CC=CC=C2,other,2.161400079727173,CCCc1c2cc3c(cc2c(CCC)c2cc4c(cc12)OCCOCCOCCOc1nc2ccccc2nc1OCCOCCOCCO4)OCCOCCOCCOc1nc2ccccc2nc1OCCOCCOCCO3.c1ccc(C[NH2+]Cc2ccccc2)cc1,A09F0AC2B818631EA5E91BEAB0FDC347F71EB873028CABE5119C78F5F61440AE,HOST_CAN_0039,PASS,c1ccc(C[NH2+]Cc2ccccc2)cc1,32DCEEB352F6FDEAF45A2BF57CC92E21E7AE7DE1B3F976CDFAE56CA7157A2785,GUEST_CAN_1133,PASS,AttentiveFP,0,double_cold,9,2.8424723148345947
783,38,449,C1C2C3=CC=CC=C3C4=C5C6CC7=CC=CC=C7C8=CC(=CC(=C8)C9=CC=CC=C9CC3C7=CC=CC=C7C(=C24)C3=C5C2=CC=CC=C62)C2=CC=CC=C21,CC[N+](CC)(CC)CC.[I-],cyclophane,4.748199939727783,c1ccc2c(c1)CC1c3ccccc3-c3c1c1c4c5c3C(Cc3ccccc3-c3cc-2cc(c3)-c2ccccc2CC4c2ccccc2-1)c1ccccc1-5,7D60610AC6275537B6952E12359C97C789A38E2FA1295732E16AF89573CE95C4,HOST_CAN_0186,PASS,CC[N+](CC)(CC)CC.[I-],439726C7FE1A89F55ABD4835F401966187407593946A2A10145FD576A8887D74,GUEST_CAN_0375,PASS,AttentiveFP,0,double_cold,9,3.967212677001953
845,133,57,OC1=C(CC2=CC(S(=O)([O-])=O)=CC(CC3=CC(S(=O)([O-])=O)=CC(CC4=CC(S(=O)([O-])=O)=CC(CC5=CC(S(=O)([O-])=O)=CC6=C5OCC(O)=O)=C4O)=C3O)=C2O)C=C(S(=O)([O-])=O)C=C1CC7=C(O)C(CC8=C(O)C(CC9=C(O)C(C6)=CC(S(=O)([O-])=O)=C9)=CC(S(=O)([O-])=O)=C8)=CC(S(=O)([O-])=O)=C7,OC(=O)C1CCCN1,calixarene,1.6990000009536743,O=C(O)COc1c2cc(S(=O)(=O)[O-])cc1Cc1cc(S(=O)(=O)[O-])cc(c1O)Cc1cc(S(=O)(=O)[O-])cc(c1O)Cc1cc(S(=O)(=O)[O-])cc(c1O)Cc1cc(S(=O)(=O)[O-])cc(c1O)Cc1cc(S(=O)(=O)[O-])cc(c1O)Cc1cc(S(=O)(=O)[O-])cc(c1O)Cc1cc(S(=O)(=O)[O-])cc(c1O)C2,035C2443DCD42EB5D85B11E9A688FB2E331A4D0CA7EB7848E0D32F221FD3DC33,HOST_CAN_0130,PASS,O=C(O)C1CCCN1,089AB51F23001BB951B8422598AD8ED1DBAD90EB1049857FB2A03F150DA120BA,GUEST_CAN_0869,PASS,AttentiveFP,0,double_cold,9,2.1210787296295166
865,15,584,C1=C2C=C3C=C1OC4=CC(=CC(=C4)C(=O)O)OC5=CC6=CC(=C5)C7OC8=CC9=C1C=C8C(C4=C(O7)C=C5C(=C4)C(C4=CC7=C(C=C4OC2O5)OC2C4=CC(=CC(=C4)OC4=CC(=CC(=C4)C(=O)O)OC4=CC(=CC(=C4)OC4=CC(=CC(=C4)O6)C(=O)O)C(O9)OC4=C(C1CCC(=O)O)C=C(C7CCC(=O)O)C(=C4)O2)OC1=CC(=CC(=C1)O3)C(=O)O)CCC(=O)O)CCC(=O)O,ClC=1C=C(C(=O)O)C=CC1,cavitand,3.8482000827789307,O=C(O)CCC1c2cc3c4cc2OC2Oc5cc6c(cc51)C(CCC(=O)O)c1cc5c7cc1OC(O6)c1cc6cc(c1)Oc1cc(cc(C(=O)O)c1)Oc1cc8cc(c1)C(Oc1cc(c(cc1C5CCC(=O)O)C3CCC(=O)O)OC(O4)c1cc(cc(c1)Oc1cc(cc(C(=O)O)c1)O8)Oc1cc(cc(C(=O)O)c1)Oc1cc(cc2c1)Oc1cc(cc(C(=O)O)c1)O6)O7,AE6E8A9B8E3ECDE32B65BE9B8736ECC23E2311A112E2CA1B78F35ECF9046A382,HOST_CAN_0117,PASS,O=C(O)c1cccc(Cl)c1,2974EA48A6FE07FF3065D16AE4AD99421FE3A985794D8A478EF53689988BAF7E,GUEST_CAN_0888,PASS,AttentiveFP,0,double_cold,9,4.018556118011475
873,67,589,COCCOCCOCCN1C2C(N(C1=O)CCOCCOCCOC)N1C(=O)N2CN2C(=O)N(C3C2N(CCOCCOCCOC)C(=O)N3CCOCCOCCOC)CN2C(=O)N(C3C2N(CCOCCOCCOC)C(=O)N3CCOCCOCCOC)CN2C(=O)N(CN3C(=O)N(CN4C(=O)N(C1)C1C4N(C(=O)N1CCOCCOCCOC)CCOCCOCCOC)C1C3N(C(=O)N1CCOCCOCCOC)CCOCCOCCOC)C1C2N(CCOCCOCCOC)C(=O)N1CCOCCOCCOC,[Br-].[Cs+],other,5.117300033569336,COCCOCCOCCN1C(=O)N(CCOCCOCCOC)C2C1N1CN3C(=O)N(CN4C(=O)N(CN5C(=O)N(CN6C(=O)N(CN7C(=O)N(CN2C1=O)C1C7N(CCOCCOCCOC)C(=O)N1CCOCCOCCOC)C1C6N(CCOCCOCCOC)C(=O)N1CCOCCOCCOC)C1C5N(CCOCCOCCOC)C(=O)N1CCOCCOCCOC)C1C4N(CCOCCOCCOC)C(=O)N1CCOCCOCCOC)C1C3N(CCOCCOCCOC)C(=O)N1CCOCCOCCOC,62192EF92C15D4B199D2DAB70679D4FE4B9DB65514F9B760A1D77C13905222B6,HOST_CAN_0056,PASS,[Br-].[Cs+],91A6471A54FC4889180DDC26F2948B4D5D02F6F35F4671ACB1705ADBB1001165,GUEST_CAN_1016,PASS,AttentiveFP,0,double_cold,9,3.866889238357544
884,25,376,CCCOc1c2Cc3cc(cc(c3OCCC)Cc3cc(cc(Cc4c(c(Cc1cc(c2)P(=O)(O)O)cc(c4)P(=O)(O)O)OCCC)c3OCCC)P(=O)(O)O)P(=O)(O)O,C(CO)N.Cl,calixarene,1.0413999557495117,CCCOc1c2cc(P(=O)(O)O)cc1Cc1cc(P(=O)(O)O)cc(c1OCCC)Cc1cc(P(=O)(O)O)cc(c1OCCC)Cc1cc(P(=O)(O)O)cc(c1OCCC)C2,C043E79A34829EDDBE86C6FC09E756E7D0FDCE1A2BB383803C5CAA52B9480850,HOST_CAN_0037,PASS,Cl.NCCO,B8BFC7F3AB287F02D64B1AF5D74B52A154A02E551CB075B8B8621A2F056ECCD2,GUEST_CAN_0689,PASS,AttentiveFP,0,double_cold,9,2.866637706756592
913,30,77,C1C2=CC(=CC(=C2O)CC3=CC(=CC(=C3O)CC4=CC(=CC(=C4O)CC5=C(C(=CC(=C5)S(=O)(=O)[O-])CC6=C(C(=CC(=C6)S(=O)(=O)[O-])CC7=C(C1=CC(=C7)S(=O)(=O)[O-])O)O)O)S(=O)(=O)[O-])S(=O)(=O)[O-])S(=O)(=O)[O-],C(CCN)CC(C(=O)NC(CCCCN)C(=O)O)N,calixarene,3.3617000579833984,O=S(=O)([O-])c1cc2c(O)c(c1)Cc1cc(S(=O)(=O)[O-])cc(c1O)Cc1cc(S(=O)(=O)[O-])cc(c1O)Cc1cc(S(=O)(=O)[O-])cc(c1O)Cc1cc(S(=O)(=O)[O-])cc(c1O)Cc1cc(S(=O)(=O)[O-])cc(c1O)C2,175E9D01D3A7DD7BE73E9B8659E8BAA0A16B2D5C4CCEFE3BEFED10121429BF10,HOST_CAN_0164,PASS,NCCCCC(N)C(=O)NC(CCCCN)C(=O)O,5C7BC58C90DD642A232916F464595403796C7B2B0D5EDD8335D8947598187999,GUEST_CAN_0783,PASS,AttentiveFP,0,double_cold,9,3.642948627471924
931,69,621,NCCN1C=C(N=N1)COC(C=C2)=C(CNCC3=C(OCC(N=N4)=CN4CCN)C=CC5=C3C=C6)C7=C2C8=C(C=C7)OC9CC8C%10=C(O9)C=CC%11=C%10C=CC(OCC(N=N%12)=CN%12CCN)=C%11CNCC%13=C(OCC(N=N%14)=CN%14CCN)C=CC%15=C%13C=CC(O%16)=C%15C%17C5=C6OC%16C%17,CC1(C(N2C(S1)C(C2=O)NC(=O)C(C3=CC=CC=C3)N)C(=O)O)C,other,2.9781999588012695,NCCn1cc(COc2ccc3c4c5ccc3c2CNCc2c(OCc3cn(CCN)nn3)ccc3c6c(ccc23)OC2CC6c3c(ccc6c(c(OCc7cn(CCN)nn7)ccc36)CNCc3c(OCc6cn(CCN)nn6)ccc6c7c(ccc36)OC(CC47)O5)O2)nn1,E69AC36986BDADC1E5A61FE9021251B6D5437DB096F231021CE94D055FF4BCBF,HOST_CAN_0113,PASS,CC1(C)SC2C(NC(=O)C(N)c3ccccc3)C(=O)N2C1C(=O)O,DC0FE5259B2B79CDE53EF012AE17B2640C88D0347C20DE28018192C1511F5517,GUEST_CAN_0209,PASS,AttentiveFP,0,double_cold,9,4.136072158813477
939,30,57,C1C2=CC(=CC(=C2O)CC3=CC(=CC(=C3O)CC4=CC(=CC(=C4O)CC5=C(C(=CC(=C5)S(=O)(=O)[O-])CC6=C(C(=CC(=C6)S(=O)(=O)[O-])CC7=C(C1=CC(=C7)S(=O)(=O)[O-])O)O)O)S(=O)(=O)[O-])S(=O)(=O)[O-])S(=O)(=O)[O-],OC(=O)C1CCCN1,calixarene,2.2304000854492188,O=S(=O)([O-])c1cc2c(O)c(c1)Cc1cc(S(=O)(=O)[O-])cc(c1O)Cc1cc(S(=O)(=O)[O-])cc(c1O)Cc1cc(S(=O)(=O)[O-])cc(c1O)Cc1cc(S(=O)(=O)[O-])cc(c1O)Cc1cc(S(=O)(=O)[O-])cc(c1O)C2,175E9D01D3A7DD7BE73E9B8659E8BAA0A16B2D5C4CCEFE3BEFED10121429BF10,HOST_CAN_0164,PASS,O=C(O)C1CCCN1,089AB51F23001BB951B8422598AD8ED1DBAD90EB1049857FB2A03F150DA120BA,GUEST_CAN_0869,PASS,AttentiveFP,0,double_cold,9,2.128312110900879
942,23,139,OC[C@H]1O[C@@H]2O[C@@H]3[C@@H](CO)O[C@H](O[C@@H]4[C@@H](CO)O[C@H](O[C@@H]5[C@@H](CO)O[C@H](O[C@@H]6[C@@H](CO)O[C@H](O[C@@H]7[C@@H](CO)O[C@H](O[C@H]1[C@H](O)[C@H]2O)[C@H](O)[C@H]7O)[C@H](O)[C@H]6O)[C@H](O)[C@H]5O)[C@H](O)[C@H]4O)[C@H](O)[C@H]3O,[O-][Re](=O)(=O)=O.[Na+],cyclodextrin,1.7518999576568604,OC[C@H]1O[C@@H]2O[C@H]3[C@H](O)[C@@H](O)[C@@H](O[C@H]4[C@H](O)[C@@H](O)[C@@H](O[C@H]5[C@H](O)[C@@H](O)[C@@H](O[C@H]6[C@H](O)[C@@H](O)[C@@H](O[C@H]7[C@H](O)[C@@H](O)[C@@H](O[C@H]1[C@H](O)[C@H]2O)O[C@@H]7CO)O[C@@H]6CO)O[C@@H]5CO)O[C@@H]4CO)O[C@@H]3CO,9CB41F926A4386D7C0E23599753E6EDC60802BE1DCF577DB9B32CBB20691DB1D,HOST_CAN_0175,PASS,[Na+].[O]=[Re](=[O])(=[O])[O-],AF42F34AEEF70F9C56B1206AC16DC33D9D7E4B4A26CD3297530031FB0691E687,GUEST_CAN_1102,PASS,AttentiveFP,0,double_cold,9,1.7618670463562012
972,69,639,NCCN1C=C(N=N1)COC(C=C2)=C(CNCC3=C(OCC(N=N4)=CN4CCN)C=CC5=C3C=C6)C7=C2C8=C(C=C7)OC9CC8C%10=C(O9)C=CC%11=C%10C=CC(OCC(N=N%12)=CN%12CCN)=C%11CNCC%13=C(OCC(N=N%14)=CN%14CCN)C=CC%15=C%13C=CC(O%16)=C%15C%17C5=C6OC%16C%17,O=C(C(=O)O)CC1=CC=CC=C1,other,4.100399971008301,NCCn1cc(COc2ccc3c4c5ccc3c2CNCc2c(OCc3cn(CCN)nn3)ccc3c6c(ccc23)OC2CC6c3c(ccc6c(c(OCc7cn(CCN)nn7)ccc36)CNCc3c(OCc6cn(CCN)nn6)ccc6c7c(ccc36)OC(CC47)O5)O2)nn1,E69AC36986BDADC1E5A61FE9021251B6D5437DB096F231021CE94D055FF4BCBF,HOST_CAN_0113,PASS,O=C(O)C(=O)Cc1ccccc1,8E3E15981967EDD904A4C59059DCEF9E927444D34CA2823443CAAD02D98A0057,GUEST_CAN_0854,PASS,AttentiveFP,0,double_cold,9,2.2580366134643555
996,27,653,C[N+](CCCC1c2cc3c4cc2OCOc2c1cc1c(c2)OCOc2c(C1CCC[N+](C)(C)C)cc1C(c5cc(C3CCC[N+](C)(C)C)c(OCO4)cc5OCOc1c2)CCC[N+](C)(C)C)(C)C.[Cl-].[Cl-].[Cl-].[Cl-],CCCBr,cavitand,1.4914000034332275,C[N+](C)(C)CCCC1c2cc3c4cc2OCOc2cc5c(cc21)C(CCC[N+](C)(C)C)c1cc2c(cc1OCO5)OCOc1cc(c(cc1C2CCC[N+](C)(C)C)C3CCC[N+](C)(C)C)OCO4.[Cl-].[Cl-].[Cl-].[Cl-],BE088984763C14FD65B8A34D618A60117E825B49BF929FD4529F9E4120B2F425,HOST_CAN_0095,PASS,CCCBr,3CE6173F5159AA3D2D8ECA9A1133632A21AC581A09C8CFF0CC204C51B66AEA49,GUEST_CAN_0265,PASS,AttentiveFP,0,double_cold,9,3.0574793815612793
1024,23,666,OC[C@H]1O[C@@H]2O[C@@H]3[C@@H](CO)O[C@H](O[C@@H]4[C@@H](CO)O[C@H](O[C@@H]5[C@@H](CO)O[C@H](O[C@@H]6[C@@H](CO)O[C@H](O[C@@H]7[C@@H](CO)O[C@H](O[C@H]1[C@H](O)[C@H]2O)[C@H](O)[C@H]7O)[C@H](O)[C@H]6O)[C@H](O)[C@H]5O)[C@H](O)[C@H]4O)[C@H](O)[C@H]3O,CCOCCCN,cyclodextrin,0.9031000137329102,OC[C@H]1O[C@@H]2O[C@H]3[C@H](O)[C@@H](O)[C@@H](O[C@H]4[C@H](O)[C@@H](O)[C@@H](O[C@H]5[C@H](O)[C@@H](O)[C@@H](O[C@H]6[C@H](O)[C@@H](O)[C@@H](O[C@H]7[C@H](O)[C@@H](O)[C@@H](O[C@H]1[C@H](O)[C@H]2O)O[C@@H]7CO)O[C@@H]6CO)O[C@@H]5CO)O[C@@H]4CO)O[C@@H]3CO,9CB41F926A4386D7C0E23599753E6EDC60802BE1DCF577DB9B32CBB20691DB1D,HOST_CAN_0175,PASS,CCOCCCN,27E23373C0D67AA28785544806A0B4BD22858D52FACF2B2A380476EADB9D0677,GUEST_CAN_0366,PASS,AttentiveFP,0,double_cold,9,2.4865469932556152
1057,152,679,C1COCCOC2=NC3=CC=CC=C3N=C2OCCOCCOCCOC4=CC=CC=C4OCCO1,[NH2+](Cc1ccccc1)Cc1ccc(cc1)Oc1cc(cc(c1)Oc1ccc(cc1)C[NH2+]Cc1ccccc1)Oc1ccc(cc1)C[NH2+]Cc1ccccc1.C1COCCOc2ccccc2OCCOCCOCCOc2c(OCCO1)nc1ccccc1n2.C1COCCOc2ccccc2OCCOCCOCCOc2c(OCCO1)nc1ccccc1n2.F[P-](F)(F)(F)(F)F.F[P-](F)(F)(F)(F)F.F[P-](F)(F)(F)(F)F,other,2.5315001010894775,c1ccc2c(c1)OCCOCCOCCOc1nc3ccccc3nc1OCCOCCOCCO2,11E567E73A50D02BD46891CF13338BDDF57C27745B8926A9E8B83F56E359EA3E,HOST_CAN_0187,PASS,F[P-](F)(F)(F)(F)F.F[P-](F)(F)(F)(F)F.F[P-](F)(F)(F)(F)F.c1ccc(C[NH2+]Cc2ccc(Oc3cc(Oc4ccc(C[NH2+]Cc5ccccc5)cc4)cc(Oc4ccc(C[NH2+]Cc5ccccc5)cc4)c3)cc2)cc1.c1ccc2c(c1)OCCOCCOCCOc1nc3ccccc3nc1OCCOCCOCCO2.c1ccc2c(c1)OCCOCCOCCOc1nc3ccccc3nc1OCCOCCOCCO2,F409D3510BBE016AB66C73E809D0F23E76230F27BB8B08B0F8C76D2013B1D200,GUEST_CAN_0708,PASS,AttentiveFP,0,double_cold,9,6.392833709716797
1080,134,532,O[C@@H]1[C@H](OC([C@@H]2O)O[C@H](CO)[C@@H](O)[C@H]2O)[C@@H](CO)O[C@@H](OC[C@@H]3O[C@@H]4[C@@H](O)[C@H](O)[C@H]3O[C@H]5[C@@H](O)[C@H](O)[C@@H](O[C@H]6[C@@H](O)[C@H](O)[C@@H](O[C@H]7[C@@H](O)[C@H](O)[C@@H](O[C@@H]8[C@H](O)[C@@H](O)[C@H](O[C@@H]9[C@H](O)[C@@H](O)[C@H](O[C@@H]%10[C@H](O)[C@@H](O)[C@H](O4)[C@@H](CO)O%10)[C@@H](CO)O9)[C@@H](CO)O8)[C@H](CO)O7)[C@H](CO)O6)[C@H](CO)O5)[C@@H]1O,CC1=CC=C(C=C1)NC2=CC3=C(C=C2)C=C(C=C3)S(=O)(=O)[O-].[Na+],cyclodextrin,3.381999969482422,OC[C@@H]1O[C@H]2O[C@@H]3[C@@H](O)[C@H](O)[C@H](O[C@H]4[C@H](O)[C@@H](O)[C@@H](O[C@H]5[C@H](O)[C@@H](O)[C@@H](O[C@H]6[C@H](O)[C@@H](O)[C@@H](O[C@@H]7[C@@H](O)[C@H](O)[C@H](O[C@@H]8[C@@H](O)[C@H](O)[C@H](O[C@@H]1[C@@H](O)[C@@H]2O)O[C@H]8CO)O[C@H]7CO)O[C@@H]6CO)O[C@@H]5CO)O[C@@H]4CO)O[C@H]3CO[C@@H]1O[C@H](CO)[C@@H](OC2O[C@H](CO)[C@@H](O)[C@@H](O)[C@H]2O)[C@@H](O)[C@H]1O,39E11931115A3C0980D148DAD371A06588B1E63ABA9B57E1CE9DA06DF4204CE0,HOST_CAN_0174,PASS,Cc1ccc(Nc2ccc3cc(S(=O)(=O)[O-])ccc3c2)cc1.[Na+],1BC59EC31198E9880137AFAA6A584A1B8605E06881B738CB1BFFC54AF27E7C05,GUEST_CAN_0662,PASS,AttentiveFP,0,double_cold,9,2.5005650520324707
1086,69,621,NCCN1C=C(N=N1)COC(C=C2)=C(CNCC3=C(OCC(N=N4)=CN4CCN)C=CC5=C3C=C6)C7=C2C8=C(C=C7)OC9CC8C%10=C(O9)C=CC%11=C%10C=CC(OCC(N=N%12)=CN%12CCN)=C%11CNCC%13=C(OCC(N=N%14)=CN%14CCN)C=CC%15=C%13C=CC(O%16)=C%15C%17C5=C6OC%16C%17,CC1(C(N2C(S1)C(C2=O)NC(=O)C(C3=CC=CC=C3)N)C(=O)O)C,other,2.490000009536743,NCCn1cc(COc2ccc3c4c5ccc3c2CNCc2c(OCc3cn(CCN)nn3)ccc3c6c(ccc23)OC2CC6c3c(ccc6c(c(OCc7cn(CCN)nn7)ccc36)CNCc3c(OCc6cn(CCN)nn6)ccc6c7c(ccc36)OC(CC47)O5)O2)nn1,E69AC36986BDADC1E5A61FE9021251B6D5437DB096F231021CE94D055FF4BCBF,HOST_CAN_0113,PASS,CC1(C)SC2C(NC(=O)C(N)c3ccccc3)C(=O)N2C1C(=O)O,DC0FE5259B2B79CDE53EF012AE17B2640C88D0347C20DE28018192C1511F5517,GUEST_CAN_0209,PASS,AttentiveFP,0,double_cold,9,4.136072158813477
1112,23,477,OC[C@H]1O[C@@H]2O[C@@H]3[C@@H](CO)O[C@H](O[C@@H]4[C@@H](CO)O[C@H](O[C@@H]5[C@@H](CO)O[C@H](O[C@@H]6[C@@H](CO)O[C@H](O[C@@H]7[C@@H](CO)O[C@H](O[C@H]1[C@H](O)[C@H]2O)[C@H](O)[C@H]7O)[C@H](O)[C@H]6O)[C@H](O)[C@H]5O)[C@H](O)[C@H]4O)[C@H](O)[C@H]3O,C1=CC=C(C=C1)CC(C(=O)O)N,cyclodextrin,2.409899950027466,OC[C@H]1O[C@@H]2O[C@H]3[C@H](O)[C@@H](O)[C@@H](O[C@H]4[C@H](O)[C@@H](O)[C@@H](O[C@H]5[C@H](O)[C@@H](O)[C@@H](O[C@H]6[C@H](O)[C@@H](O)[C@@H](O[C@H]7[C@H](O)[C@@H](O)[C@@H](O[C@H]1[C@H](O)[C@H]2O)O[C@@H]7CO)O[C@@H]6CO)O[C@@H]5CO)O[C@@H]4CO)O[C@@H]3CO,9CB41F926A4386D7C0E23599753E6EDC60802BE1DCF577DB9B32CBB20691DB1D,HOST_CAN_0175,PASS,NC(Cc1ccccc1)C(=O)O,4B6B1236F1C31D28D9F95F736FF46B2960AFF4F6FCE3D9E76CF43DE2ADDE8B08,GUEST_CAN_0746,PASS,AttentiveFP,0,double_cold,9,2.4340949058532715
1119,38,705,C1C2C3=CC=CC=C3C4=C5C6CC7=CC=CC=C7C8=CC(=CC(=C8)C9=CC=CC=C9CC3C7=CC=CC=C7C(=C24)C3=C5C2=CC=CC=C62)C2=CC=CC=C21,CC(=O)OC1C=CC2C3CC4=C5C2(C1OC5=C(C=C4)OC(=O)C)CCN3C,cyclophane,4.287799835205078,c1ccc2c(c1)CC1c3ccccc3-c3c1c1c4c5c3C(Cc3ccccc3-c3cc-2cc(c3)-c2ccccc2CC4c2ccccc2-1)c1ccccc1-5,7D60610AC6275537B6952E12359C97C789A38E2FA1295732E16AF89573CE95C4,HOST_CAN_0186,PASS,CC(=O)Oc1ccc2c3c1OC1C(OC(C)=O)C=CC4C(C2)N(C)CCC341,57EA3B3D37E61854DAEC624A850073A95868BF403682E66023522AE3F3940119,GUEST_CAN_0103,PASS,AttentiveFP,0,double_cold,9,5.14470911026001
1136,28,131,O=C1N2[C@@]3([H])[C@@]4([H])N1CC5=CC=CC=C5CN4C(N3CN(C(N6CN(C(N7CN(C(N8CC(C=CC=C9)=C9C%10)=O)[C@]([C@]8([H])N%10C%11=O)([H])N%11C%12)=O)[C@]([C@]7([H])N%12C%13=O)([H])N%13C%14)=O)[C@]([C@]6([H])N%14C%15=O)([H])N%15C2)=O,[NH3+]CCCCC[NH3+],other,4.785299777984619,O=C1N2Cc3ccccc3CN3C(=O)N4CN5C(=O)N6CN7C(=O)N8CN9C(=O)N%10Cc%11ccccc%11CN%11C(=O)N(CN%12C(=O)N(CN%13C(=O)N(CN1[C@H]4[C@H]32)[C@@H]5[C@H]%136)[C@@H]7[C@H]%128)[C@@H]9[C@H]%11%10,C06DBA8CB1A01AEB8337B71D87CD1B30E9CBAC6D34129CB5457249ED32FE0331,HOST_CAN_0151,PASS,[NH3+]CCCCC[NH3+],66335AEC2CB613CEAD8BC8785304D6F64176DBA93B3B28361722B02D88E5AE58,GUEST_CAN_1086,PASS,AttentiveFP,0,double_cold,9,4.220408916473389
1151,69,473,NCCN1C=C(N=N1)COC(C=C2)=C(CNCC3=C(OCC(N=N4)=CN4CCN)C=CC5=C3C=C6)C7=C2C8=C(C=C7)OC9CC8C%10=C(O9)C=CC%11=C%10C=CC(OCC(N=N%12)=CN%12CCN)=C%11CNCC%13=C(OCC(N=N%14)=CN%14CCN)C=CC%15=C%13C=CC(O%16)=C%15C%17C5=C6OC%16C%17,O=C(Cc1ccccc1)N[C@H]1C(=O)N2[C@H]1SC([C@H]2C(=O)[O-])(C)C.[Na+],other,3.851300001144409,NCCn1cc(COc2ccc3c4c5ccc3c2CNCc2c(OCc3cn(CCN)nn3)ccc3c6c(ccc23)OC2CC6c3c(ccc6c(c(OCc7cn(CCN)nn7)ccc36)CNCc3c(OCc6cn(CCN)nn6)ccc6c7c(ccc36)OC(CC47)O5)O2)nn1,E69AC36986BDADC1E5A61FE9021251B6D5437DB096F231021CE94D055FF4BCBF,HOST_CAN_0113,PASS,CC1(C)S[C@H]2[C@@H](NC(=O)Cc3ccccc3)C(=O)N2[C@@H]1C(=O)[O-].[Na+],95280732D171EA0125107DBD13A3770B46FD40C4C47303A961FE1BBA455EA980,GUEST_CAN_0211,PASS,AttentiveFP,0,double_cold,9,3.657271385192871
1153,69,720,NCCN1C=C(N=N1)COC(C=C2)=C(CNCC3=C(OCC(N=N4)=CN4CCN)C=CC5=C3C=C6)C7=C2C8=C(C=C7)OC9CC8C%10=C(O9)C=CC%11=C%10C=CC(OCC(N=N%12)=CN%12CCN)=C%11CNCC%13=C(OCC(N=N%14)=CN%14CCN)C=CC%15=C%13C=CC(O%16)=C%15C%17C5=C6OC%16C%17,C1(CC=CCC1)C(=O)O,other,2.841399908065796,NCCn1cc(COc2ccc3c4c5ccc3c2CNCc2c(OCc3cn(CCN)nn3)ccc3c6c(ccc23)OC2CC6c3c(ccc6c(c(OCc7cn(CCN)nn7)ccc36)CNCc3c(OCc6cn(CCN)nn6)ccc6c7c(ccc36)OC(CC47)O5)O2)nn1,E69AC36986BDADC1E5A61FE9021251B6D5437DB096F231021CE94D055FF4BCBF,HOST_CAN_0113,PASS,O=C(O)C1CC=CCC1,D956A52F2F67561653EEB6288B689FADD8FBF2B188316676381F62D1EA31A5B3,GUEST_CAN_0865,PASS,AttentiveFP,0,double_cold,9,2.0823967456817627
1170,69,720,NCCN1C=C(N=N1)COC(C=C2)=C(CNCC3=C(OCC(N=N4)=CN4CCN)C=CC5=C3C=C6)C7=C2C8=C(C=C7)OC9CC8C%10=C(O9)C=CC%11=C%10C=CC(OCC(N=N%12)=CN%12CCN)=C%11CNCC%13=C(OCC(N=N%14)=CN%14CCN)C=CC%15=C%13C=CC(O%16)=C%15C%17C5=C6OC%16C%17,C1(CC=CCC1)C(=O)O,other,2.09689998626709,NCCn1cc(COc2ccc3c4c5ccc3c2CNCc2c(OCc3cn(CCN)nn3)ccc3c6c(ccc23)OC2CC6c3c(ccc6c(c(OCc7cn(CCN)nn7)ccc36)CNCc3c(OCc6cn(CCN)nn6)ccc6c7c(ccc36)OC(CC47)O5)O2)nn1,E69AC36986BDADC1E5A61FE9021251B6D5437DB096F231021CE94D055FF4BCBF,HOST_CAN_0113,PASS,O=C(O)C1CC=CCC1,D956A52F2F67561653EEB6288B689FADD8FBF2B188316676381F62D1EA31A5B3,GUEST_CAN_0865,PASS,AttentiveFP,0,double_cold,9,2.0823967456817627
1202,152,512,C1COCCOC2=NC3=CC=CC=C3N=C2OCCOCCOCCOC4=CC=CC=C4OCCO1,C1=CC=C(C=C1)C[NH2+]CC2=CC=CC=C2,other,2.623199939727783,c1ccc2c(c1)OCCOCCOCCOc1nc3ccccc3nc1OCCOCCOCCO2,11E567E73A50D02BD46891CF13338BDDF57C27745B8926A9E8B83F56E359EA3E,HOST_CAN_0187,PASS,c1ccc(C[NH2+]Cc2ccccc2)cc1,32DCEEB352F6FDEAF45A2BF57CC92E21E7AE7DE1B3F976CDFAE56CA7157A2785,GUEST_CAN_1133,PASS,AttentiveFP,0,double_cold,9,2.5198402404785156
1234,23,257,OC[C@H]1O[C@@H]2O[C@@H]3[C@@H](CO)O[C@H](O[C@@H]4[C@@H](CO)O[C@H](O[C@@H]5[C@@H](CO)O[C@H](O[C@@H]6[C@@H](CO)O[C@H](O[C@@H]7[C@@H](CO)O[C@H](O[C@H]1[C@H](O)[C@H]2O)[C@H](O)[C@H]7O)[C@H](O)[C@H]6O)[C@H](O)[C@H]5O)[C@H](O)[C@H]4O)[C@H](O)[C@H]3O,[B-]C#N.[Na+],cyclodextrin,2.0594000816345215,OC[C@H]1O[C@@H]2O[C@H]3[C@H](O)[C@@H](O)[C@@H](O[C@H]4[C@H](O)[C@@H](O)[C@@H](O[C@H]5[C@H](O)[C@@H](O)[C@@H](O[C@H]6[C@H](O)[C@@H](O)[C@@H](O[C@H]7[C@H](O)[C@@H](O)[C@@H](O[C@H]1[C@H](O)[C@H]2O)O[C@@H]7CO)O[C@@H]6CO)O[C@@H]5CO)O[C@@H]4CO)O[C@@H]3CO,9CB41F926A4386D7C0E23599753E6EDC60802BE1DCF577DB9B32CBB20691DB1D,HOST_CAN_0175,PASS,[B-]C#N.[Na+],6E772614713BBC86FC89ED5E24C8307A59F018048CC86C967F9B9862D42B8DE7,GUEST_CAN_1011,PASS,AttentiveFP,0,double_cold,9,2.2225427627563477
1236,69,447,NCCN1C=C(N=N1)COC(C=C2)=C(CNCC3=C(OCC(N=N4)=CN4CCN)C=CC5=C3C=C6)C7=C2C8=C(C=C7)OC9CC8C%10=C(O9)C=CC%11=C%10C=CC(OCC(N=N%12)=CN%12CCN)=C%11CNCC%13=C(OCC(N=N%14)=CN%14CCN)C=CC%15=C%13C=CC(O%16)=C%15C%17C5=C6OC%16C%17,C1=CC=C(C=C1)C(C(=O)O)C(=O)O,other,5.357100009918213,NCCn1cc(COc2ccc3c4c5ccc3c2CNCc2c(OCc3cn(CCN)nn3)ccc3c6c(ccc23)OC2CC6c3c(ccc6c(c(OCc7cn(CCN)nn7)ccc36)CNCc3c(OCc6cn(CCN)nn6)ccc6c7c(ccc36)OC(CC47)O5)O2)nn1,E69AC36986BDADC1E5A61FE9021251B6D5437DB096F231021CE94D055FF4BCBF,HOST_CAN_0113,PASS,O=C(O)C(C(=O)O)c1ccccc1,C222F47227AA49085DE9BEABCF86D2CC30B938D60B89D8109753067B98D02E05,GUEST_CAN_0856,PASS,AttentiveFP,0,double_cold,9,2.099931001663208
1246,30,109,C1C2=CC(=CC(=C2O)CC3=CC(=CC(=C3O)CC4=CC(=CC(=C4O)CC5=C(C(=CC(=C5)S(=O)(=O)[O-])CC6=C(C(=CC(=C6)S(=O)(=O)[O-])CC7=C(C1=CC(=C7)S(=O)(=O)[O-])O)O)O)S(=O)(=O)[O-])S(=O)(=O)[O-])S(=O)(=O)[O-],C(CC(C(=O)O)N)CN=C(N)N,calixarene,2.1201999187469482,O=S(=O)([O-])c1cc2c(O)c(c1)Cc1cc(S(=O)(=O)[O-])cc(c1O)Cc1cc(S(=O)(=O)[O-])cc(c1O)Cc1cc(S(=O)(=O)[O-])cc(c1O)Cc1cc(S(=O)(=O)[O-])cc(c1O)Cc1cc(S(=O)(=O)[O-])cc(c1O)C2,175E9D01D3A7DD7BE73E9B8659E8BAA0A16B2D5C4CCEFE3BEFED10121429BF10,HOST_CAN_0164,PASS,NC(N)=NCCCC(N)C(=O)O,0E8C75093E2FC997DA04592D0B5BF85F1497CF3AA52A61C1DE57D4718119AA31,GUEST_CAN_0751,PASS,AttentiveFP,0,double_cold,9,3.1664316654205322
1263,15,328,C1=C2C=C3C=C1OC4=CC(=CC(=C4)C(=O)O)OC5=CC6=CC(=C5)C7OC8=CC9=C1C=C8C(C4=C(O7)C=C5C(=C4)C(C4=CC7=C(C=C4OC2O5)OC2C4=CC(=CC(=C4)OC4=CC(=CC(=C4)C(=O)O)OC4=CC(=CC(=C4)OC4=CC(=CC(=C4)O6)C(=O)O)C(O9)OC4=C(C1CCC(=O)O)C=C(C7CCC(=O)O)C(=C4)O2)OC1=CC(=CC(=C1)O3)C(=O)O)CCC(=O)O)CCC(=O)O,C[N+](C)(C)C12CC3CC(C1)CC(C3)C2,cavitand,6.037399768829346,O=C(O)CCC1c2cc3c4cc2OC2Oc5cc6c(cc51)C(CCC(=O)O)c1cc5c7cc1OC(O6)c1cc6cc(c1)Oc1cc(cc(C(=O)O)c1)Oc1cc8cc(c1)C(Oc1cc(c(cc1C5CCC(=O)O)C3CCC(=O)O)OC(O4)c1cc(cc(c1)Oc1cc(cc(C(=O)O)c1)O8)Oc1cc(cc(C(=O)O)c1)Oc1cc(cc2c1)Oc1cc(cc(C(=O)O)c1)O6)O7,AE6E8A9B8E3ECDE32B65BE9B8736ECC23E2311A112E2CA1B78F35ECF9046A382,HOST_CAN_0117,PASS,C[N+](C)(C)C12CC3CC(CC(C3)C1)C2,592B1274AF36843687A4C28CB14599E0E7295207B2962D4756B9C9C885C8456D,GUEST_CAN_0558,PASS,AttentiveFP,0,double_cold,9,3.9335598945617676
1277,20,328,O=C(COC1=CC(CC2=C(OCC(O)=O)C=C(C(OCC(O)=O)=C2)CC3=CC(COC(O)=O)=C(C4)C=C3OCC(O)=O)=C(OCC(O)=O)C=C1CC5=C[C@@H](OCC(O)=O)[C@H](C=C5OCC(O)=O)CC6=CC(COC(O)=O)=C(C=C6OCC(O)=O)CC7=C(OCC(O)=O)C=C4C(OCC(O)=O)=C7)O,C[N+](C)(C)C12CC3CC(C1)CC(C3)C2,pillararene,10.567000389099121,O=C(O)COC1=C[C@@H]2Cc3cc(COC(=O)O)c(cc3OCC(=O)O)Cc3cc(OCC(=O)O)c(cc3OCC(=O)O)Cc3cc(OCC(=O)O)c(cc3COC(=O)O)Cc3cc(OCC(=O)O)c(cc3OCC(=O)O)Cc3cc(OCC(=O)O)c(cc3OCC(=O)O)CC1=C[C@H]2OCC(=O)O,EB7BB63E53C952B34EDD9A1AA221307EA37FEE1D4C687CFC64D6BC38CEFE6263,HOST_CAN_0126,PASS,C[N+](C)(C)C12CC3CC(CC(C3)C1)C2,592B1274AF36843687A4C28CB14599E0E7295207B2962D4756B9C9C885C8456D,GUEST_CAN_0558,PASS,AttentiveFP,0,double_cold,9,7.990456581115723
1351,67,39,COCCOCCOCCN1C2C(N(C1=O)CCOCCOCCOC)N1C(=O)N2CN2C(=O)N(C3C2N(CCOCCOCCOC)C(=O)N3CCOCCOCCOC)CN2C(=O)N(C3C2N(CCOCCOCCOC)C(=O)N3CCOCCOCCOC)CN2C(=O)N(CN3C(=O)N(CN4C(=O)N(C1)C1C4N(C(=O)N1CCOCCOCCOC)CCOCCOCCOC)C1C3N(C(=O)N1CCOCCOCCOC)CCOCCOCCOC)C1C2N(CCOCCOCCOC)C(=O)N1CCOCCOCCOC,[Na+].[I-],other,7.505099773406982,COCCOCCOCCN1C(=O)N(CCOCCOCCOC)C2C1N1CN3C(=O)N(CN4C(=O)N(CN5C(=O)N(CN6C(=O)N(CN7C(=O)N(CN2C1=O)C1C7N(CCOCCOCCOC)C(=O)N1CCOCCOCCOC)C1C6N(CCOCCOCCOC)C(=O)N1CCOCCOCCOC)C1C5N(CCOCCOCCOC)C(=O)N1CCOCCOCCOC)C1C4N(CCOCCOCCOC)C(=O)N1CCOCCOCCOC)C1C3N(CCOCCOCCOC)C(=O)N1CCOCCOCCOC,62192EF92C15D4B199D2DAB70679D4FE4B9DB65514F9B760A1D77C13905222B6,HOST_CAN_0056,PASS,[I-].[Na+],73311483F334B57118E8BB4B950F1319B23923E3B04C12FF7EFEBC24A7D3AF4B,GUEST_CAN_1064,PASS,AttentiveFP,0,double_cold,9,3.2539777755737305
1354,15,139,C1=C2C=C3C=C1OC4=CC(=CC(=C4)C(=O)O)OC5=CC6=CC(=C5)C7OC8=CC9=C1C=C8C(C4=C(O7)C=C5C(=C4)C(C4=CC7=C(C=C4OC2O5)OC2C4=CC(=CC(=C4)OC4=CC(=CC(=C4)C(=O)O)OC4=CC(=CC(=C4)OC4=CC(=CC(=C4)O6)C(=O)O)C(O9)OC4=C(C1CCC(=O)O)C=C(C7CCC(=O)O)C(=C4)O2)OC1=CC(=CC(=C1)O3)C(=O)O)CCC(=O)O)CCC(=O)O,[O-][Re](=O)(=O)=O.[Na+],cavitand,2.538599967956543,O=C(O)CCC1c2cc3c4cc2OC2Oc5cc6c(cc51)C(CCC(=O)O)c1cc5c7cc1OC(O6)c1cc6cc(c1)Oc1cc(cc(C(=O)O)c1)Oc1cc8cc(c1)C(Oc1cc(c(cc1C5CCC(=O)O)C3CCC(=O)O)OC(O4)c1cc(cc(c1)Oc1cc(cc(C(=O)O)c1)O8)Oc1cc(cc(C(=O)O)c1)Oc1cc(cc2c1)Oc1cc(cc(C(=O)O)c1)O6)O7,AE6E8A9B8E3ECDE32B65BE9B8736ECC23E2311A112E2CA1B78F35ECF9046A382,HOST_CAN_0117,PASS,[Na+].[O]=[Re](=[O])(=[O])[O-],AF42F34AEEF70F9C56B1206AC16DC33D9D7E4B4A26CD3297530031FB0691E687,GUEST_CAN_1102,PASS,AttentiveFP,0,double_cold,9,2.138669490814209
1397,69,267,NCCN1C=C(N=N1)COC(C=C2)=C(CNCC3=C(OCC(N=N4)=CN4CCN)C=CC5=C3C=C6)C7=C2C8=C(C=C7)OC9CC8C%10=C(O9)C=CC%11=C%10C=CC(OCC(N=N%12)=CN%12CCN)=C%11CNCC%13=C(OCC(N=N%14)=CN%14CCN)C=CC%15=C%13C=CC(O%16)=C%15C%17C5=C6OC%16C%17,C1=CC=C(C=C1)CC(=O)O,other,4.725599765777588,NCCn1cc(COc2ccc3c4c5ccc3c2CNCc2c(OCc3cn(CCN)nn3)ccc3c6c(ccc23)OC2CC6c3c(ccc6c(c(OCc7cn(CCN)nn7)ccc36)CNCc3c(OCc6cn(CCN)nn6)ccc6c7c(ccc36)OC(CC47)O5)O2)nn1,E69AC36986BDADC1E5A61FE9021251B6D5437DB096F231021CE94D055FF4BCBF,HOST_CAN_0113,PASS,O=C(O)Cc1ccccc1,CDC327033EEEA935CE7B18A021AC4EEC8A15F4B61C90D20EF1DA9875BA8FC256,GUEST_CAN_0880,PASS,AttentiveFP,0,double_cold,9,2.105590581893921
1404,28,828,O=C1N2[C@@]3([H])[C@@]4([H])N1CC5=CC=CC=C5CN4C(N3CN(C(N6CN(C(N7CN(C(N8CC(C=CC=C9)=C9C%10)=O)[C@]([C@]8([H])N%10C%11=O)([H])N%11C%12)=O)[C@]([C@]7([H])N%12C%13=O)([H])N%13C%14)=O)[C@]([C@]6([H])N%14C%15=O)([H])N%15C2)=O,C(CCC[NH3+])CC[NH3+],other,5.204100131988525,O=C1N2Cc3ccccc3CN3C(=O)N4CN5C(=O)N6CN7C(=O)N8CN9C(=O)N%10Cc%11ccccc%11CN%11C(=O)N(CN%12C(=O)N(CN%13C(=O)N(CN1[C@H]4[C@H]32)[C@@H]5[C@H]%136)[C@@H]7[C@H]%128)[C@@H]9[C@H]%11%10,C06DBA8CB1A01AEB8337B71D87CD1B30E9CBAC6D34129CB5457249ED32FE0331,HOST_CAN_0151,PASS,[NH3+]CCCCCC[NH3+],F8B64A9C0C6C3056EB057C2D05280D91AB693D755C321785452FCBD6116BF573,GUEST_CAN_1085,PASS,AttentiveFP,0,double_cold,9,4.104270935058594
1429,13,839,O=C1N2CN3C(=O)N4C5C3N3CN6C2C2N1CN1C(=O)N7[C@H]8[C@@H]1N(CN2C6=O)C(=O)N8CN1C2(N(C7)C(=O)N6[C@@H]2N(C1=O)CN1[C@H]2N(C6)C(=O)N6[C@H]2N(C1=O)CN1C(=O)N2CN7C8C(N(C4)C(=O)N8CN4C2C1N(C4=O)C6)N(CN5C3=O)C7=O)O,C1=CC(=CC=C1N)N.Cl.Cl,cucurbituril,6.146100044250488,O=C1N2CN3C(=O)N4CN5C(=O)N6CN7C(=O)N8CN9C(=O)N%10CN%11C(=O)N%12CN%13C(=O)N%14CN1C1C2N2CN%15C(=O)N(CN%16C(=O)N(CN%17C(=O)N(CN%18C(=O)N(CN%19C(=O)N(CN%20C(=O)N(CN1C2=O)C%14C%13%20)[C@H]%12[C@@H]%19%11)C%10(O)[C@@H]%189)[C@@H]8[C@@H]7%17)C6C5%16)C4C3%15,834B504E9B204C59F3298F5D5A67B7E1A7ED973D91F3A1C9659C2402EB422334,HOST_CAN_0147,PASS,Cl.Cl.Nc1ccc(N)cc1,AD943B229D7DABCFD4EADC88AF3D0F1D3CE8D4E71C7A66D1921AEE1B9B6344B2,GUEST_CAN_0680,PASS,AttentiveFP,0,double_cold,9,4.683239936828613
1452,20,305,O=C(COC1=CC(CC2=C(OCC(O)=O)C=C(C(OCC(O)=O)=C2)CC3=CC(COC(O)=O)=C(C4)C=C3OCC(O)=O)=C(OCC(O)=O)C=C1CC5=C[C@@H](OCC(O)=O)[C@H](C=C5OCC(O)=O)CC6=CC(COC(O)=O)=C(C=C6OCC(O)=O)CC7=C(OCC(O)=O)C=C4C(OCC(O)=O)=C7)O,C[N+](CCCCCC[N+](C)(C)C)(C)C.[Cl-].[Cl-],pillararene,7.824100017547607,O=C(O)COC1=C[C@@H]2Cc3cc(COC(=O)O)c(cc3OCC(=O)O)Cc3cc(OCC(=O)O)c(cc3OCC(=O)O)Cc3cc(OCC(=O)O)c(cc3COC(=O)O)Cc3cc(OCC(=O)O)c(cc3OCC(=O)O)Cc3cc(OCC(=O)O)c(cc3OCC(=O)O)CC1=C[C@H]2OCC(=O)O,EB7BB63E53C952B34EDD9A1AA221307EA37FEE1D4C687CFC64D6BC38CEFE6263,HOST_CAN_0126,PASS,C[N+](C)(C)CCCCCC[N+](C)(C)C.[Cl-].[Cl-],64E63B4AAB1DD8ACF26323DDFCB5C764115FF628538D34A06DF96CDD8D66FD68,GUEST_CAN_0564,PASS,AttentiveFP,0,double_cold,9,6.154346466064453
1462,67,53,COCCOCCOCCN1C2C(N(C1=O)CCOCCOCCOC)N1C(=O)N2CN2C(=O)N(C3C2N(CCOCCOCCOC)C(=O)N3CCOCCOCCOC)CN2C(=O)N(C3C2N(CCOCCOCCOC)C(=O)N3CCOCCOCCOC)CN2C(=O)N(CN3C(=O)N(CN4C(=O)N(C1)C1C4N(C(=O)N1CCOCCOCCOC)CCOCCOCCOC)C1C3N(C(=O)N1CCOCCOCCOC)CCOCCOCCOC)C1C2N(CCOCCOCCOC)C(=O)N1CCOCCOCCOC,[Na+].[Cl-],other,3.079200029373169,COCCOCCOCCN1C(=O)N(CCOCCOCCOC)C2C1N1CN3C(=O)N(CN4C(=O)N(CN5C(=O)N(CN6C(=O)N(CN7C(=O)N(CN2C1=O)C1C7N(CCOCCOCCOC)C(=O)N1CCOCCOCCOC)C1C6N(CCOCCOCCOC)C(=O)N1CCOCCOCCOC)C1C5N(CCOCCOCCOC)C(=O)N1CCOCCOCCOC)C1C4N(CCOCCOCCOC)C(=O)N1CCOCCOCCOC)C1C3N(CCOCCOCCOC)C(=O)N1CCOCCOCCOC,62192EF92C15D4B199D2DAB70679D4FE4B9DB65514F9B760A1D77C13905222B6,HOST_CAN_0056,PASS,[Cl-].[Na+],75BE434EC1982F4169BCC68DFF522D1CE80C4ED9F32BD5BD82D1768FC8A5ED44,GUEST_CAN_1040,PASS,AttentiveFP,0,double_cold,9,3.082855224609375
1473,37,229,C(CN(CC(=O)O)CC(=O)O)N(CC(=O)O)CC(=O)O,[Na+],other,1.7899999618530273,O=C(O)CN(CCN(CC(=O)O)CC(=O)O)CC(=O)O,6BFD1C3C84BE32FEF0887DE527CC95AE0C3680F389E80993C4242A4E3571F896,HOST_CAN_0123,PASS,[Na+],C967F382B185E1578CB9153250886D12807928AF715FC44BD49BA94ACEDD7043,GUEST_CAN_1098,PASS,AttentiveFP,0,double_cold,9,2.393413543701172
1481,38,449,C1C2C3=CC=CC=C3C4=C5C6CC7=CC=CC=C7C8=CC(=CC(=C8)C9=CC=CC=C9CC3C7=CC=CC=C7C(=C24)C3=C5C2=CC=CC=C62)C2=CC=CC=C21,CC[N+](CC)(CC)CC.[I-],cyclophane,4.505099773406982,c1ccc2c(c1)CC1c3ccccc3-c3c1c1c4c5c3C(Cc3ccccc3-c3cc-2cc(c3)-c2ccccc2CC4c2ccccc2-1)c1ccccc1-5,7D60610AC6275537B6952E12359C97C789A38E2FA1295732E16AF89573CE95C4,HOST_CAN_0186,PASS,CC[N+](CC)(CC)CC.[I-],439726C7FE1A89F55ABD4835F401966187407593946A2A10145FD576A8887D74,GUEST_CAN_0375,PASS,AttentiveFP,0,double_cold,9,3.967212677001953
1483,67,472,COCCOCCOCCN1C2C(N(C1=O)CCOCCOCCOC)N1C(=O)N2CN2C(=O)N(C3C2N(CCOCCOCCOC)C(=O)N3CCOCCOCCOC)CN2C(=O)N(C3C2N(CCOCCOCCOC)C(=O)N3CCOCCOCCOC)CN2C(=O)N(CN3C(=O)N(CN4C(=O)N(C1)C1C4N(C(=O)N1CCOCCOCCOC)CCOCCOCCOC)C1C3N(C(=O)N1CCOCCOCCOC)CCOCCOCCOC)C1C2N(CCOCCOCCOC)C(=O)N1CCOCCOCCOC,CCCC[N+](CCCC)(CCCC)CCCC.[Br-],other,7.37060022354126,COCCOCCOCCN1C(=O)N(CCOCCOCCOC)C2C1N1CN3C(=O)N(CN4C(=O)N(CN5C(=O)N(CN6C(=O)N(CN7C(=O)N(CN2C1=O)C1C7N(CCOCCOCCOC)C(=O)N1CCOCCOCCOC)C1C6N(CCOCCOCCOC)C(=O)N1CCOCCOCCOC)C1C5N(CCOCCOCCOC)C(=O)N1CCOCCOCCOC)C1C4N(CCOCCOCCOC)C(=O)N1CCOCCOCCOC)C1C3N(CCOCCOCCOC)C(=O)N1CCOCCOCCOC,62192EF92C15D4B199D2DAB70679D4FE4B9DB65514F9B760A1D77C13905222B6,HOST_CAN_0056,PASS,CCCC[N+](CCCC)(CCCC)CCCC.[Br-],6DD8DD4627FCB94C4F4125FAFF1BB3C1B5671EA4BD5502CBFB668600B9692E59,GUEST_CAN_0316,PASS,AttentiveFP,0,double_cold,9,6.507137298583984
1486,30,449,C1C2=CC(=CC(=C2O)CC3=CC(=CC(=C3O)CC4=CC(=CC(=C4O)CC5=C(C(=CC(=C5)S(=O)(=O)[O-])CC6=C(C(=CC(=C6)S(=O)(=O)[O-])CC7=C(C1=CC(=C7)S(=O)(=O)[O-])O)O)O)S(=O)(=O)[O-])S(=O)(=O)[O-])S(=O)(=O)[O-],CC[N+](CC)(CC)CC.[I-],calixarene,5.0,O=S(=O)([O-])c1cc2c(O)c(c1)Cc1cc(S(=O)(=O)[O-])cc(c1O)Cc1cc(S(=O)(=O)[O-])cc(c1O)Cc1cc(S(=O)(=O)[O-])cc(c1O)Cc1cc(S(=O)(=O)[O-])cc(c1O)Cc1cc(S(=O)(=O)[O-])cc(c1O)C2,175E9D01D3A7DD7BE73E9B8659E8BAA0A16B2D5C4CCEFE3BEFED10121429BF10,HOST_CAN_0164,PASS,CC[N+](CC)(CC)CC.[I-],439726C7FE1A89F55ABD4835F401966187407593946A2A10145FD576A8887D74,GUEST_CAN_0375,PASS,AttentiveFP,0,double_cold,9,3.8836069107055664
1503,28,170,O=C1N2[C@@]3([H])[C@@]4([H])N1CC5=CC=CC=C5CN4C(N3CN(C(N6CN(C(N7CN(C(N8CC(C=CC=C9)=C9C%10)=O)[C@]([C@]8([H])N%10C%11=O)([H])N%11C%12)=O)[C@]([C@]7([H])N%12C%13=O)([H])N%13C%14)=O)[C@]([C@]6([H])N%14C%15=O)([H])N%15C2)=O,[NH3+]CCCC[NH3+],other,3.748199939727783,O=C1N2Cc3ccccc3CN3C(=O)N4CN5C(=O)N6CN7C(=O)N8CN9C(=O)N%10Cc%11ccccc%11CN%11C(=O)N(CN%12C(=O)N(CN%13C(=O)N(CN1[C@H]4[C@H]32)[C@@H]5[C@H]%136)[C@@H]7[C@H]%128)[C@@H]9[C@H]%11%10,C06DBA8CB1A01AEB8337B71D87CD1B30E9CBAC6D34129CB5457249ED32FE0331,HOST_CAN_0151,PASS,[NH3+]CCCC[NH3+],E784E21CDCC374849454B4BBAEDEC0DD2BF05295ACB829CC80284AC7800CF77E,GUEST_CAN_1088,PASS,AttentiveFP,0,double_cold,9,4.395476341247559
1606,53,759,C([C@@H]1[C@@H]2[C@@H]([C@H]([C@H](O1)O[C@@H]3[C@H](O[C@@H]([C@@H]([C@H]3O)O)O[C@@H]4[C@H](O[C@@H]([C@@H]([C@H]4O)O)O[C@@H]5[C@H](O[C@@H]([C@@H]([C@H]5O)O)O[C@@H]6[C@H](O[C@@H]([C@@H]([C@H]6O)O)O[C@@H]7[C@H](O[C@@H]([C@@H]([C@H]7O)O)O[C@@H]8[C@H](O[C@H](O2)[C@@H]([C@H]8O)O)CO)CO)CO)CO)CO)CO)O)O)[NH3+],CC(CCC(=O)NCCS(=O)(=O)[O-])C1CCC2C1(C(CC3C2C(CC4C3(CCC(C4)O)C)O)O)C.[Na+],cyclodextrin,3.3633999824523926,[NH3+]C[C@H]1O[C@@H]2O[C@H]3[C@H](O)[C@@H](O)[C@@H](O[C@H]4[C@H](O)[C@@H](O)[C@@H](O[C@H]5[C@H](O)[C@@H](O)[C@@H](O[C@H]6[C@H](O)[C@@H](O)[C@@H](O[C@H]7[C@H](O)[C@@H](O)[C@@H](O[C@H]8[C@H](O)[C@@H](O)[C@@H](O[C@H]1[C@H](O)[C@H]2O)O[C@@H]8CO)O[C@@H]7CO)O[C@@H]6CO)O[C@@H]5CO)O[C@@H]4CO)O[C@@H]3CO,E50ADAE49E5E5640E0A36839434FA950E715A8F1C6CD35B316EAEA03E1DF54FD,HOST_CAN_0181,PASS,CC(CCC(=O)NCCS(=O)(=O)[O-])C1CCC2C3C(O)CC4CC(O)CCC4(C)C3CC(O)C12C.[Na+],3E62E939F78F11C7DC524969E9A1AF26554F07532EABA61AAA8478E5B9C280F1,GUEST_CAN_0169,PASS,AttentiveFP,0,double_cold,9,3.6922552585601807
1639,30,231,C1C2=CC(=CC(=C2O)CC3=CC(=CC(=C3O)CC4=CC(=CC(=C4O)CC5=C(C(=CC(=C5)S(=O)(=O)[O-])CC6=C(C(=CC(=C6)S(=O)(=O)[O-])CC7=C(C1=CC(=C7)S(=O)(=O)[O-])O)O)O)S(=O)(=O)[O-])S(=O)(=O)[O-])S(=O)(=O)[O-],C[N+](C)(C)CCCCC(C(=O)O)N,calixarene,2.968899965286255,O=S(=O)([O-])c1cc2c(O)c(c1)Cc1cc(S(=O)(=O)[O-])cc(c1O)Cc1cc(S(=O)(=O)[O-])cc(c1O)Cc1cc(S(=O)(=O)[O-])cc(c1O)Cc1cc(S(=O)(=O)[O-])cc(c1O)Cc1cc(S(=O)(=O)[O-])cc(c1O)C2,175E9D01D3A7DD7BE73E9B8659E8BAA0A16B2D5C4CCEFE3BEFED10121429BF10,HOST_CAN_0164,PASS,C[N+](C)(C)CCCCC(N)C(=O)O,A5D9046F4C510F24A7D2618FA2E491B2FD6A06575CDE2270294DEDC76755B73A,GUEST_CAN_0563,PASS,AttentiveFP,0,double_cold,9,3.3255865573883057
1674,44,88,C1COCCN2CCOCCOCCN1CCOCCOCC2,[Ca+2],other,6.949900150299072,C1COCCN2CCOCCOCCN(CCO1)CCOCC2,32931B055F3C7DC5134671B8211003699C695F3A170DAFEAC54A6E2274B3149A,HOST_CAN_0003,PASS,[Ca+2],561732356B8592F747BA6C15EFCD099F7FAD62C4ABEDA9A81D86C4D38151E987,GUEST_CAN_1020,PASS,AttentiveFP,0,double_cold,9,1.9958068132400513
1678,101,923,CC12C3(N4CN5C6C7N(C5=O)CN8C9C5N(C8=O)CN8C(=O)N%10CC%11=C(C=CC%12=C%11C(=C(C=C%12)OCCCS(=O)(=O)[O-])CN%11C%10(C8(N(C%11=O)CN5C(=O)N9CN7C(=O)N6CN3C(=O)N1CC1=C(C=CC3=C1C(=C(C=C3)OCCCS(=O)(=O)[O-])CN2C4=O)OCCCS(=O)(=O)[O-])C)C)OCCCS(=O)(=O)[O-])C.[Na+].[Na+].[Na+].[Na+],C1=C(N=C(S1)N=C(N)N)CSCCC(=NS(=O)(=O)N)N,cucurbituril,5.431399822235107,CC12N3Cc4c(OCCCS(=O)(=O)[O-])ccc5ccc(OCCCS(=O)(=O)[O-])c(c45)CN1C(=O)N1CN4C(=O)N5CN6C(=O)N7CN8C(=O)N9Cc%10c(OCCCS(=O)(=O)[O-])ccc%11ccc(OCCCS(=O)(=O)[O-])c(c%10%11)CN%10C(=O)N(CN%11C(=O)N(CN%12C(=O)N(CN(C3=O)C12C)C4C%125)C6C%117)C8(C)C%109C.[Na+].[Na+].[Na+].[Na+],D06B992717C42348D2028871BE8CF32C393DC5D34135FC7CB387827D0E760D24,HOST_CAN_0017,PASS,NC(N)=Nc1nc(CSCCC(N)=NS(N)(=O)=O)cs1,C278CD41E303334ECE190B1DCB1D3235703FA571589B367F21226679E0903877,GUEST_CAN_0752,PASS,AttentiveFP,0,double_cold,9,5.702969551086426
1682,51,925,C1N2C3C4N(C2=O)CN5C6C7N(C5=O)CN8C9C2N(C8=O)CN5C8C%10N(C5=O)CN5C%11C%12N(C5=O)CN5C%13C%14N(C5=O)CN5C%15C%16N(C5=O)CN5C%17C%18N(C5=O)CN5C%19C%20N(C5=O)CN5C%21C(N1C5=O)N1CN3C(=O)N4CN6C(=O)N7CN9C(=O)N2CN8C(=O)N%10CN%11C(=O)N%12CN%13C(=O)N%14CN%15C(=O)N%16CN%17C(=O)N%18CN%19C(=O)N%20CN%21C1=O,c1ccc2c(n1)c1ncccc1cc2.c1ccc2c(n1)c1ncccc1cc2.c1ccc2c(n1)c1ncccc1cc2.[Ir+3],cucurbituril,7.0,O=C1N2CN3C(=O)N4CN5C(=O)N6CN7C(=O)N8CN9C(=O)N%10CN%11C(=O)N%12CN%13C(=O)N%14CN%15C(=O)N%16CN%17C(=O)N%18CN%19C(=O)N%20CN1C1C2N2CN%21C(=O)N(CN%22C(=O)N(CN%23C(=O)N(CN%24C(=O)N(CN%25C(=O)N(CN%26C(=O)N(CN%27C(=O)N(CN%28C(=O)N(CN%29C(=O)N(CN1C2=O)C%20C%19%29)C%18C%17%28)C%16C%15%27)C%14C%13%26)C%12C%11%25)C%10C9%24)C8C7%23)C6C5%22)C4C3%21,E6025A48DEEE6C9E6878EC627A6CB37BA95516523DC76F4BD8E7A3BC0D967C68,HOST_CAN_0142,PASS,[Ir+3].c1cnc2c(c1)ccc1cccnc12.c1cnc2c(c1)ccc1cccnc12.c1cnc2c(c1)ccc1cccnc12,1B782584E4FDDB9DDEF7F5F5CEE10371FBA62BF5316F56E291FB7B4B074F243F,GUEST_CAN_1066,PASS,AttentiveFP,0,double_cold,9,6.311058044433594
1690,51,927,C1N2C3C4N(C2=O)CN5C6C7N(C5=O)CN8C9C2N(C8=O)CN5C8C%10N(C5=O)CN5C%11C%12N(C5=O)CN5C%13C%14N(C5=O)CN5C%15C%16N(C5=O)CN5C%17C%18N(C5=O)CN5C%19C%20N(C5=O)CN5C%21C(N1C5=O)N1CN3C(=O)N4CN6C(=O)N7CN9C(=O)N2CN8C(=O)N%10CN%11C(=O)N%12CN%13C(=O)N%14CN%15C(=O)N%16CN%17C(=O)N%18CN%19C(=O)N%20CN%21C1=O,CC1=CC=NC(C2=CC(CCCCCCCC3=CC=NC(C4=CC(C)=CC=N4)=C3)=CC=N2)=C1.CC5=CC=NC6=C5C=CC7=C6N=CC(C)=C7.[Ru+2],cucurbituril,6.99560022354126,O=C1N2CN3C(=O)N4CN5C(=O)N6CN7C(=O)N8CN9C(=O)N%10CN%11C(=O)N%12CN%13C(=O)N%14CN%15C(=O)N%16CN%17C(=O)N%18CN%19C(=O)N%20CN1C1C2N2CN%21C(=O)N(CN%22C(=O)N(CN%23C(=O)N(CN%24C(=O)N(CN%25C(=O)N(CN%26C(=O)N(CN%27C(=O)N(CN%28C(=O)N(CN%29C(=O)N(CN1C2=O)C%20C%19%29)C%18C%17%28)C%16C%15%27)C%14C%13%26)C%12C%11%25)C%10C9%24)C8C7%23)C6C5%22)C4C3%21,E6025A48DEEE6C9E6878EC627A6CB37BA95516523DC76F4BD8E7A3BC0D967C68,HOST_CAN_0142,PASS,Cc1ccnc(-c2cc(CCCCCCCc3ccnc(-c4cc(C)ccn4)c3)ccn2)c1.Cc1cnc2c(ccc3c(C)ccnc32)c1.[Ru+2],F49EBAB20DCA3B7D03CD1A0F254401A443A34C4DF96675633C2B0EC429869D0D,GUEST_CAN_0672,PASS,AttentiveFP,0,double_cold,9,5.996614933013916
1696,37,88,C(CN(CC(=O)O)CC(=O)O)N(CC(=O)O)CC(=O)O,[Ca+2],other,11.0,O=C(O)CN(CCN(CC(=O)O)CC(=O)O)CC(=O)O,6BFD1C3C84BE32FEF0887DE527CC95AE0C3680F389E80993C4242A4E3571F896,HOST_CAN_0123,PASS,[Ca+2],561732356B8592F747BA6C15EFCD099F7FAD62C4ABEDA9A81D86C4D38151E987,GUEST_CAN_1020,PASS,AttentiveFP,0,double_cold,9,2.5360283851623535
1704,30,936,C1C2=CC(=CC(=C2O)CC3=CC(=CC(=C3O)CC4=CC(=CC(=C4O)CC5=C(C(=CC(=C5)S(=O)(=O)[O-])CC6=C(C(=CC(=C6)S(=O)(=O)[O-])CC7=C(C1=CC(=C7)S(=O)(=O)[O-])O)O)O)S(=O)(=O)[O-])S(=O)(=O)[O-])S(=O)(=O)[O-],[Co+2],calixarene,3.754300117492676,O=S(=O)([O-])c1cc2c(O)c(c1)Cc1cc(S(=O)(=O)[O-])cc(c1O)Cc1cc(S(=O)(=O)[O-])cc(c1O)Cc1cc(S(=O)(=O)[O-])cc(c1O)Cc1cc(S(=O)(=O)[O-])cc(c1O)Cc1cc(S(=O)(=O)[O-])cc(c1O)C2,175E9D01D3A7DD7BE73E9B8659E8BAA0A16B2D5C4CCEFE3BEFED10121429BF10,HOST_CAN_0164,PASS,[Co+2],EEBF38895788BC7455EBBA493D0BB2107793654FEE6BBB7B104B871D0A04E786,GUEST_CAN_1050,PASS,AttentiveFP,0,double_cold,9,3.9633920192718506
1718,20,246,O=C(COC1=CC(CC2=C(OCC(O)=O)C=C(C(OCC(O)=O)=C2)CC3=CC(COC(O)=O)=C(C4)C=C3OCC(O)=O)=C(OCC(O)=O)C=C1CC5=C[C@@H](OCC(O)=O)[C@H](C=C5OCC(O)=O)CC6=CC(COC(O)=O)=C(C=C6OCC(O)=O)CC7=C(OCC(O)=O)C=C4C(OCC(O)=O)=C7)O,C[NH2+]CCCCCC[NH2+]C.[Cl-].[Cl-],pillararene,7.457900047302246,O=C(O)COC1=C[C@@H]2Cc3cc(COC(=O)O)c(cc3OCC(=O)O)Cc3cc(OCC(=O)O)c(cc3OCC(=O)O)Cc3cc(OCC(=O)O)c(cc3COC(=O)O)Cc3cc(OCC(=O)O)c(cc3OCC(=O)O)Cc3cc(OCC(=O)O)c(cc3OCC(=O)O)CC1=C[C@H]2OCC(=O)O,EB7BB63E53C952B34EDD9A1AA221307EA37FEE1D4C687CFC64D6BC38CEFE6263,HOST_CAN_0126,PASS,C[NH2+]CCCCCC[NH2+]C.[Cl-].[Cl-],2DC0727816F8B5C91CA849AACCF62E81FA1CD1F215425A9EEF72D8C23EA06FA6,GUEST_CAN_0610,PASS,AttentiveFP,0,double_cold,9,4.7349443435668945
1720,20,130,O=C(COC1=CC(CC2=C(OCC(O)=O)C=C(C(OCC(O)=O)=C2)CC3=CC(COC(O)=O)=C(C4)C=C3OCC(O)=O)=C(OCC(O)=O)C=C1CC5=C[C@@H](OCC(O)=O)[C@H](C=C5OCC(O)=O)CC6=CC(COC(O)=O)=C(C=C6OCC(O)=O)CC7=C(OCC(O)=O)C=C4C(OCC(O)=O)=C7)O,C[N+](CCCCC[N+](C)(C)C)(C)C.[I-].[I-],pillararene,7.414999961853027,O=C(O)COC1=C[C@@H]2Cc3cc(COC(=O)O)c(cc3OCC(=O)O)Cc3cc(OCC(=O)O)c(cc3OCC(=O)O)Cc3cc(OCC(=O)O)c(cc3COC(=O)O)Cc3cc(OCC(=O)O)c(cc3OCC(=O)O)Cc3cc(OCC(=O)O)c(cc3OCC(=O)O)CC1=C[C@H]2OCC(=O)O,EB7BB63E53C952B34EDD9A1AA221307EA37FEE1D4C687CFC64D6BC38CEFE6263,HOST_CAN_0126,PASS,C[N+](C)(C)CCCCC[N+](C)(C)C.[I-].[I-],1A401729657A9AD83E04415A4E9AEAD80678B422CE57935C1B26E8FC1A65D2C6,GUEST_CAN_0565,PASS,AttentiveFP,0,double_cold,9,6.490571022033691
1735,30,949,C1C2=CC(=CC(=C2O)CC3=CC(=CC(=C3O)CC4=CC(=CC(=C4O)CC5=C(C(=CC(=C5)S(=O)(=O)[O-])CC6=C(C(=CC(=C6)S(=O)(=O)[O-])CC7=C(C1=CC(=C7)S(=O)(=O)[O-])O)O)O)S(=O)(=O)[O-])S(=O)(=O)[O-])S(=O)(=O)[O-],[O-]c1ccc2c(c1)oc1-c(c2c2ccccc2C(=O)[O-])ccc(=O)c1,calixarene,3.783900022506714,O=S(=O)([O-])c1cc2c(O)c(c1)Cc1cc(S(=O)(=O)[O-])cc(c1O)Cc1cc(S(=O)(=O)[O-])cc(c1O)Cc1cc(S(=O)(=O)[O-])cc(c1O)Cc1cc(S(=O)(=O)[O-])cc(c1O)Cc1cc(S(=O)(=O)[O-])cc(c1O)C2,175E9D01D3A7DD7BE73E9B8659E8BAA0A16B2D5C4CCEFE3BEFED10121429BF10,HOST_CAN_0164,PASS,O=C([O-])c1ccccc1-c1c2ccc(=O)cc-2oc2cc([O-])ccc12,46256330BE528666D111033C130C7C029A2092FF2942927C1803A9F444584A3F,GUEST_CAN_0909,PASS,AttentiveFP,0,double_cold,9,4.706093788146973
1747,6,954,OC(=O)CCC1c2cc3c4cc2O[C@@H]2Oc5c1cc1c(c5)O[C@@H]5Oc6c([C@@H]1CCC(=O)O)cc1[C@H](c7cc(C3CCC(=O)O)c3O[C@H](O4)c4cc8Oc9cc(Oc%10cc2cc(c%10C(=O)O)Oc2cccc(c2)Oc2cc5cc(c2C(=O)O)Oc2cccc(c2)Oc2cc([C@@H](Oc7c3)Oc1c6)cc(Oc1cc(Oc(c4)c8C(=O)O)ccc1)c2C(=O)O)ccc9)CCC(=O)O,C[C@@H]1CC[C@H](CC1)[N+](C)(C)C,other,5.12060022354126,O=C(O)CCC1c2cc3c4cc2O[C@H]2Oc5cc6c(cc51)[C@H](CCC(=O)O)c1cc5c7cc1O[C@H](O6)c1cc6c(C(=O)O)c(c1)Oc1cccc(c1)Oc1cc8cc(c1C(=O)O)Oc1cccc(c1)Oc1cc(cc(c1C(=O)O)Oc1cccc(c1)Oc1cc2cc(c1C(=O)O)Oc1cccc(c1)O6)[C@H](O4)Oc1cc(c(cc1C3CCC(=O)O)[C@H]5CCC(=O)O)O[C@@H]8O7,9910B6C324867B78C538BC824892433086D3864FCBD7A2F3E051B7730A9D9689,HOST_CAN_0118,PASS,C[N+](C)(C)[C@H]1CC[C@H](C)CC1,0F94948EB5E9BCC7622823095270E7F60C6621AA5737948B46BD519ADD5F96E2,GUEST_CAN_0580,PASS,AttentiveFP,0,double_cold,9,3.7913155555725098
1761,95,139,COC[C@H]1O[C@@H]2O[C@H]3[CH][CH][C@H](O[CH]3)O[C@H]3[C@H](OC)[C@@H](OC)[C@H](O[C@@H]3COC)O[C@H]3[C@H](OC)[C@@H](OC)[C@H](O[C@@H]3COC)O[C@H]3[C@H](OC)[C@@H](OC)[C@H](O[C@@H]3COC)O[C@H]3[C@H](OC)[C@@H](OC)[C@H](O[C@@H]3COC)O[C@H]1[C@H](OC)[C@H]2OC,[O-][Re](=O)(=O)=O.[Na+],cyclodextrin,1.944000005722046,COC[C@H]1O[C@@H]2O[C@H]3[C@H](OC)[C@@H](OC)[C@@H](O[C@H]4[C@H](OC)[C@@H](OC)[C@@H](O[C@H]5[C@H](OC)[C@@H](OC)[C@@H](O[C@H]6[C@H](OC)[C@@H](OC)[C@@H](O[C@H]7[CH][CH][C@H](O[CH]7)O[C@H]1[C@H](OC)[C@H]2OC)O[C@@H]6COC)O[C@@H]5COC)O[C@@H]4COC)O[C@@H]3COC,BA1F8E9DE02B15AC84054A5C62EC8B5DF0CD7AD851D8A1EF33FE4C916623E590,HOST_CAN_0064,PASS,[Na+].[O]=[Re](=[O])(=[O])[O-],AF42F34AEEF70F9C56B1206AC16DC33D9D7E4B4A26CD3297530031FB0691E687,GUEST_CAN_1102,PASS,AttentiveFP,0,double_cold,9,0.711491584777832
1776,147,966,c1cc2ccc1C[n+]1ccc(-c3ccc(-c4cc[n+](cc4)Cc4ccc(C[n+]5ccc(-c6ccc(-c7cc[n+](C2)cc7)cc6)cc5)cc4)cc3)cc1.[Cl-].[Cl-].[Cl-].[Cl-],CC(=O)NCCC1=CNC2=C1C=C(C=C2)OC,other,5.060699939727783,[Cl-].[Cl-].[Cl-].[Cl-].c1cc2ccc1C[n+]1ccc(cc1)-c1ccc(cc1)-c1cc[n+](cc1)Cc1ccc(cc1)C[n+]1ccc(cc1)-c1ccc(cc1)-c1cc[n+](cc1)C2,8838F5DB3CA725944E62DBB950261A7EF8FD82FF096002A58FF5E9CD907B8660,HOST_CAN_0178,PASS,COc1ccc2[nH]cc(CCNC(C)=O)c2c1,6A010F61D3933E3E5F720E52F2A0CB0DA9B0188982C60053A8BCE708A81B2D3C,GUEST_CAN_0490,PASS,AttentiveFP,0,double_cold,9,4.275816917419434
1799,147,976,c1cc2ccc1C[n+]1ccc(-c3ccc(-c4cc[n+](cc4)Cc4ccc(C[n+]5ccc(-c6ccc(-c7cc[n+](C2)cc7)cc6)cc5)cc4)cc3)cc1.[Cl-].[Cl-].[Cl-].[Cl-],OCC[N+](CCCCCCN1C(=O)c2ccc3c4c2c(C1=O)ccc4c1c2c3ccc3c2c(cc1)C(=O)N(C3=O)CCCCCC[N+](CCO)(C)C)(C)C.[Br-].[Br-],other,4.612800121307373,[Cl-].[Cl-].[Cl-].[Cl-].c1cc2ccc1C[n+]1ccc(cc1)-c1ccc(cc1)-c1cc[n+](cc1)Cc1ccc(cc1)C[n+]1ccc(cc1)-c1ccc(cc1)-c1cc[n+](cc1)C2,8838F5DB3CA725944E62DBB950261A7EF8FD82FF096002A58FF5E9CD907B8660,HOST_CAN_0178,PASS,C[N+](C)(CCO)CCCCCCN1C(=O)c2ccc3c4ccc5c6c(ccc(c7ccc(c2c37)C1=O)c64)C(=O)N(CCCCCC[N+](C)(C)CCO)C5=O.[Br-].[Br-],AE99F059438C3D3299A832737463288C081073C28EB561EB0AC0AA46B8AF3B16,GUEST_CAN_0587,PASS,AttentiveFP,0,double_cold,9,6.452314376831055
1800,170,861,C(CCCCCCCCCCCCCCCCCCC)OC=1C=C(C=2C=CC3=C(C=C(C=4C=CC1C2C43)S(=O)(=O)[O-])S(=O)(=O)[O-])S(=O)(=O)[O-].[Na+].[Na+].[Na+],NCCCNCCCCNCCCN,other,6.322199821472168,CCCCCCCCCCCCCCCCCCCCOc1cc(S(=O)(=O)[O-])c2ccc3c(S(=O)(=O)[O-])cc(S(=O)(=O)[O-])c4ccc1c2c43.[Na+].[Na+].[Na+],B27E030E0C289DFB726320A97E22B8572B4BD8C0E48DD4AA72DC2B16C5FABE46,HOST_CAN_0024,PASS,NCCCNCCCCNCCCN,89EC2515667C6CC2F4199FFE131AE7FD274838F92C27EE7FE3B2B92748655134,GUEST_CAN_0802,PASS,AttentiveFP,0,double_cold,9,4.087501525878906
1804,101,977,CC12C3(N4CN5C6C7N(C5=O)CN8C9C5N(C8=O)CN8C(=O)N%10CC%11=C(C=CC%12=C%11C(=C(C=C%12)OCCCS(=O)(=O)[O-])CN%11C%10(C8(N(C%11=O)CN5C(=O)N9CN7C(=O)N6CN3C(=O)N1CC1=C(C=CC3=C1C(=C(C=C3)OCCCS(=O)(=O)[O-])CN2C4=O)OCCCS(=O)(=O)[O-])C)C)OCCCS(=O)(=O)[O-])C.[Na+].[Na+].[Na+].[Na+],CN[C@H]([C@@H](O)C1=CC=CC=C1)C,cucurbituril,3.934499979019165,CC12N3Cc4c(OCCCS(=O)(=O)[O-])ccc5ccc(OCCCS(=O)(=O)[O-])c(c45)CN1C(=O)N1CN4C(=O)N5CN6C(=O)N7CN8C(=O)N9Cc%10c(OCCCS(=O)(=O)[O-])ccc%11ccc(OCCCS(=O)(=O)[O-])c(c%10%11)CN%10C(=O)N(CN%11C(=O)N(CN%12C(=O)N(CN(C3=O)C12C)C4C%125)C6C%117)C8(C)C%109C.[Na+].[Na+].[Na+].[Na+],D06B992717C42348D2028871BE8CF32C393DC5D34135FC7CB387827D0E760D24,HOST_CAN_0017,PASS,CN[C@@H](C)[C@@H](O)c1ccccc1,4DEE58B423CF549CB3E97EDE234F3D2C78B508E3A35DD1C7D4B775438DD22E60,GUEST_CAN_0432,PASS,AttentiveFP,0,double_cold,9,4.460525989532471
1833,15,39,C1=C2C=C3C=C1OC4=CC(=CC(=C4)C(=O)O)OC5=CC6=CC(=C5)C7OC8=CC9=C1C=C8C(C4=C(O7)C=C5C(=C4)C(C4=CC7=C(C=C4OC2O5)OC2C4=CC(=CC(=C4)OC4=CC(=CC(=C4)C(=O)O)OC4=CC(=CC(=C4)OC4=CC(=CC(=C4)O6)C(=O)O)C(O9)OC4=C(C1CCC(=O)O)C=C(C7CCC(=O)O)C(=C4)O2)OC1=CC(=CC(=C1)O3)C(=O)O)CCC(=O)O)CCC(=O)O,[Na+].[I-],cavitand,1.2303999662399292,O=C(O)CCC1c2cc3c4cc2OC2Oc5cc6c(cc51)C(CCC(=O)O)c1cc5c7cc1OC(O6)c1cc6cc(c1)Oc1cc(cc(C(=O)O)c1)Oc1cc8cc(c1)C(Oc1cc(c(cc1C5CCC(=O)O)C3CCC(=O)O)OC(O4)c1cc(cc(c1)Oc1cc(cc(C(=O)O)c1)O8)Oc1cc(cc(C(=O)O)c1)Oc1cc(cc2c1)Oc1cc(cc(C(=O)O)c1)O6)O7,AE6E8A9B8E3ECDE32B65BE9B8736ECC23E2311A112E2CA1B78F35ECF9046A382,HOST_CAN_0117,PASS,[I-].[Na+],73311483F334B57118E8BB4B950F1319B23923E3B04C12FF7EFEBC24A7D3AF4B,GUEST_CAN_1064,PASS,AttentiveFP,0,double_cold,9,1.742055892944336
1870,15,999,C1=C2C=C3C=C1OC4=CC(=CC(=C4)C(=O)O)OC5=CC6=CC(=C5)C7OC8=CC9=C1C=C8C(C4=C(O7)C=C5C(=C4)C(C4=CC7=C(C=C4OC2O5)OC2C4=CC(=CC(=C4)OC4=CC(=CC(=C4)C(=O)O)OC4=CC(=CC(=C4)OC4=CC(=CC(=C4)O6)C(=O)O)C(O9)OC4=C(C1CCC(=O)O)C=C(C7CCC(=O)O)C(=C4)O2)OC1=CC(=CC(=C1)O3)C(=O)O)CCC(=O)O)CCC(=O)O,C(C)C1=CC=C(C(=O)O)C=C1,cavitand,4.602099895477295,O=C(O)CCC1c2cc3c4cc2OC2Oc5cc6c(cc51)C(CCC(=O)O)c1cc5c7cc1OC(O6)c1cc6cc(c1)Oc1cc(cc(C(=O)O)c1)Oc1cc8cc(c1)C(Oc1cc(c(cc1C5CCC(=O)O)C3CCC(=O)O)OC(O4)c1cc(cc(c1)Oc1cc(cc(C(=O)O)c1)O8)Oc1cc(cc(C(=O)O)c1)Oc1cc(cc2c1)Oc1cc(cc(C(=O)O)c1)O6)O7,AE6E8A9B8E3ECDE32B65BE9B8736ECC23E2311A112E2CA1B78F35ECF9046A382,HOST_CAN_0117,PASS,CCc1ccc(C(=O)O)cc1,DDF22F663AB05DC803EA47655F6298B0A69C684D988B06CAE544EFD07D7156D9,GUEST_CAN_0383,PASS,AttentiveFP,0,double_cold,9,4.178909778594971
1908,15,954,C1=C2C=C3C=C1OC4=CC(=CC(=C4)C(=O)O)OC5=CC6=CC(=C5)C7OC8=CC9=C1C=C8C(C4=C(O7)C=C5C(=C4)C(C4=CC7=C(C=C4OC2O5)OC2C4=CC(=CC(=C4)OC4=CC(=CC(=C4)C(=O)O)OC4=CC(=CC(=C4)OC4=CC(=CC(=C4)O6)C(=O)O)C(O9)OC4=C(C1CCC(=O)O)C=C(C7CCC(=O)O)C(=C4)O2)OC1=CC(=CC(=C1)O3)C(=O)O)CCC(=O)O)CCC(=O)O,C[C@@H]1CC[C@H](CC1)[N+](C)(C)C,cavitand,4.456399917602539,O=C(O)CCC1c2cc3c4cc2OC2Oc5cc6c(cc51)C(CCC(=O)O)c1cc5c7cc1OC(O6)c1cc6cc(c1)Oc1cc(cc(C(=O)O)c1)Oc1cc8cc(c1)C(Oc1cc(c(cc1C5CCC(=O)O)C3CCC(=O)O)OC(O4)c1cc(cc(c1)Oc1cc(cc(C(=O)O)c1)O8)Oc1cc(cc(C(=O)O)c1)Oc1cc(cc2c1)Oc1cc(cc(C(=O)O)c1)O6)O7,AE6E8A9B8E3ECDE32B65BE9B8736ECC23E2311A112E2CA1B78F35ECF9046A382,HOST_CAN_0117,PASS,C[N+](C)(C)[C@H]1CC[C@H](C)CC1,0F94948EB5E9BCC7622823095270E7F60C6621AA5737948B46BD519ADD5F96E2,GUEST_CAN_0580,PASS,AttentiveFP,0,double_cold,9,3.6122491359710693
1961,21,27,Brc1ccc(cc1)S(=O)(=O)Nc1cc2Cc3cc(cc(c3O)Cc3cc(cc(Cc4c(c(Cc(c1)c2O)cc(c4)S(=O)(=O)O)O)c3O)S(=O)(=O)O)S(=O)(=O)O,NCCCCC(C(=O)NC(C(=O)NC(C(=O)NC(=O)C(NC(C(=O)NC(C(=O)NC(C(=O)NC(C(=O)NCC(=O)NC(C(=O)N)Cc1ccc(cc1)O)C(O)C)CO)CCCC[N+](C)(C)C)CCCNC(=N)N)C)C(O)C)CCC(=O)N)NC(=O)C(C(O)C)NC(=O)C(NC(=O)C(N)C)CCCNC(=N)N,calixarene,6.041399955749512,O=S(=O)(O)c1cc2c(O)c(c1)Cc1cc(S(=O)(=O)O)cc(c1O)Cc1cc(S(=O)(=O)O)cc(c1O)Cc1cc(NS(=O)(=O)c3ccc(Br)cc3)cc(c1O)C2,9740E1ADA78264243C242FDF917430805970CF99DF4E8ED560501F29D97FEA8B,HOST_CAN_0153,PASS,CC(N)C(=O)NC(CCCNC(=N)N)C(=O)NC(C(=O)NC(CCCCN)C(=O)NC(CCC(N)=O)C(=O)NC(C(=O)NC(=O)C(C)NC(CCCNC(=N)N)C(=O)NC(CCCC[N+](C)(C)C)C(=O)NC(CO)C(=O)NC(C(=O)NCC(=O)NC(Cc1ccc(O)cc1)C(N)=O)C(C)O)C(C)O)C(C)O,FDB24492C01844597473AA7C2BD6C580BEC794EA067753C199B126BE41E8D5FA,GUEST_CAN_0177,PASS,AttentiveFP,0,double_cold,9,6.02970027923584
2003,44,229,C1COCCN2CCOCCOCCN1CCOCCOCC2,[Na+],other,5.399700164794922,C1COCCN2CCOCCOCCN(CCO1)CCOCC2,32931B055F3C7DC5134671B8211003699C695F3A170DAFEAC54A6E2274B3149A,HOST_CAN_0003,PASS,[Na+],C967F382B185E1578CB9153250886D12807928AF715FC44BD49BA94ACEDD7043,GUEST_CAN_1098,PASS,AttentiveFP,0,double_cold,9,1.8228187561035156
2049,25,351,CCCOc1c2Cc3cc(cc(c3OCCC)Cc3cc(cc(Cc4c(c(Cc1cc(c2)P(=O)(O)O)cc(c4)P(=O)(O)O)OCCC)c3OCCC)P(=O)(O)O)P(=O)(O)O,C1=CC(=C(C=C1C(CN)O)O)O.Cl,calixarene,2.0569000244140625,CCCOc1c2cc(P(=O)(O)O)cc1Cc1cc(P(=O)(O)O)cc(c1OCCC)Cc1cc(P(=O)(O)O)cc(c1OCCC)Cc1cc(P(=O)(O)O)cc(c1OCCC)C2,C043E79A34829EDDBE86C6FC09E756E7D0FDCE1A2BB383803C5CAA52B9480850,HOST_CAN_0037,PASS,Cl.NCC(O)c1ccc(O)c(O)c1,77292EA0463E2AED797CAE9779601581D37EB7B67F9EA7796D4F6EE168154886,GUEST_CAN_0687,PASS,AttentiveFP,0,double_cold,9,3.189199447631836
2054,30,337,C1C2=CC(=CC(=C2O)CC3=CC(=CC(=C3O)CC4=CC(=CC(=C4O)CC5=C(C(=CC(=C5)S(=O)(=O)[O-])CC6=C(C(=CC(=C6)S(=O)(=O)[O-])CC7=C(C1=CC(=C7)S(=O)(=O)[O-])O)O)O)S(=O)(=O)[O-])S(=O)(=O)[O-])S(=O)(=O)[O-],OCC(C(=O)O)N,calixarene,2.0492000579833984,O=S(=O)([O-])c1cc2c(O)c(c1)Cc1cc(S(=O)(=O)[O-])cc(c1O)Cc1cc(S(=O)(=O)[O-])cc(c1O)Cc1cc(S(=O)(=O)[O-])cc(c1O)Cc1cc(S(=O)(=O)[O-])cc(c1O)Cc1cc(S(=O)(=O)[O-])cc(c1O)C2,175E9D01D3A7DD7BE73E9B8659E8BAA0A16B2D5C4CCEFE3BEFED10121429BF10,HOST_CAN_0164,PASS,NC(CO)C(=O)O,2EBE58D687C0AA53F22B8D1549C80A85A6D27FB38ECC46BD2A35B25250CAEFA2,GUEST_CAN_0734,PASS,AttentiveFP,0,double_cold,9,2.0116748809814453
2099,30,658,C1C2=CC(=CC(=C2O)CC3=CC(=CC(=C3O)CC4=CC(=CC(=C4O)CC5=C(C(=CC(=C5)S(=O)(=O)[O-])CC6=C(C(=CC(=C6)S(=O)(=O)[O-])CC7=C(C1=CC(=C7)S(=O)(=O)[O-])O)O)O)S(=O)(=O)[O-])S(=O)(=O)[O-])S(=O)(=O)[O-],CC[N+](CC)(CC)CC1=CC=CC=C1,calixarene,4.800000190734863,O=S(=O)([O-])c1cc2c(O)c(c1)Cc1cc(S(=O)(=O)[O-])cc(c1O)Cc1cc(S(=O)(=O)[O-])cc(c1O)Cc1cc(S(=O)(=O)[O-])cc(c1O)Cc1cc(S(=O)(=O)[O-])cc(c1O)Cc1cc(S(=O)(=O)[O-])cc(c1O)C2,175E9D01D3A7DD7BE73E9B8659E8BAA0A16B2D5C4CCEFE3BEFED10121429BF10,HOST_CAN_0164,PASS,CC[N+](CC)(CC)Cc1ccccc1,D3082D17492ADECD8DFE6B302C61BEF55BEECCF7C5432D2FDC812E354CDD2BE4,GUEST_CAN_0376,PASS,AttentiveFP,0,double_cold,9,3.8154311180114746
2114,13,1058,O=C1N2CN3C(=O)N4C5C3N3CN6C2C2N1CN1C(=O)N7[C@H]8[C@@H]1N(CN2C6=O)C(=O)N8CN1C2(N(C7)C(=O)N6[C@@H]2N(C1=O)CN1[C@H]2N(C6)C(=O)N6[C@H]2N(C1=O)CN1C(=O)N2CN7C8C(N(C4)C(=O)N8CN4C2C1N(C4=O)C6)N(CN5C3=O)C7=O)O,C(CCN)CCN.Cl.Cl,cucurbituril,8.07919979095459,O=C1N2CN3C(=O)N4CN5C(=O)N6CN7C(=O)N8CN9C(=O)N%10CN%11C(=O)N%12CN%13C(=O)N%14CN1C1C2N2CN%15C(=O)N(CN%16C(=O)N(CN%17C(=O)N(CN%18C(=O)N(CN%19C(=O)N(CN%20C(=O)N(CN1C2=O)C%14C%13%20)[C@H]%12[C@@H]%19%11)C%10(O)[C@@H]%189)[C@@H]8[C@@H]7%17)C6C5%16)C4C3%15,834B504E9B204C59F3298F5D5A67B7E1A7ED973D91F3A1C9659C2402EB422334,HOST_CAN_0147,PASS,Cl.Cl.NCCCCCN,DA3419270648DB1429833A98D27CEA247BCDF6EC9B10DD3836F4FC6C52993F7D,GUEST_CAN_0677,PASS,AttentiveFP,0,double_cold,9,5.891827583312988
2119,39,532,O[C@H]1[C@H](O[C@@H]2[C@H](O)[C@@H](O)[C@H](O3)[C@@H](CO)O2)[C@@H](CO)O[C@H](O[C@H]4[C@H](O)[C@@H](O)[C@@H](O[C@@H]5[C@@H](O)[C@H](O)[C@H](O[C@@H]6[C@@H](O)[C@H](O)[C@H](O[C@@H]7[C@@H](O)[C@H](O)[C@H](O[C@@H]8[C@@H](O)[C@H](O)[C@H]3O[C@H]8CO)O[C@H]7CO)O[C@H]6CO)O[C@H]5CO)O[C@@H]4CO)[C@@H]1OCC(C)O,CC1=CC=C(C=C1)NC2=CC3=C(C=C2)C=C(C=C3)S(=O)(=O)[O-].[Na+],cyclodextrin,3.4814000129699707,CC(O)CO[C@H]1[C@H]2O[C@H]3[C@H](O)[C@@H](O)[C@@H](O[C@@H]4[C@@H](O)[C@H](O)[C@H](O[C@@H]5[C@@H](O)[C@H](O)[C@H](O[C@@H]6[C@@H](O)[C@H](O)[C@H](O[C@@H]7[C@@H](O)[C@H](O)[C@H](O[C@H]8[C@H](O)[C@@H](O)[C@@H](O[C@@H]([C@@H]1O)[C@@H](CO)O2)O[C@@H]8CO)O[C@H]7CO)O[C@H]6CO)O[C@H]5CO)O[C@H]4CO)O[C@@H]3CO,8AB99E70351C6B712BA9565029AC4BD45934389743B63BEA912138E31943DA38,HOST_CAN_0015,PASS,Cc1ccc(Nc2ccc3cc(S(=O)(=O)[O-])ccc3c2)cc1.[Na+],1BC59EC31198E9880137AFAA6A584A1B8605E06881B738CB1BFFC54AF27E7C05,GUEST_CAN_0662,PASS,AttentiveFP,0,double_cold,9,2.730323314666748
2152,90,949,CCCCCCCCCCCCCOc1c2cc(cc1Cc1cc(NC(=N)[NH3+])cc(c1OCCCCCCCCCCCC)Cc1cc(NC(=N)[NH3+])cc(c1OCCCCCCCCCCCC)Cc1c(c(Cc3c(c(C2)cc(NC(=N)[NH3+])c3)OCCCCCCCCCCCC)cc(NC(=N)[NH3+])c1)OCCCCCCCCCCCC)NC(=N)[NH3+],[O-]c1ccc2c(c1)oc1-c(c2c2ccccc2C(=O)[O-])ccc(=O)c1,calixarene,7.278800010681152,CCCCCCCCCCCCCOc1c2cc(NC(=N)[NH3+])cc1Cc1cc(NC(=N)[NH3+])cc(c1OCCCCCCCCCCCC)Cc1cc(NC(=N)[NH3+])cc(c1OCCCCCCCCCCCC)Cc1cc(NC(=N)[NH3+])cc(c1OCCCCCCCCCCCC)Cc1cc(NC(=N)[NH3+])cc(c1OCCCCCCCCCCCC)C2,A5AE0C6743B4C191BBE311A7590CE3620FD85BC6216E8A86BBF33F2997A94F95,HOST_CAN_0025,PASS,O=C([O-])c1ccccc1-c1c2ccc(=O)cc-2oc2cc([O-])ccc12,46256330BE528666D111033C130C7C029A2092FF2942927C1803A9F444584A3F,GUEST_CAN_0909,PASS,AttentiveFP,0,double_cold,9,6.924267292022705
2157,101,793,CC12C3(N4CN5C6C7N(C5=O)CN8C9C5N(C8=O)CN8C(=O)N%10CC%11=C(C=CC%12=C%11C(=C(C=C%12)OCCCS(=O)(=O)[O-])CN%11C%10(C8(N(C%11=O)CN5C(=O)N9CN7C(=O)N6CN3C(=O)N1CC1=C(C=CC3=C1C(=C(C=C3)OCCCS(=O)(=O)[O-])CN2C4=O)OCCCS(=O)(=O)[O-])C)C)OCCCS(=O)(=O)[O-])C.[Na+].[Na+].[Na+].[Na+],CC(=O)NC1=CC=C(C=C1)O,cucurbituril,3.0413999557495117,CC12N3Cc4c(OCCCS(=O)(=O)[O-])ccc5ccc(OCCCS(=O)(=O)[O-])c(c45)CN1C(=O)N1CN4C(=O)N5CN6C(=O)N7CN8C(=O)N9Cc%10c(OCCCS(=O)(=O)[O-])ccc%11ccc(OCCCS(=O)(=O)[O-])c(c%10%11)CN%10C(=O)N(CN%11C(=O)N(CN%12C(=O)N(CN(C3=O)C12C)C4C%125)C6C%117)C8(C)C%109C.[Na+].[Na+].[Na+].[Na+],D06B992717C42348D2028871BE8CF32C393DC5D34135FC7CB387827D0E760D24,HOST_CAN_0017,PASS,CC(=O)Nc1ccc(O)cc1,2908012D4D1AF71B20B6CE8AA15EC902A6EC288A21BE1855D631A6045052FE25,GUEST_CAN_0090,PASS,AttentiveFP,0,double_cold,9,4.556951999664307
