scope	split	block_id	fold_index	seed	model	n	mae	r2	spearman	r2_status	spearman_status
model_split_aggregate	host_cold	ALL_EVALUATION_APPEARANCES			PAIR_RF	2383	1.1252254777205684	0.44188316279851125	0.68413196493166284	DEFINED	DEFINED
model_split_aggregate	host_cold	ALL_EVALUATION_APPEARANCES			ECFP_RF	2383	1.1448680765036354	0.3925076746786399	0.63997179435224361	DEFINED	DEFINED
model_split_aggregate	host_cold	ALL_EVALUATION_APPEARANCES			XGB_pair	2383	1.1226336670257042	0.43920327150689165	0.66847758873693408	DEFINED	DEFINED
model_split_aggregate	host_cold	ALL_EVALUATION_APPEARANCES			XGB_ecfp	2383	1.152135955189338	0.39091933926680311	0.64375792267679233	DEFINED	DEFINED
model_split_aggregate	host_cold	ALL_EVALUATION_APPEARANCES			LGBM_pair	2383	1.1310551526271269	0.42653401490067611	0.65770198418149151	DEFINED	DEFINED
model_split_aggregate	host_cold	ALL_EVALUATION_APPEARANCES			LGBM_ecfp	2383	1.1814894587918601	0.37261770468035882	0.64702075440244466	DEFINED	DEFINED
model_split_aggregate	host_cold	ALL_EVALUATION_APPEARANCES			3D_pair_RF	2383	1.1031549313483406	0.44521724327135725	0.69982247541163156	DEFINED	DEFINED
model_split_aggregate	host_cold	ALL_EVALUATION_APPEARANCES			sim_knn_k5	2383	1.310044749952193	0.21411231520507124	0.5532256806254765	DEFINED	DEFINED
model_split_aggregate	host_cold	ALL_EVALUATION_APPEARANCES			additive	2383	1.3616919753115568	0.23608089717112357	0.63959016768914601	DEFINED	DEFINED
model_split_aggregate	host_cold	ALL_EVALUATION_APPEARANCES			host_only_RF	2383	1.4279310921634072	0.20593826758652578	0.4671806905459629	DEFINED	DEFINED
model_split_aggregate	host_cold	ALL_EVALUATION_APPEARANCES			guest_only_RF	2383	1.312645208714696	0.22686164039829926	0.53451590511838432	DEFINED	DEFINED
model_split_aggregate	host_cold	ALL_EVALUATION_APPEARANCES			cond_only_RF	2383	1.6292668539414943	-0.083943588917916756	-0.032148425382000724	DEFINED	DEFINED
model_split_aggregate	host_cold	ALL_EVALUATION_APPEARANCES			source_only_RF	2383	1.625680455211554	-0.071655588815377369	-0.3656443523965372	DEFINED	DEFINED
model_split_aggregate	guest_cold	ALL_EVALUATION_APPEARANCES			PAIR_RF	2383	0.85007811529454491	0.64603021727068222	0.81191938907160754	DEFINED	DEFINED
model_split_aggregate	guest_cold	ALL_EVALUATION_APPEARANCES			ECFP_RF	2383	0.89567520741544981	0.60336806521692576	0.7768713031006913	DEFINED	DEFINED
model_split_aggregate	guest_cold	ALL_EVALUATION_APPEARANCES			XGB_pair	2383	0.88358919620451382	0.62618991548117919	0.7965810266754495	DEFINED	DEFINED
model_split_aggregate	guest_cold	ALL_EVALUATION_APPEARANCES			XGB_ecfp	2383	0.95374228917546899	0.57837192790463465	0.74386856658732048	DEFINED	DEFINED
model_split_aggregate	guest_cold	ALL_EVALUATION_APPEARANCES			LGBM_pair	2383	0.88842101101789073	0.62156254668473188	0.79475665955950991	DEFINED	DEFINED
model_split_aggregate	guest_cold	ALL_EVALUATION_APPEARANCES			LGBM_ecfp	2383	0.95012983877451485	0.58167866034483007	0.75012131730997778	DEFINED	DEFINED
model_split_aggregate	guest_cold	ALL_EVALUATION_APPEARANCES			3D_pair_RF	2383	0.87392052006074405	0.62818631254347446	0.80718342574478352	DEFINED	DEFINED
model_split_aggregate	guest_cold	ALL_EVALUATION_APPEARANCES			sim_knn_k5	2383	0.99169116186785489	0.536488565619055	0.72563635402439686	DEFINED	DEFINED
model_split_aggregate	guest_cold	ALL_EVALUATION_APPEARANCES			additive	2383	1.293670450180967	0.33463370423433814	0.73451060330536755	DEFINED	DEFINED
model_split_aggregate	guest_cold	ALL_EVALUATION_APPEARANCES			host_only_RF	2383	1.1248032306415907	0.41781669370648777	0.66686825163372998	DEFINED	DEFINED
model_split_aggregate	guest_cold	ALL_EVALUATION_APPEARANCES			guest_only_RF	2383	1.2356114885783338	0.31521909405403037	0.58064522668982321	DEFINED	DEFINED
model_split_aggregate	guest_cold	ALL_EVALUATION_APPEARANCES			cond_only_RF	2383	1.4563609159668716	0.13024778276314797	0.32841229822057882	DEFINED	DEFINED
model_split_aggregate	guest_cold	ALL_EVALUATION_APPEARANCES			source_only_RF	2383	1.5216752729680185	0.080967879929798259	0.081251467211917464	DEFINED	DEFINED
model_split_aggregate	double_cold	ALL_EVALUATION_APPEARANCES			PAIR_RF	1716	1.1846077185573123	0.37968624975862153	0.64266304976965538	DEFINED	DEFINED
model_split_aggregate	double_cold	ALL_EVALUATION_APPEARANCES			ECFP_RF	1716	1.3181499420446532	0.21229366164659147	0.52094143216376143	DEFINED	DEFINED
model_split_aggregate	double_cold	ALL_EVALUATION_APPEARANCES			XGB_pair	1716	1.2224482879963094	0.31973605446442288	0.60170788056252766	DEFINED	DEFINED
model_split_aggregate	double_cold	ALL_EVALUATION_APPEARANCES			XGB_ecfp	1716	1.3042521686108657	0.23163279176076224	0.53426134961221183	DEFINED	DEFINED
model_split_aggregate	double_cold	ALL_EVALUATION_APPEARANCES			LGBM_pair	1716	1.2349750892947007	0.30190883149952941	0.58779934596149186	DEFINED	DEFINED
model_split_aggregate	double_cold	ALL_EVALUATION_APPEARANCES			LGBM_ecfp	1716	1.3544296740735076	0.18167848283949184	0.52931229479211483	DEFINED	DEFINED
model_split_aggregate	double_cold	ALL_EVALUATION_APPEARANCES			3D_pair_RF	1716	1.1691565804215076	0.37493350023264382	0.64796450385251136	DEFINED	DEFINED
model_split_aggregate	double_cold	ALL_EVALUATION_APPEARANCES			sim_knn_k5	1716	1.431590841635888	0.044479853042175499	0.46467287616065789	DEFINED	DEFINED
model_split_aggregate	double_cold	ALL_EVALUATION_APPEARANCES			additive	1716	1.4152806318785147	0.15232926548835146	0.5897706133059839	DEFINED	DEFINED
model_split_aggregate	double_cold	ALL_EVALUATION_APPEARANCES			host_only_RF	1716	1.4703559784438571	0.13557714616777461	0.46300495762464156	DEFINED	DEFINED
model_split_aggregate	double_cold	ALL_EVALUATION_APPEARANCES			guest_only_RF	1716	1.3816105699779215	0.15987396598321535	0.45495306308887856	DEFINED	DEFINED
model_split_aggregate	double_cold	ALL_EVALUATION_APPEARANCES			cond_only_RF	1716	1.5528411518522296	-0.020851844906564887	0.10763094061342449	DEFINED	DEFINED
model_split_aggregate	double_cold	ALL_EVALUATION_APPEARANCES			source_only_RF	1716	1.5662019685304176	-0.022306219992873189	-0.071211861649219624	DEFINED	DEFINED
