omitted_block_a,omitted_block_b,remaining_block_count,unweighted_mean_delta_R2
0,1,10,0.07577001177801242
0,2,10,0.09126204826955399
0,3,10,0.08131159688400737
0,4,10,0.08231917648026295
0,5,10,0.07961086631521533
0,6,10,0.0939812925587196
0,7,10,0.09488396970921728
0,8,10,0.09813922756774557
0,9,10,0.09623474502488241
0,10,10,0.09124915831897917
0,11,10,0.08673762111193989
1,2,10,0.08678001062586806
1,3,10,0.07682955924032144
1,4,10,0.07783713883657702
1,5,10,0.0751288286715294
1,6,10,0.08949925491503367
1,7,10,0.09040193206553135
1,8,10,0.09365718992405964
1,9,10,0.09175270738119648
1,10,10,0.08676712067529324
1,11,10,0.08225558346825396
2,3,10,0.09232159573186301
2,4,10,0.09332917532811859
2,5,10,0.09062086516307097
2,6,10,0.10499129140657523
2,7,10,0.10589396855707292
2,8,10,0.10914922641560121
2,9,10,0.10724474387273805
2,10,10,0.1022591571668348
2,11,10,0.09774761995979553
3,4,10,0.08337872394257197
3,5,10,0.08067041377752435
3,6,10,0.09504084002102862
3,7,10,0.0959435171715263
3,8,10,0.09919877503005459
3,9,10,0.09729429248719143
3,10,10,0.09230870578128819
3,11,10,0.08779716857424891
4,5,10,0.08167799337377993
4,6,10,0.0960484196172842
4,7,10,0.09695109676778188
4,8,10,0.10020635462631015
4,9,10,0.09830187208344701
4,10,10,0.09331628537754377
4,11,10,0.08880474817050449
5,6,10,0.09334010945223659
5,7,10,0.09424278660273425
5,8,10,0.09749804446126255
5,9,10,0.09559356191839939
5,10,10,0.09060797521249615
5,11,10,0.08609643800545687
6,7,10,0.10861321284623852
6,8,10,0.11186847070476684
6,9,10,0.10996398816190367
6,10,10,0.10497840145600043
6,11,10,0.10046686424896115
7,8,10,0.11277114785526447
7,9,10,0.11086666531240134
7,10,10,0.10588107860649809
7,11,10,0.10136954139945882
8,9,10,0.11412192317092962
8,10,10,0.1091363364650264
8,11,10,0.10462479925798711
9,10,10,0.10723185392216324
9,11,10,0.10272031671512397
10,11,10,0.09773473000922071
