phase	block	n_original	n_appearances	n_removed	pair_r2	best_null	best_null_r2	delta	status	undefined_models
baseline	0	100	100	0	0.2716551324891181	cond_only_RF	0.1026759126875656	0.1689792198015525	FINITE	source_only_RF:UNDEFINED_SOURCE_NEAR_CONSTANT
baseline	1	128	128	0	0.516502991311361	guest_only_RF	0.3027033950729492	0.21379959623841183	FINITE	source_only_RF:UNDEFINED_SOURCE_NEAR_CONSTANT
baseline	2	244	244	0	0.35791058699643397	host_only_RF	0.29903135567343786	0.058879231322996106	FINITE	source_only_RF:UNDEFINED_SOURCE_NEAR_CONSTANT
baseline	3	165	165	0	0.22093748719673378	host_only_RF	0.06255374201827146	0.15838374517846232	FINITE	source_only_RF:UNDEFINED_SOURCE_NEAR_CONSTANT
baseline	4	170	170	0	0.4042446901327511	sim_knn_k5	0.2559367409168446	0.1483079492159065	FINITE	source_only_RF:UNDEFINED_SOURCE_NEAR_CONSTANT
baseline	5	197	197	0	0.4988475814451757	sim_knn_k5	0.323456530578793	0.17539105086638274	FINITE	source_only_RF:UNDEFINED_SOURCE_NEAR_CONSTANT
baseline	6	159	159	0	0.47912751528930386	additive	0.447440726857964	0.031686788431339874	FINITE	source_only_RF:UNDEFINED_SOURCE_NEAR_CONSTANT
baseline	7	76	76	0	0.2908190120522628	sim_knn_k5	0.2681589951258996	0.022660016926363213	FINITE	source_only_RF:UNDEFINED_SOURCE_NEAR_CONSTANT
baseline	8	232	232	0	0.47423224160293664	sim_knn_k5	0.48412480326185636	-0.009892561658919719	FINITE	source_only_RF:UNDEFINED_SOURCE_NEAR_CONSTANT
baseline	9	107	107	0	0.27140130651313943	sim_knn_k5	0.26224904274342764	0.009152263769711788	FINITE	source_only_RF:UNDEFINED_SOURCE_NEAR_CONSTANT
baseline	10	195	195	0	0.3862809478412109	additive	0.3272728170124667	0.05900813082874423	FINITE	source_only_RF:UNDEFINED_SOURCE_NEAR_CONSTANT
baseline	11	211	211	0	0.4647570612106363	sim_knn_k5	0.36063355831149924	0.10412350289913708	FINITE	source_only_RF:UNDEFINED_SOURCE_NEAR_CONSTANT
excluded_37_appearances	0	100	93	7	0.2605428836894601	cond_only_RF	0.1365604669011855	0.1239824167882746	FINITE	source_only_RF:UNDEFINED_SOURCE_NEAR_CONSTANT
excluded_37_appearances	1	128	128	0	0.516502991311361	guest_only_RF	0.3027033950729492	0.21379959623841183	FINITE	source_only_RF:UNDEFINED_SOURCE_NEAR_CONSTANT
excluded_37_appearances	2	244	240	4	0.35758244449854126	host_only_RF	0.29605186895384683	0.06153057554469443	FINITE	source_only_RF:UNDEFINED_SOURCE_NEAR_CONSTANT
excluded_37_appearances	3	165	164	1	0.22977985411071133	host_only_RF	0.07554908087159473	0.1542307732391166	FINITE	source_only_RF:UNDEFINED_SOURCE_NEAR_CONSTANT
excluded_37_appearances	4	170	168	2	0.40402408096018305	sim_knn_k5	0.2644451401209519	0.13957894083923117	FINITE	source_only_RF:UNDEFINED_SOURCE_NEAR_CONSTANT
excluded_37_appearances	5	197	197	0	0.4988475814451757	sim_knn_k5	0.323456530578793	0.17539105086638274	FINITE	source_only_RF:UNDEFINED_SOURCE_NEAR_CONSTANT
excluded_37_appearances	6	159	159	0	0.47912751528930386	additive	0.447440726857964	0.031686788431339874	FINITE	source_only_RF:UNDEFINED_SOURCE_NEAR_CONSTANT
excluded_37_appearances	7	76	75	1	0.29574043980688314	sim_knn_k5	0.26710018270856306	0.028640257098320077	FINITE	source_only_RF:UNDEFINED_SOURCE_NEAR_CONSTANT
excluded_37_appearances	8	232	223	9	0.48860571975343914	sim_knn_k5	0.5028233891723796	-0.014217669418940426	FINITE	source_only_RF:UNDEFINED_SOURCE_NEAR_CONSTANT
excluded_37_appearances	9	107	105	2	0.2650596440689603	sim_knn_k5	0.26524724182895765	-0.00018759775999732664	FINITE	source_only_RF:UNDEFINED_SOURCE_NEAR_CONSTANT
excluded_37_appearances	10	195	186	9	0.3766447914618415	additive	0.3167462965421005	0.059898494919740974	FINITE	source_only_RF:UNDEFINED_SOURCE_NEAR_CONSTANT
excluded_37_appearances	11	211	209	2	0.46398502057410973	sim_knn_k5	0.3618972474676708	0.1020877731064389	FINITE	source_only_RF:UNDEFINED_SOURCE_NEAR_CONSTANT
