block	row_index	host_id	guest_id
0	422	8	326
0	748	45	520
0	964	108	477
0	1020	8	477
0	1105	94	477
0	1839	55	18
0	1943	63	18
2	480	14	126
2	623	64	454
2	1282	11	781
2	1454	64	781
3	1454	64	781
4	595	69	437
4	1292	69	437
7	532	108	397
8	386	82	126
8	616	69	126
8	1093	30	126
8	1265	1	126
8	1441	69	126
8	1611	1	897
8	1758	52	126
8	2156	99	126
8	2226	188	897
9	43	28	43
9	1112	23	477
10	148	63	126
10	616	69	126
10	1265	1	126
10	1363	87	808
10	1441	69	126
10	1758	52	126
10	1910	1	397
10	2156	99	126
10	2221	188	397
11	264	83	220
11	959	11	43
