phase	block	model	n_appearances	r2	status
baseline	0	PAIR_RF	100	0.2716551324891181	FINITE
baseline	0	additive	100	-0.08823488100461674	FINITE
baseline	0	host_only_RF	100	-0.10511746347030693	FINITE
baseline	0	guest_only_RF	100	0.05234481582204453	FINITE
baseline	0	cond_only_RF	100	0.1026759126875656	FINITE
baseline	0	source_only_RF	100	UNDEFINED	UNDEFINED_SOURCE_NEAR_CONSTANT
baseline	0	sim_knn_k5	100	-0.6822797495915627	FINITE
baseline	1	PAIR_RF	128	0.516502991311361	FINITE
baseline	1	additive	128	0.016879450905755933	FINITE
baseline	1	host_only_RF	128	0.018799330476842346	FINITE
baseline	1	guest_only_RF	128	0.3027033950729492	FINITE
baseline	1	cond_only_RF	128	0.0029075540460056226	FINITE
baseline	1	source_only_RF	128	UNDEFINED	UNDEFINED_SOURCE_NEAR_CONSTANT
baseline	1	sim_knn_k5	128	0.3021102456406931	FINITE
baseline	2	PAIR_RF	244	0.35791058699643397	FINITE
baseline	2	additive	244	0.24911608715602684	FINITE
baseline	2	host_only_RF	244	0.29903135567343786	FINITE
baseline	2	guest_only_RF	244	0.09566842694018396	FINITE
baseline	2	cond_only_RF	244	-0.16688768259620468	FINITE
baseline	2	source_only_RF	244	UNDEFINED	UNDEFINED_SOURCE_NEAR_CONSTANT
baseline	2	sim_knn_k5	244	0.26215952027033773	FINITE
baseline	3	PAIR_RF	165	0.22093748719673378	FINITE
baseline	3	additive	165	-1.2595917915297412	FINITE
baseline	3	host_only_RF	165	0.06255374201827146	FINITE
baseline	3	guest_only_RF	165	-1.2474929323172121	FINITE
baseline	3	cond_only_RF	165	-0.626752973650553	FINITE
baseline	3	source_only_RF	165	UNDEFINED	UNDEFINED_SOURCE_NEAR_CONSTANT
baseline	3	sim_knn_k5	165	-0.2123143011616846	FINITE
baseline	4	PAIR_RF	170	0.4042446901327511	FINITE
baseline	4	additive	170	0.02799842525048457	FINITE
baseline	4	host_only_RF	170	0.027769668280672066	FINITE
baseline	4	guest_only_RF	170	0.23049658468071854	FINITE
baseline	4	cond_only_RF	170	-0.10345524612619283	FINITE
baseline	4	source_only_RF	170	UNDEFINED	UNDEFINED_SOURCE_NEAR_CONSTANT
baseline	4	sim_knn_k5	170	0.2559367409168446	FINITE
baseline	5	PAIR_RF	197	0.4988475814451757	FINITE
baseline	5	additive	197	0.3036509538929191	FINITE
baseline	5	host_only_RF	197	0.26014689177465056	FINITE
baseline	5	guest_only_RF	197	0.15621101559627282	FINITE
baseline	5	cond_only_RF	197	-0.08304165371058891	FINITE
baseline	5	source_only_RF	197	UNDEFINED	UNDEFINED_SOURCE_NEAR_CONSTANT
baseline	5	sim_knn_k5	197	0.323456530578793	FINITE
baseline	6	PAIR_RF	159	0.47912751528930386	FINITE
baseline	6	additive	159	0.447440726857964	FINITE
baseline	6	host_only_RF	159	0.3075207447311733	FINITE
baseline	6	guest_only_RF	159	0.26133764123547676	FINITE
baseline	6	cond_only_RF	159	-0.05497877339755708	FINITE
baseline	6	source_only_RF	159	UNDEFINED	UNDEFINED_SOURCE_NEAR_CONSTANT
baseline	6	sim_knn_k5	159	0.3264730625573823	FINITE
baseline	7	PAIR_RF	76	0.2908190120522628	FINITE
baseline	7	additive	76	0.0072847599622627435	FINITE
baseline	7	host_only_RF	76	0.1663148579512973	FINITE
baseline	7	guest_only_RF	76	0.004542322049690406	FINITE
baseline	7	cond_only_RF	76	-0.12103441061237219	FINITE
baseline	7	source_only_RF	76	UNDEFINED	UNDEFINED_SOURCE_NEAR_CONSTANT
baseline	7	sim_knn_k5	76	0.2681589951258996	FINITE
baseline	8	PAIR_RF	232	0.47423224160293664	FINITE
baseline	8	additive	232	0.43080689501283587	FINITE
baseline	8	host_only_RF	232	0.2876378088808458	FINITE
baseline	8	guest_only_RF	232	0.23798244135162538	FINITE
baseline	8	cond_only_RF	232	-0.13038457980876506	FINITE
baseline	8	source_only_RF	232	UNDEFINED	UNDEFINED_SOURCE_NEAR_CONSTANT
baseline	8	sim_knn_k5	232	0.48412480326185636	FINITE
baseline	9	PAIR_RF	107	0.27140130651313943	FINITE
baseline	9	additive	107	0.05212248031737632	FINITE
baseline	9	host_only_RF	107	0.12398201157360478	FINITE
baseline	9	guest_only_RF	107	-0.04056657873693914	FINITE
baseline	9	cond_only_RF	107	-0.014593862803286228	FINITE
baseline	9	source_only_RF	107	UNDEFINED	UNDEFINED_SOURCE_NEAR_CONSTANT
baseline	9	sim_knn_k5	107	0.26224904274342764	FINITE
baseline	10	PAIR_RF	195	0.3862809478412109	FINITE
baseline	10	additive	195	0.3272728170124667	FINITE
baseline	10	host_only_RF	195	0.21391851468151457	FINITE
baseline	10	guest_only_RF	195	0.12608925088246892	FINITE
baseline	10	cond_only_RF	195	-0.1616234291776515	FINITE
baseline	10	source_only_RF	195	UNDEFINED	UNDEFINED_SOURCE_NEAR_CONSTANT
baseline	10	sim_knn_k5	195	0.28453712227667416	FINITE
baseline	11	PAIR_RF	211	0.4647570612106363	FINITE
baseline	11	additive	211	0.29463582413006795	FINITE
baseline	11	host_only_RF	211	0.095867445282658	FINITE
baseline	11	guest_only_RF	211	0.2762277356477799	FINITE
baseline	11	cond_only_RF	211	-0.10587693413687194	FINITE
baseline	11	source_only_RF	211	UNDEFINED	UNDEFINED_SOURCE_NEAR_CONSTANT
baseline	11	sim_knn_k5	211	0.36063355831149924	FINITE
excluded_37_appearances	0	PAIR_RF	93	0.2605428836894601	FINITE
excluded_37_appearances	0	additive	93	-0.12020657821584813	FINITE
excluded_37_appearances	0	host_only_RF	93	-0.1046683349384252	FINITE
excluded_37_appearances	0	guest_only_RF	93	0.049322971955975126	FINITE
excluded_37_appearances	0	cond_only_RF	93	0.1365604669011855	FINITE
excluded_37_appearances	0	source_only_RF	93	UNDEFINED	UNDEFINED_SOURCE_NEAR_CONSTANT
excluded_37_appearances	0	sim_knn_k5	93	-0.7154525808112482	FINITE
excluded_37_appearances	1	PAIR_RF	128	0.516502991311361	FINITE
excluded_37_appearances	1	additive	128	0.016879450905755933	FINITE
excluded_37_appearances	1	host_only_RF	128	0.018799330476842346	FINITE
excluded_37_appearances	1	guest_only_RF	128	0.3027033950729492	FINITE
excluded_37_appearances	1	cond_only_RF	128	0.0029075540460056226	FINITE
excluded_37_appearances	1	source_only_RF	128	UNDEFINED	UNDEFINED_SOURCE_NEAR_CONSTANT
excluded_37_appearances	1	sim_knn_k5	128	0.3021102456406931	FINITE
excluded_37_appearances	2	PAIR_RF	240	0.35758244449854126	FINITE
excluded_37_appearances	2	additive	240	0.25504889031318323	FINITE
excluded_37_appearances	2	host_only_RF	240	0.29605186895384683	FINITE
excluded_37_appearances	2	guest_only_RF	240	0.09667467607262303	FINITE
excluded_37_appearances	2	cond_only_RF	240	-0.17306104957719182	FINITE
excluded_37_appearances	2	source_only_RF	240	UNDEFINED	UNDEFINED_SOURCE_NEAR_CONSTANT
excluded_37_appearances	2	sim_knn_k5	240	0.2649917458913622	FINITE
excluded_37_appearances	3	PAIR_RF	164	0.22977985411071133	FINITE
excluded_37_appearances	3	additive	164	-1.22677949440093	FINITE
excluded_37_appearances	3	host_only_RF	164	0.07554908087159473	FINITE
excluded_37_appearances	3	guest_only_RF	164	-1.2364354167868092	FINITE
excluded_37_appearances	3	cond_only_RF	164	-0.6265328183929981	FINITE
excluded_37_appearances	3	source_only_RF	164	UNDEFINED	UNDEFINED_SOURCE_NEAR_CONSTANT
excluded_37_appearances	3	sim_knn_k5	164	-0.1962704045068362	FINITE
excluded_37_appearances	4	PAIR_RF	168	0.40402408096018305	FINITE
excluded_37_appearances	4	additive	168	0.03680040172429433	FINITE
excluded_37_appearances	4	host_only_RF	168	0.027153665891415213	FINITE
excluded_37_appearances	4	guest_only_RF	168	0.2422144845995826	FINITE
excluded_37_appearances	4	cond_only_RF	168	-0.10445153764101911	FINITE
excluded_37_appearances	4	source_only_RF	168	UNDEFINED	UNDEFINED_SOURCE_NEAR_CONSTANT
excluded_37_appearances	4	sim_knn_k5	168	0.2644451401209519	FINITE
excluded_37_appearances	5	PAIR_RF	197	0.4988475814451757	FINITE
excluded_37_appearances	5	additive	197	0.3036509538929191	FINITE
excluded_37_appearances	5	host_only_RF	197	0.26014689177465056	FINITE
excluded_37_appearances	5	guest_only_RF	197	0.15621101559627282	FINITE
excluded_37_appearances	5	cond_only_RF	197	-0.08304165371058891	FINITE
excluded_37_appearances	5	source_only_RF	197	UNDEFINED	UNDEFINED_SOURCE_NEAR_CONSTANT
excluded_37_appearances	5	sim_knn_k5	197	0.323456530578793	FINITE
excluded_37_appearances	6	PAIR_RF	159	0.47912751528930386	FINITE
excluded_37_appearances	6	additive	159	0.447440726857964	FINITE
excluded_37_appearances	6	host_only_RF	159	0.3075207447311733	FINITE
excluded_37_appearances	6	guest_only_RF	159	0.26133764123547676	FINITE
excluded_37_appearances	6	cond_only_RF	159	-0.05497877339755708	FINITE
excluded_37_appearances	6	source_only_RF	159	UNDEFINED	UNDEFINED_SOURCE_NEAR_CONSTANT
excluded_37_appearances	6	sim_knn_k5	159	0.3264730625573823	FINITE
excluded_37_appearances	7	PAIR_RF	75	0.29574043980688314	FINITE
excluded_37_appearances	7	additive	75	0.00588994947675936	FINITE
excluded_37_appearances	7	host_only_RF	75	0.17228476400141302	FINITE
excluded_37_appearances	7	guest_only_RF	75	0.014125703314182947	FINITE
excluded_37_appearances	7	cond_only_RF	75	-0.1213520845529068	FINITE
excluded_37_appearances	7	source_only_RF	75	UNDEFINED	UNDEFINED_SOURCE_NEAR_CONSTANT
excluded_37_appearances	7	sim_knn_k5	75	0.26710018270856306	FINITE
excluded_37_appearances	8	PAIR_RF	223	0.48860571975343914	FINITE
excluded_37_appearances	8	additive	223	0.4494768024351897	FINITE
excluded_37_appearances	8	host_only_RF	223	0.30834546242134186	FINITE
excluded_37_appearances	8	guest_only_RF	223	0.2459229166135991	FINITE
excluded_37_appearances	8	cond_only_RF	223	-0.1442981758923605	FINITE
excluded_37_appearances	8	source_only_RF	223	UNDEFINED	UNDEFINED_SOURCE_NEAR_CONSTANT
excluded_37_appearances	8	sim_knn_k5	223	0.5028233891723796	FINITE
excluded_37_appearances	9	PAIR_RF	105	0.2650596440689603	FINITE
excluded_37_appearances	9	additive	105	0.04421038197560556	FINITE
excluded_37_appearances	9	host_only_RF	105	0.11965198327598214	FINITE
excluded_37_appearances	9	guest_only_RF	105	-0.049940753014941164	FINITE
excluded_37_appearances	9	cond_only_RF	105	-0.019764346833592406	FINITE
excluded_37_appearances	9	source_only_RF	105	UNDEFINED	UNDEFINED_SOURCE_NEAR_CONSTANT
excluded_37_appearances	9	sim_knn_k5	105	0.26524724182895765	FINITE
excluded_37_appearances	10	PAIR_RF	186	0.3766447914618415	FINITE
excluded_37_appearances	10	additive	186	0.3167462965421005	FINITE
excluded_37_appearances	10	host_only_RF	186	0.21117278640962922	FINITE
excluded_37_appearances	10	guest_only_RF	186	0.09964351412451566	FINITE
excluded_37_appearances	10	cond_only_RF	186	-0.1871761471840987	FINITE
excluded_37_appearances	10	source_only_RF	186	UNDEFINED	UNDEFINED_SOURCE_NEAR_CONSTANT
excluded_37_appearances	10	sim_knn_k5	186	0.26622160717108967	FINITE
excluded_37_appearances	11	PAIR_RF	209	0.46398502057410973	FINITE
excluded_37_appearances	11	additive	209	0.29440972084293526	FINITE
excluded_37_appearances	11	host_only_RF	209	0.10118378139903739	FINITE
excluded_37_appearances	11	guest_only_RF	209	0.2758376936471627	FINITE
excluded_37_appearances	11	cond_only_RF	209	-0.10717510770429906	FINITE
excluded_37_appearances	11	source_only_RF	209	UNDEFINED	UNDEFINED_SOURCE_NEAR_CONSTANT
excluded_37_appearances	11	sim_knn_k5	209	0.3618972474676708	FINITE
